name,year,height,lat,lng,address,kaptCode,단지코드,지하주차대수,부대복리시설,accessible
뜰안채주상복합,2007,2.3,36.32760114845799,127.4350615042906,대전광역시 동구 원동 35-3,30110120070691,,,,False
담소루아파트,2018,2.3,36.325701601449445,127.43436936825252,대전광역시 동구 인동 12-5,30110120373709,,,,False
거창빌라,2012,2.3,36.32452626388537,127.43736829854146,대전광역시 동구 인동 14-1,30110220154019,,,,False
참좋은,2010,2.3,36.32337510038328,127.43739799027608,대전광역시 동구 인동 18-1,30110120133626,,,,False
모닝빌,2006,2.3,36.32309039610546,127.43591262888776,대전광역시 동구 인동 29-2,30110120050288,,,,False
금실빌라(A동),1993,2.3,36.32065615352268,127.43731163982956,대전광역시 동구 인동 44-1,30110312131501,,,,False
금실빌라(B동),1993,2.3,36.32061333334308,127.4371649879916,대전광역시 동구 인동 44-3,30110312131502,,,,False
인흥상가아파트,1977,2.3,36.322306114896,127.43629302391984,대전광역시 동구 인동 53-1,30110200442458,,,,False
성광주택,2016,2.3,36.32230130211204,127.43711235545544,대전광역시 동구 인동 54-8,30110320343050,,,,False
부성한울,2003,2.3,36.32400135191199,127.43516628446775,대전광역시 동구 인동 73-1,30110100050862,,,,False
구룡아트빌,2005,2.3,36.32530047859655,127.43457104681198,대전광역시 동구 인동 77-1,30110120020618,,,,False
힐링타운도시형주택,2022,2.7 (검증필요),36.32458592309892,127.43495520022142,대전광역시 동구 인동 77-6,30110120439058,,,,False
구룡빌라A동,2002,2.3,36.32514979962588,127.43491600484536,대전광역시 동구 인동 77-99,30110312131504,,,,False
구룡빌라B동,2002,2.3,36.32506378281961,127.43469413140238,대전광역시 동구 인동 77-100,30110312131505,,,,False
구룡시티빌,2013,2.3,36.3251050699413,127.43430859586148,대전광역시 동구 인동 78-1,30110120176742,,,,False
세강듀오빌,2004,2.3,36.32454496420023,127.4345542724788,대전광역시 동구 인동 78-4,30110100219441,A10022215,,None,False
대호아파트,2017,2.3,36.32550819258175,127.43413926072448,대전광역시 동구 인동 82-6,30110120350433,,,,False
진호월드빌라,1992,2.3,36.32062549761841,127.43939981815836,대전광역시 동구 인동 165-2,30110212131507,,,,False
현대,1987,2.3,36.319677699276426,127.44010983373656,대전광역시 동구 인동 179-1,30110100010979,A12208105,119.0,"관리사무소, 노인정, 어린이놀이터, 자전거보관소",Needs Review
어진마을,2007,2.3,36.32121803293815,127.44217671629843,대전광역시 동구 인동 353,30110120066160,A30002004,415.0,"관리사무소, 노인정, 보육시설, 주민공동시설, 어린이놀이터, 유치원, 자전거보관소",Needs Review
효동현대,1998,2.3,36.31805498598626,127.44067004484582,대전광역시 동구 효동 135-1,30110100010980,A30078301,572.0,"관리사무소, 노인정, 보육시설, 어린이놀이터, 자전거보관소",Needs Review
맘모스주택(가나동),1997,2.3,36.31468170682671,127.4401054220324,대전광역시 동구 효동 289-12,30110312131519,,,,False
맘모스주택(다동),1998,2.3,36.31447367555562,127.4400961700222,대전광역시 동구 효동 289-14,30110312131520,,,,False
성우빌리지(가동),1998,2.3,36.309591688761714,127.44975513653972,대전광역시 동구 천동 65-8,30110312131532,,,,False
성우빌리지(나동),1998,2.3,36.30977988471615,127.44964482590412,대전광역시 동구 천동 65-17,30110312131534,,,,False
홍익,2000,2.3,36.31093999097239,127.44720039830366,대전광역시 동구 천동 71-14,30110100010983,,,,False
덕림빌라,1991,2.3,36.31268014108856,127.44560613671464,대전광역시 동구 천동 76-17,30110312131536,,,,False
대선하우스빌,2019,2.3,36.31218940627432,127.44593589539464,대전광역시 동구 천동 76-166,30110320392165,,,,False
진주빌라,1992,2.3,36.31495092842383,127.4449298106493,대전광역시 동구 천동 87-1,30110312131537,,,,False
은혜주택,1986,2.3,36.31372247194872,127.44230315171012,대전광역시 동구 천동 108,30110212131538,,,,False
리더스시티4BL,2024,2.7 (검증필요),36.33719505592735,127.48829579094436,대전광역시 동구 천동 173,30110120452064,A10022472,1491.0,"관리사무소, 노인정, 보육시설, 문고, 주민공동시설, 어린이놀이터, 커뮤니티공간, 자전거보관소",True
휴먼시아2단지,2008,2.3,36.3148439018785,127.44927740829615,대전광역시 동구 천동 528,30110120108044,,,,False
휴먼시아1단지,2008,2.3,36.31464064269031,127.44691757286957,대전광역시 동구 천동 529,30110120113306,,,,False
위드힐,2013,2.3,36.31551941736903,127.44287628928704,대전광역시 동구 천동 540,30110120179265,A30077702,1021.0,"관리사무소, 노인정, 보육시설, 문고, 어린이놀이터, 휴게시설, 자전거보관소, 기타",Needs Review
세종빌4,2020,2.3,36.308449990501806,127.45330191578856,대전광역시 동구 가오동 131,30110220413169,,,,False
신안빌라,1993,2.3,36.30864276377301,127.45294716449314,대전광역시 동구 가오동 132-3,30110312131540,,,,False
프로방스빌리지,2016,2.3,36.309498413301455,127.45337894688592,대전광역시 동구 가오동 134,30110220336386,,,,False
가오동팰리스힐,2020,2.3,36.30923006083799,127.45175920507654,대전광역시 동구 가오동 140-16,30110320413263,,,,False
고센빌리지,2013,2.3,36.30817116480243,127.45417886019,대전광역시 동구 가오동 155,30110320182973,,,,False
화이트빌,2014,2.3,36.30850983033774,127.45488237422344,대전광역시 동구 가오동 157-7,30110320296257,A46381002,436.0,"관리사무소, 노인정, 어린이놀이터, 휴게시설, 자전거보관소",Needs Review
예오름아파트,2016,2.3,36.30836457806826,127.45461552385152,대전광역시 동구 가오동 158,30110120337439,,,,False
주공(210),1985,2.3,36.30703289529954,127.45293079042604,대전광역시 동구 가오동 210,30110100010986,A46771202,192.0,"관리사무소, 노인정, 보육시설, 어린이놀이터",Needs Review
유성3동,1990,2.3,36.30724745443666,127.45180693724072,대전광역시 동구 가오동 230,30110100010985,,,,False
금실빌라A,1997,2.3,36.30543897567243,127.45199494180522,대전광역시 동구 가오동 237-1,30110312131545,,,,False
진성주택,1992,2.3,36.30504494115983,127.45268697907689,대전광역시 동구 가오동 237-7,30110312131546,,,,False
성하빌라A,1997,2.3,36.305299001445405,127.45184443684929,대전광역시 동구 가오동 237-65,30110312131547,,,,False
금실빌라B,1997,2.3,36.30524149360264,127.45223733172172,대전광역시 동구 가오동 237-66,30110312131548,,,,False
성하빌라B,1997,2.3,36.30515039962084,127.45199847255071,대전광역시 동구 가오동 237-67,30110312131549,,,,False
유니온주택(가나),1994,2.3,36.3032009657538,127.45624634167632,대전광역시 동구 가오동 354-4,30110312131550,,,,False
유니온주택(다라),1994,2.3,36.3030983323848,127.4564104959255,대전광역시 동구 가오동 355-3,30110312131551,,,,False
대호아파트,2017,2.3,36.303229007644376,127.45418958134806,대전광역시 동구 가오동 374-7,30110220359243,,,,False
대호해맑음,2020,2.3,36.3027466618358,127.4550732276385,대전광역시 동구 가오동 374-44,30110320414828,,,,False
크로바빌라트,1995,2.3,36.30635745183029,127.45121908745742,대전광역시 동구 가오동 386-5,30110212131553,,,,False
화이트타운,2021,2.7 (검증필요),36.30871517656777,127.4520332399095,대전광역시 동구 가오동 402-3,30110220429508,,,,False
덕산빌라,1993,2.3,36.30661814279021,127.4510598591466,대전광역시 동구 가오동 407-64,30110312131555,,,,False
화이트타운5차,2019,2.3,36.30158591372805,127.45569713407616,대전광역시 동구 가오동 420-7,30110220383376,,,,False
대호하이츠,2015,2.3,36.30224115438845,127.4550763134528,대전광역시 동구 가오동 420-10,30110320311530,,,,False
대호아파트(420-11),2015,2.3,36.3019071928653,127.45549218330558,대전광역시 동구 가오동 420-11,30110120330208,,,,False
대호하이츠(420-15),2015,2.3,36.30208210811543,127.45527446415552,대전광역시 동구 가오동 420-15,30110220312484,,,,False
카멜리아,2011,2.3,36.30995539287211,127.45570768454562,대전광역시 동구 가오동 495,30110320141949,,,,False
은어송마을3단지(가오아이파크),2006,2.3,36.31106714164993,127.46029652787834,대전광역시 동구 가오동 496,30110120050574,A30005006,798.0,"관리사무소, 노인정, 보육시설, 문고, 주민공동시설, 어린이놀이터, 휴게시설, 커뮤니티공간, 자전거보관소, 기타",Needs Review
은어송마을6단지(풍림2차),2007,2.3,36.3096118377252,127.45705730350072,대전광역시 동구 가오동 497,30110120073247,A30005002,477.0,"관리사무소, 노인정, 어린이놀이터, 자전거보관소",Needs Review
은어송마을4단지(주공),2007,2.3,36.30983851051991,127.4617951744582,대전광역시 동구 가오동 555,30110120086412,A30005001,132.0,None,Needs Review
은어송마을5단지(우미린),2007,2.3,36.30828458492468,127.45974950966632,대전광역시 동구 가오동 556,30110120064741,,,,False
은어송마을7단지,2016,2.3,36.30460985803808,127.45910522525372,대전광역시 동구 가오동 559,30110220343051,,,,False
수팰리스,2020,2.3,36.306909365334405,127.45562417331227,대전광역시 동구 가오동 596,30110120400740,,,,False
두둥실,2013,2.3,36.30649529760911,127.45579472646484,대전광역시 동구 가오동 607,30110120171128,,,,False
은어송마을1단지(풍림아이원),2007,2.3,36.304762274997785,127.45728251065638,대전광역시 동구 가오동 658,30110120070903,A30005005,634.0,"관리사무소, 노인정, 보육시설, 주민공동시설",Needs Review
대연빌1동,2021,2.7 (검증필요),36.30823055364366,127.45432225673366,대전광역시 동구 가오동 728,30110320418870,,,,False
대연빌2동,2021,2.7 (검증필요),36.30817038605652,127.45440210767872,대전광역시 동구 가오동 729,30110320419021,,,,False
원창주택,1994,2.3,36.32279883361093,127.44601610278464,대전광역시 동구 신흥동 15-9,30110312131559,,,,False
아르떼빌2,2018,2.3,36.32263503650181,127.44732359154476,대전광역시 동구 신흥동 18-1,30110320365549,,,,False
"대호거상201,202동",1991,2.3,36.322300616445816,127.44765491619586,대전광역시 동구 신흥동 18-4,30110312131560,,,,False
대호거상205동,1991,2.3,36.32205460588378,127.4476744727996,대전광역시 동구 신흥동 18-6,30110312131561,,,,False
대호거상203동,1991,2.3,36.32210785492029,127.44755755813684,대전광역시 동구 신흥동 18-7,30110312131562,,,,False
아르떼빌,2016,2.3,36.321535731588746,127.44724600009292,대전광역시 동구 신흥동 20-3,30110320343392,,,,False
솔레일빌,2019,2.3,36.3210603900348,127.44695747095577,대전광역시 동구 신흥동 21-4,30110220388504,,,,False
그린빌라,2002,2.3,36.32102646111599,127.44819081290493,대전광역시 동구 신흥동 22-2,30110312131563,A15271602,0.0,"관리사무소, 노인정, 보육시설, 문고, 주민공동시설, 어린이놀이터, 휴게시설, 유치원, 커뮤니티공간, 자전거보관소, 기타",False
대호거상206동,1991,2.3,36.321602432162095,127.448152106167,대전광역시 동구 신흥동 23-2,30110312131564,,,,False
대호거상207동,1991,2.3,36.32153896383501,127.44829547052149,대전광역시 동구 신흥동 23-10,30110312131565,,,,False
"대호거상108,109동",1991,2.3,36.3219747143914,127.44818998565104,대전광역시 동구 신흥동 24-1,30110312131566,,,,False
"대호거상106,107동",1991,2.3,36.32187513564149,127.44827347685336,대전광역시 동구 신흥동 24-2,30110312131567,,,,False
"대호거상103,105동",1991,2.3,36.32182484677583,127.44838751511791,대전광역시 동구 신흥동 24-8,30110312131568,,,,False
"대호거상101,102동",1999,2.3,36.32177240266441,127.4484998716756,대전광역시 동구 신흥동 24-9,30110312131569,,,,False
"대호거상110,111동",1991,2.3,36.32200018413792,127.44806910320725,대전광역시 동구 신흥동 24-11,30110312131570,,,,False
신흥마을주공,2006,2.3,36.32051083774223,127.44510271790269,대전광역시 동구 신흥동 212,30110120040574,A30011001,364.0,"관리사무소, 노인정, 문고, 주민공동시설, 어린이놀이터, 자전거보관소",Needs Review
이스트시티2단지,2018,2.3,36.32341390462656,127.43991104569596,대전광역시 동구 신흥동 262,30110120376019,A10025986,711.0,"관리사무소, 노인정, 보육시설, 문고, 어린이놀이터, 자전거보관소",Needs Review
신흥SKVIEW,2022,2.7 (검증필요),36.32452541334804,127.44254932013972,대전광역시 동구 신흥동 264,30110120435492,,,,False
주공1,1990,2.3,36.31599970883751,127.4633467700288,대전광역시 동구 판암동 178,30110100010989,,,,False
주공2,1990,2.3,36.31694193833354,127.46185536969732,대전광역시 동구 판암동 202,30110100010990,,,,False
주공6,1992,2.3,36.32406450946042,127.45819001751022,대전광역시 동구 판암동 233,30110100010992,,,,False
주공5,1992,2.3,36.32243575224719,127.45860021333196,대전광역시 동구 판암동 236,30110100010991,,,,False
주공4,1992,2.3,36.32131651195714,127.46087620234609,대전광역시 동구 판암동 239,30110100219445,,,,False
주공3,1991,2.3,36.316322854992194,127.45825455883244,대전광역시 동구 판암동 314,30110100219447,,,,False
동건빌리지,1996,2.3,36.31551392939152,127.45776716818509,대전광역시 동구 판암동 327,30110212131614,,,,False
자연빌리지,1997,2.3,36.3153431863984,127.45773488535704,대전광역시 동구 판암동 327-2,30110212131615,,,,False
방주아파트,1998,2.3,36.31542042099518,127.45871162630183,대전광역시 동구 판암동 328,30110100010988,A10022892,58.0,"관리사무소, 어린이놀이터, 자전거보관소",Needs Review
한울빌라,1993,2.3,36.31480606090335,127.45970393694938,대전광역시 동구 판암동 333-16,30110312131617,,,,False
참좋은,2010,2.3,36.314767094374936,127.460788225108,대전광역시 동구 판암동 335-7,30110120132734,,,,False
(380-9),1979,2.3,36.31452897943312,127.4586513258746,대전광역시 동구 판암동 380-9,30110312131618,,,,False
복음주택,1980,2.3,36.31490474836225,127.45760236348012,대전광역시 동구 판암동 385-1,30110312131619,,,,False
신광주택A동,1992,2.3,36.31503817668619,127.45868611932744,대전광역시 동구 판암동 385-16,30110318209690,,,,False
신광주택B동,1993,2.3,36.31497422858872,127.45884475242843,대전광역시 동구 판암동 385-17,30110318209700,,,,False
신광주택C동,1993,2.3,36.31496412612603,127.458983757224,대전광역시 동구 판암동 385-19,30110318209710,,,,False
(387-1),1981,2.3,36.31482112063743,127.4578495269204,대전광역시 동구 판암동 387-1,30110312131620,,,,False
판암(395-22),1987,2.3,36.31300253691855,127.45852815231429,대전광역시 동구 판암동 395-22,30110312131621,,,,False
샛별주택,1981,2.3,36.3133544581309,127.45793279108484,대전광역시 동구 판암동 397-8,30110312131622,,,,False
미리내아파트,1999,2.3,36.31564605523944,127.4548245770494,대전광역시 동구 판암동 460,30110100010987,,,,False
맘모스주택A동,1996,2.3,36.31811717543857,127.4562721020006,대전광역시 동구 판암동 490,30110312131624,,,,False
맘모스주택B동,1997,2.3,36.31781111500905,127.4563096362669,대전광역시 동구 판암동 490-46,30110312131625,,,,False
선익빌라1동,1991,2.3,36.31807678928547,127.45485666260052,대전광역시 동구 판암동 494-1,30110312131626,,,,False
선익빌라2동,1991,2.3,36.31796444180272,127.45488894569392,대전광역시 동구 판암동 494-39,30110312131627,,,,False
현대빌라,1992,2.3,36.31794005158996,127.45459069390192,대전광역시 동구 판암동 494-47,30110312131628,,,,False
판교빌라(496-9),1996,2.3,36.31922825041608,127.45269377831792,대전광역시 동구 판암동 496-9,30110312131629,,,,False
(498-1),1980,2.3,36.31905112076281,127.45216641429946,대전광역시 동구 판암동 498-1,30110312131630,,,,False
판교빌라(509-6),1996,2.3,36.32071395055723,127.4535964177191,대전광역시 동구 판암동 509-6,30110312131631,,,,False
판교빌라(C동),1996,2.3,36.32053017979071,127.45328796711772,대전광역시 동구 판암동 509-10,30110312131632,,,,False
동우빌라,1992,2.3,36.321953181233454,127.4490805000856,대전광역시 동구 판암동 549-10,30110312131633,,,,False
구룡빌라,1994,2.3,36.32152247404015,127.44883213904887,대전광역시 동구 판암동 550-9,30110312131634,,,,False
해오름빌,2017,2.3,36.321149960201495,127.44921251536692,대전광역시 동구 판암동 551-1,30110320350737,,,,False
현강빌라,1996,2.3,36.32071923310731,127.44897286875248,대전광역시 동구 판암동 552-5,30110312131635,,,,False
한밭하이츠(552-8),1994,2.3,36.32059945551956,127.44847494257866,대전광역시 동구 판암동 552-8,30110312131636,,,,False
파사드빌,2019,2.3,36.32031675929648,127.44865035066871,대전광역시 동구 판암동 552-17,30110320390441,,,,False
한밭하이츠(552-24),1994,2.3,36.32066956798799,127.44871110479735,대전광역시 동구 판암동 552-24,30110312131637,,,,False
한밭하이츠(552-25),1994,2.3,36.32067203565787,127.44888198809376,대전광역시 동구 판암동 552-25,30110312131638,,,,False
한밭하이츠(1동),1994,2.3,36.32043077298036,127.4487118456282,대전광역시 동구 판암동 552-27,30110312131639,,,,False
국민빌라,1991,2.3,36.32137598152155,127.44968890434832,대전광역시 동구 판암동 558-6,30110312131640,,,,False
세진빌라,1993,2.3,36.32174694417374,127.44994007809544,대전광역시 동구 판암동 559-7,30110312131641,,,,False
한울주택,1990,2.3,36.32085365500781,127.45051942254966,대전광역시 동구 판암동 561-7,30110312131642,,,,False
힐링마을,2016,2.3,36.3204112192873,127.45030406812066,대전광역시 동구 판암동 562-7,30110320331521,,,,False
맘모스주택,1995,2.3,36.31989071878466,127.4504572849795,대전광역시 동구 판암동 563-2,30110312131643,,,,False
화이트빌Ⅱ,2015,2.3,36.32010028965962,127.44989300505172,대전광역시 동구 판암동 563-5,30110220322812,,,,False
은혜,1984,2.3,36.32025217816543,127.45115109912544,대전광역시 동구 판암동 565-1,30110212131644,,,,False
동오빌라(568-3),1994,2.3,36.32095211285322,127.4517302556481,대전광역시 동구 판암동 568-3,30110312131645,,,,False
판암스마트빌,2016,2.3,36.3206621487572,127.45193362769406,대전광역시 동구 판암동 568-5,30110320335595,,,,False
동오빌라(568-12),1994,2.3,36.32088330765181,127.45188606251511,대전광역시 동구 판암동 568-12,30110312131646,,,,False
정광빌라,1995,2.3,36.32196230118525,127.45003544655802,대전광역시 동구 판암동 571-7,30110312131647,,,,False
더헤븐빌,2018,2.3,36.32006373460326,127.45247573584004,대전광역시 동구 판암동 573-1,30110320376020,,,,False
동아주택,1990,2.3,36.31978982722343,127.45222207801028,대전광역시 동구 판암동 574-1,30110312131648,,,,False
은혜주택(575-5),1982,2.3,36.31945305841313,127.4513516220575,대전광역시 동구 판암동 575-5,30110212131649,,,,False
은혜주택(575-11),1982,2.3,36.31936348630924,127.4514811181209,대전광역시 동구 판암동 575-11,30110212131650,,,,False
은혜주택(575-12),1982,2.3,36.31928777557272,127.4516467182481,대전광역시 동구 판암동 575-12,30110212131651,,,,False
판암동한내빌리지,2002,2.3,36.32336802226544,127.44826974764534,대전광역시 동구 판암동 773,30110312131652,,,,False
삼정그린코아포레스트(2단지),2018,2.3,36.32070212741668,127.46163810800148,대전광역시 동구 판암동 834,30110120373261,,,,False
삼정그린코아포레스트(1단지),2018,2.3,36.31901157776821,127.45970153297854,대전광역시 동구 판암동 839,30110120373276,,,,False
힐링타운,2021,2.7 (검증필요),36.3235685780576,127.4476030751636,대전광역시 동구 판암동 896,30110120430198,,,,False
삼정빌라,1992,2.3,36.3262897406138,127.47175652495238,대전광역시 동구 삼정동 98-1,30110312131653,,,,False
(189-18),1984,2.3,36.32163733227786,127.47080372227552,대전광역시 동구 삼정동 189-18,30110212131654,,,,False
(189-33),1984,2.3,36.3209284699878,127.47055712552546,대전광역시 동구 삼정동 189-33,30110212131655,,,,False
용운주공2단지,1987,2.3,36.329547852750736,127.45419144262786,대전광역시 동구 용운동 147,30110100010997,,,,False
누리전원하우스,2012,2.3,36.32911154628125,127.4578101751889,대전광역시 동구 용운동 166-44,30110320162050,,,,False
야긴3,2017,2.3,36.32979674818222,127.46486615119932,대전광역시 동구 용운동 206-8,30110320347127,,,,False
야긴Ⅱ,2016,2.3,36.329752004642266,127.4651430827204,대전광역시 동구 용운동 206-17,30110320344897,,,,False
야긴Ⅰ,2016,2.3,36.32959096458367,127.4657487643418,대전광역시 동구 용운동 241-3,30110320335978,,,,False
대호빌라,1992,2.3,36.32936170850208,127.46552156895471,대전광역시 동구 용운동 258-5,30110312131658,,,,False
평화아트빌라나동,1994,2.3,36.32883079485208,127.465969902381,대전광역시 동구 용운동 267-1,30110312131659,,,,False
평화아트빌라가동,1994,2.3,36.328807085165664,127.46583820395524,대전광역시 동구 용운동 267-4,30110312131660,,,,False
연흥그린빌라비동,1995,2.3,36.32868950873592,127.46604722435222,대전광역시 동구 용운동 269-1,30110312131661,,,,False
연흥그린빌라에이동,1995,2.3,36.32856778795609,127.46615906965314,대전광역시 동구 용운동 269-5,30110312131662,,,,False
복음타운,1995,2.3,36.32803000397779,127.46730856513284,대전광역시 동구 용운동 274-1,30110212131663,,,,False
용운종합상가(가나동),1988,2.3,36.32766729638367,127.4610112253381,대전광역시 동구 용운동 305-6,30110320065001,,,,False
모리,1998,2.3,36.3231027866813,127.46195906148075,대전광역시 동구 용운동 319-1,30110100010993,,,,False
스카이빌,2001,2.3,36.32331904440525,127.46153462753632,대전광역시 동구 용운동 320,30110318210180,A10021581,49.0,"관리사무소, 자전거보관소, 기타",Needs Review
덕림빌라(가나),1995,2.3,36.32290414811396,127.461316534365,대전광역시 동구 용운동 321,30110312131666,,,,False
덕림빌라(다라),1995,2.3,36.32269620007661,127.4612822170318,대전광역시 동구 용운동 321-2,30110312131667,,,,False
성인빌라4동,1995,2.3,36.32326644128676,127.46098719242023,대전광역시 동구 용운동 324-6,30110312131668,,,,False
성인빌라3동,1995,2.3,36.32332042774681,127.46112542793364,대전광역시 동구 용운동 324-7,30110312131669,,,,False
성인빌라5동,1995,2.3,36.323661496571376,127.46119515153484,대전광역시 동구 용운동 333-1,30110312131670,,,,False
성인빌라2동,1994,2.3,36.323559070488336,127.46139695591182,대전광역시 동구 용운동 335-2,30110312131671,,,,False
성인빌라1동,1994,2.3,36.3233765458268,127.4612860449006,대전광역시 동구 용운동 335-3,30110312131672,,,,False
한내빌라,2001,2.3,36.32345204758327,127.46146183909448,대전광역시 동구 용운동 335-4,30110300442463,,,,False
엘디씨브이원,2022,2.7 (검증필요),36.32703957866339,127.46262832679771,대전광역시 동구 용운동 353-6,30110320439525,,,,False
엘디씨브이투,2022,2.7 (검증필요),36.32699659176112,127.46278048170169,대전광역시 동구 용운동 353-7,30110320439526,,,,False
삼정하이츠,1990,2.3,36.32636238106502,127.45788749164068,대전광역시 동구 용운동 363,30110100010994,A10021902,0.0,None,False
정원,1997,2.3,36.32744177593828,127.45575997093816,대전광역시 동구 용운동 423-15,30110100010995,,,,False
청우아트빌,2003,2.3,36.32838925991216,127.45526517879792,대전광역시 동구 용운동 432-6,30110212131675,,,,False
동양빌라B,1985,2.3,36.328029951571466,127.45352290121582,대전광역시 동구 용운동 451-23,30110312131678,,,,False
동양빌라A,1985,2.3,36.32809447825875,127.4536858324806,대전광역시 동구 용운동 451-24,30110312131679,,,,False
용방마을,2003,2.3,36.32623224454396,127.45336648654371,대전광역시 동구 용운동 460,30110100219450,A30082206,713.0,"관리사무소, 노인정, 보육시설, 문고, 어린이놀이터, 자전거보관소",Needs Review
신아빌라(가나동),1991,2.3,36.32708140064021,127.4555979380016,대전광역시 동구 용운동 462-1,30110312131681,,,,False
삼보빌라,1996,2.3,36.32688685528446,127.45589227932118,대전광역시 동구 용운동 462-3,30110312131682,,,,False
용운스마트빌,2014,2.3,36.32615467344453,127.4553480233107,대전광역시 동구 용운동 465-5,30110320304702,,,,False
맹인촌(505-177),1982,2.3,36.32400809891944,127.44904959999069,대전광역시 동구 용운동 505-177,30110212131688,,,,False
은혜,1984,2.3,36.32428172657373,127.44803629001166,대전광역시 동구 용운동 505-213,30110312131689,,,,False
맹인촌(505-218),1982,2.3,36.324461518440046,127.44916923307518,대전광역시 동구 용운동 505-218,30110212131690,,,,False
마젤란21,2006,2.3,36.33931158198672,127.45848612035056,대전광역시 동구 용운동 598,30110120054609,A30012001,124.0,"관리사무소, 노인정, 어린이놀이터",Needs Review
만경빌,2012,2.3,36.33233431153273,127.455211991396,대전광역시 동구 용운동 686-1,30110320163942,,,,False
한화꿈에그린,2006,2.3,36.33142493963625,127.4568390488668,대전광역시 동구 용운동 703,30110120022821,A40471914,2117.0,"관리사무소, 노인정, 보육시설, 문고, 주민공동시설, 어린이놀이터, 커뮤니티공간, 자전거보관소",Needs Review
e편한세상대전에코포레,2020,2.3,36.32898052470253,127.46376346451568,대전광역시 동구 용운동 783,30110120414919,A10024504,2320.0,"관리사무소, 노인정, 주민공동시설, 어린이놀이터, 휴게시설, 유치원, 커뮤니티공간, 자전거보관소",True
대성,1981,2.3,36.33234497793502,127.44973311588822,대전광역시 동구 대동 1-443,30110312131699,A10020920,,None,False
대동,1989,2.3,36.32996457482878,127.45031723298852,대전광역시 동구 대동 1-505,30110212131700,A40680401,0.0,"관리사무소, 노인정, 주민공동시설, 어린이놀이터",False
진달래(1-535),1995,2.3,36.330074280418415,127.45081497137572,대전광역시 동구 대동 1-535,30110112131701,A30275402,496.0,None,Needs Review
개나리(1-549),1995,2.3,36.330145873222506,127.45110547310672,대전광역시 동구 대동 1-549,30110112131702,A30276504,140.0,"관리사무소, 노인정, 어린이놀이터, 자전거보관소",Needs Review
진달래,1995,2.3,36.32982591429384,127.45075973348509,대전광역시 동구 대동 1-589,30110100011000,A30275402,496.0,None,Needs Review
개나리,1995,2.3,36.32978638414637,127.45095527786012,대전광역시 동구 대동 1-1113,30110100010999,A30276504,140.0,"관리사무소, 노인정, 어린이놀이터, 자전거보관소",Needs Review
삼육빌라,1992,2.3,36.33082515009802,127.44964861595464,대전광역시 동구 대동 5-58,30110312131705,,,,False
제원빌라,1991,2.3,36.33180872934388,127.4494577345905,대전광역시 동구 대동 5-64,30110312131706,,,,False
아성빌라C,1997,2.3,36.33068503258854,127.44984535291024,대전광역시 동구 대동 5-161,30110312131707,,,,False
아성빌라B,1997,2.3,36.33055994981112,127.4497938463204,대전광역시 동구 대동 5-291,30110312131708,,,,False
아성빌라A,1997,2.3,36.330429787482935,127.449761748528,대전광역시 동구 대동 5-293,30110312131709,,,,False
(6-23),1988,2.3,36.33228011455122,127.44755392082864,대전광역시 동구 대동 6-23,30110320400517,,,,False
(7-11),1980,2.3,36.33195987748405,127.44794215386396,대전광역시 동구 대동 7-11,30110312131710,,,,False
(8-17),1980,2.3,36.3316529265069,127.44854048387296,대전광역시 동구 대동 8-17,30110312131711,,,,False
대동빌라(9-10),1995,2.3,36.33120596458117,127.44829699770682,대전광역시 동구 대동 9-10,30110312131712,,,,False
대한,1996,2.3,36.33060657243239,127.44820462149208,대전광역시 동구 대동 13-24,30110218210670,,,,False
경인,1992,2.3,36.33079298927041,127.44944801428448,대전광역시 동구 대동 25-16,30110312131713,,,,False
한밭맨숀,1980,2.3,36.33055602433505,127.44956602039773,대전광역시 동구 대동 26-30,30110312131714,,,,False
대청빌라,1997,2.3,36.3301176393274,127.44986341109092,대전광역시 동구 대동 27-19,30110318210700,,,,False
별장맨션B동,2003,2.3,36.32916178142786,127.45025589878648,대전광역시 동구 대동 28-6,30110212131715,,,,False
별장맨션C동,2002,2.3,36.32942331215423,127.45007289370032,대전광역시 동구 대동 28-22,30110312131716,,,,False
별장맨션A동,2002,2.3,36.328883712810985,127.45020746009313,대전광역시 동구 대동 28-24,30110212131717,,,,False
별장맨션101,2004,2.3,36.32878424096043,127.44982673229556,대전광역시 동구 대동 28-25,30110212131718,,,,False
별장맨션102,2004,2.3,36.32838350700042,127.45002126411114,대전광역시 동구 대동 28-31,30110312131719,,,,False
(58-2),1980,2.3,36.33166742132708,127.44758442728347,대전광역시 동구 대동 58-2,30110312131720,,,,False
경인주택,1991,2.3,36.33140114400642,127.44734022795068,대전광역시 동구 대동 59-2,30110312131721,,,,False
대동A,1981,2.3,36.33089670691119,127.44643225710536,대전광역시 동구 대동 61-27,30110212131722,,,,False
대동C,1981,2.3,36.33096331855407,127.44661579460472,대전광역시 동구 대동 61-56,30110212131723,,,,False
대동B,1981,2.3,36.33107246778498,127.44672046873654,대전광역시 동구 대동 61-57,30110212131724,,,,False
인정빌라,1992,2.3,36.330945908464415,127.44528820943528,대전광역시 동구 대동 76-16,30110312131725,,,,False
궁전빌라(A동),2001,2.3,36.33056221104037,127.44480224297789,대전광역시 동구 대동 77-19,30110312131726,,,,False
궁전빌라(B동),2001,2.3,36.33045043455501,127.44473755186748,대전광역시 동구 대동 77-34,30110312131727,,,,False
대동탑스빌,2004,2.3,36.32914610567608,127.44083797599724,대전광역시 동구 대동 163-13,30110100608752,,,,False
(185-3),1986,2.3,36.32995964197332,127.44531729848752,대전광역시 동구 대동 185-3,30110312131729,,,,False
동남주택,1997,2.3,36.32591739939434,127.4465088038907,대전광역시 동구 대동 197-1,30110218210860,,,,False
국민빌라,1997,2.3,36.32584130095401,127.44665684463014,대전광역시 동구 대동 197-16,30110318210870,,,,False
성정빌라,1997,2.3,36.32415650194672,127.44662311922131,대전광역시 동구 대동 202-11,30110318210880,,,,False
정명빌라,2001,2.3,36.33154555406619,127.441793793566,대전광역시 동구 대동 207-86,30110312131730,,,,False
대동빌라(354-1),1995,2.3,36.325143111993775,127.44848758313157,대전광역시 동구 대동 354-1,30110318210960,,,,False
대동빌라(354-8),1994,2.3,36.32521645143913,127.4483531838304,대전광역시 동구 대동 354-8,30110312131736,,,,False
전원그린빌라,1993,2.3,36.33296849658316,127.44610811867032,대전광역시 동구 대동 359-2,30110312131737,,,,False
AwesomeTower,2013,2.3,36.33283272513528,127.44474485824176,대전광역시 동구 대동 402-4,30110220172554,,,,False
그린하우스(404-4),2002,2.3,36.3320660687357,127.44569079233273,대전광역시 동구 대동 404-4,30110312131738,,,,False
무지개빌라,1995,2.3,36.33234943292047,127.44731798158864,대전광역시 동구 대동 405-1,30110312131739,,,,False
대신새들뫼1단지,2010,2.3,36.327320946442015,127.44237240189504,대전광역시 동구 대동 527,30110120131801,,,,False
대신새들뫼2단지,2010,2.3,36.32637727723903,127.44366207629436,대전광역시 동구 대동 528,30110120129802,,,,False
대동펜타뷰,2011,2.3,36.32736698984689,127.44587333487743,대전광역시 동구 대동 535,30110120144017,,,,False
이스트시티1단지,2018,2.3,36.32631558731268,127.43923464859697,대전광역시 동구 대동 539,30110120381217,A10025925,1270.0,"관리사무소, 노인정, 보육시설, 문고, 주민공동시설, 어린이놀이터, 휴게시설, 커뮤니티공간, 자전거보관소",Needs Review
이엔스빌,2011,2.3,36.33936804824839,127.44856083095982,대전광역시 동구 자양동 48-4,30110320141934,,,,False
청림주택,1991,2.3,36.34002556825961,127.44842875684134,대전광역시 동구 자양동 48-5,30110312131749,,,,False
건양그린빌라(가)동,1994,2.3,36.337797205490034,127.44920413079564,대전광역시 동구 자양동 52-8,30110312131750,,,,False
건양그린빌라(나)동,1994,2.3,36.33773495330648,127.44935593429352,대전광역시 동구 자양동 52-29,30110312131751,,,,False
메트로젠,2010,2.3,36.33670024082421,127.44874480182676,대전광역시 동구 자양동 59-19,30110320133824,,,,False
우송라온가,2010,2.3,36.33528089872178,127.44602298586302,대전광역시 동구 자양동 68-8,30110320126258,,,,False
한양하이츠,2004,2.3,36.33456958365704,127.44767812743709,대전광역시 동구 자양동 74-4,30110312131752,,,,False
명성빌라,1998,2.3,36.33354508833455,127.44754801224356,대전광역시 동구 자양동 76-23,30110312131753,,,,False
건양아트빌라1동,1993,2.3,36.33429672289715,127.44703311088315,대전광역시 동구 자양동 77-6,30110312131754,,,,False
건양아트빌라2동,1993,2.3,36.334256031801225,127.44717379360486,대전광역시 동구 자양동 77-13,30110312131755,,,,False
건양아트빌라3동,1993,2.3,36.334226843687134,127.44731940442256,대전광역시 동구 자양동 77-14,30110312131756,,,,False
럭키빌라1,1991,2.3,36.34030213744959,127.45147619590055,대전광역시 동구 자양동 80-19,30110312131757,,,,False
동산빌라(80-26),1991,2.3,36.34036646085994,127.4516612420794,대전광역시 동구 자양동 80-26,30110312131758,,,,False
럭키빌라3,1991,2.3,36.34013009872181,127.45158544276272,대전광역시 동구 자양동 80-35,30110312131759,,,,False
임광(83-6),1990,2.3,36.34000274019201,127.45098602275988,대전광역시 동구 자양동 83-6,30110100011004,,,,False
해동빌리지(가)동,1996,2.3,36.33864125443972,127.45016105285288,대전광역시 동구 자양동 84-4,30110312131761,,,,False
해동빌리지(나)동,1996,2.3,36.33868567846077,127.4504168041164,대전광역시 동구 자양동 84-33,30110312131762,,,,False
창우아트빌라(가동),1995,2.3,36.33884384777031,127.45072843896632,대전광역시 동구 자양동 85-9,30110312131763,,,,False
대운빌라(85-14),1989,2.3,36.338594220190814,127.45115628833614,대전광역시 동구 자양동 85-14,30110312131764,,,,False
대운빌라(85-36),1989,2.3,36.338655523602185,127.45128832707748,대전광역시 동구 자양동 85-36,30110312131765,,,,False
창우아트빌라(나동),1995,2.3,36.33891908181189,127.45086243163983,대전광역시 동구 자양동 85-40,30110312131766,,,,False
삼창,1989,2.3,36.33912767287691,127.45168444828909,대전광역시 동구 자양동 86-2,30110100011003,,,,False
오성빌라,1991,2.3,36.3397350554212,127.45228354089772,대전광역시 동구 자양동 87-11,30110312131768,,,,False
럭키빌라2,1990,2.3,36.33960702237148,127.45197864648298,대전광역시 동구 자양동 87-13,30110312131769,,,,False
(87-14),1989,2.3,36.33948361354139,127.4520606905285,대전광역시 동구 자양동 87-14,30110312131770,,,,False
부길파크빌라,1997,2.3,36.33807789532755,127.4532863707622,대전광역시 동구 자양동 89-4,30110312131771,,,,False
임광하이츠빌라,1995,2.3,36.33739661757875,127.45100267360608,대전광역시 동구 자양동 92-4,30110312131772,,,,False
임광하이츠101동,1995,2.3,36.33726467023315,127.45098290910474,대전광역시 동구 자양동 92-18,30110212131773,,,,False
평화,1989,2.3,36.33759738533993,127.45065905876088,대전광역시 동구 자양동 93-4,30110100011005,A10021173,47.0,"관리사무소, 노인정, 어린이놀이터, 휴게시설, 자전거보관소",Needs Review
동산빌라(97-14),1992,2.3,36.3362195412485,127.45187463390704,대전광역시 동구 자양동 97-14,30110312131777,,,,False
건우빌라,1989,2.3,36.335863216250274,127.45106573865462,대전광역시 동구 자양동 100-15,30110312131778,,,,False
자양빌라(102-12),1990,2.3,36.33538924986614,127.45030988277288,대전광역시 동구 자양동 102-12,30110312131779,,,,False
평화빌라4동,1991,2.3,36.33601163838237,127.45025223869598,대전광역시 동구 자양동 103-3,30110312131780,,,,False
(103-6),1985,2.3,36.33561897404083,127.44965006781064,대전광역시 동구 자양동 103-6,30110212131781,,,,False
평화빌라3동,1991,2.3,36.33617164984573,127.4501183389362,대전광역시 동구 자양동 103-24,30110312131782,,,,False
평화빌라2동,1991,2.3,36.3360517076726,127.44996299365286,대전광역시 동구 자양동 103-25,30110312131783,,,,False
평화빌라1동,1991,2.3,36.33592268336972,127.44987030220528,대전광역시 동구 자양동 103-26,30110312131784,,,,False
진호타운,1993,2.3,36.33489557554019,127.45167591369024,대전광역시 동구 자양동 109-4,30110312131785,,,,False
동광빌라,1992,2.3,36.33415198861924,127.45175409320018,대전광역시 동구 자양동 109-13,30110318211470,,,,False
호성빌라,1996,2.3,36.33383934804364,127.45184728385571,대전광역시 동구 자양동 110-4,30110318211490,,,,False
무궁화,1985,2.3,36.333623707720776,127.45109499430686,대전광역시 동구 자양동 111-1,30110100011002,A10021585,0.0,"관리사무소, 어린이놀이터, 자전거보관소",False
자양빌라,1996,2.3,36.33299702017406,127.45046395066431,대전광역시 동구 자양동 111-8,30110318211520,,,,False
신우빌라,1996,2.3,36.33343380165853,127.45023492006176,대전광역시 동구 자양동 113-7,30110318211530,A10021809,0.0,"어린이놀이터, 기타",False
태진빌라,1991,2.3,36.33407827982053,127.4501738526732,대전광역시 동구 자양동 114-1,30110318211540,,,,False
궁전빌리지(나동),1996,2.3,36.33367844180516,127.44799720004583,대전광역시 동구 자양동 118-25,30110318211550,,,,False
궁전빌리지(가)동,1996,2.3,36.33354410731478,127.44788065478724,대전광역시 동구 자양동 118-26,30110318211560,,,,False
홍명주택,1979,2.3,36.34425202359705,127.45204042609517,대전광역시 동구 자양동 173-1,30110212131787,,,,False
동아연립(173-2),1979,2.3,36.34396753249493,127.45163808305338,대전광역시 동구 자양동 173-2,30110212131788,,,,False
명진,1991,2.3,36.34399751240055,127.45203547978252,대전광역시 동구 자양동 173-3,30110312131789,,,,False
삼우빌라,1991,2.3,36.34355601966209,127.45107177148424,대전광역시 동구 자양동 173-16,30110312131790,,,,False
그린빌라3동,1994,2.3,36.34310928695797,127.44993834220296,대전광역시 동구 자양동 174-6,30110312131791,,,,False
그린빌라2동,1994,2.3,36.34316673465976,127.45005884952018,대전광역시 동구 자양동 174-7,30110312131792,,,,False
그린빌라1동,1994,2.3,36.3432241820292,127.4501794259675,대전광역시 동구 자양동 174-8,30110312131793,,,,False
청림주택(193-9),1990,2.3,36.34177638113356,127.44999700011604,대전광역시 동구 자양동 193-9,30110312131794,,,,False
"대원빌라가동,나동(195-10)",1988,2.3,36.34033765115208,127.4502491125277,대전광역시 동구 자양동 195-10,30110312131795,,,,False
"대원빌라다동,라동(195-33)",1988,2.3,36.34016193643348,127.45014810415245,대전광역시 동구 자양동 195-33,30110312131796,,,,False
동아아파트(201),1990,2.3,36.34143955135973,127.45203872739457,대전광역시 동구 자양동 201,30110100011001,A50079501,530.0,None,Needs Review
초원빌라,1995,2.3,36.3423817357216,127.45038167543667,대전광역시 동구 자양동 209-3,30110312131798,,,,False
정원빌라,1995,2.3,36.34250923556753,127.4505767096972,대전광역시 동구 자양동 209-4,30110312131799,,,,False
혜원빌라,1995,2.3,36.34253736614514,127.4508132392496,대전광역시 동구 자양동 209-6,30110312131800,,,,False
동성빌라,1986,2.3,36.33494909521677,127.44255036876626,대전광역시 동구 자양동 226-15,30110212131801,,,,False
오페라하우스,2013,2.3,36.33516385592294,127.44442688619944,대전광역시 동구 자양동 237-1,30110320171541,A56015201,284.0,"관리사무소, 주민공동시설, 어린이놀이터, 휴게시설, 자전거보관소",Needs Review
유성빌라(2동),1989,2.3,36.33490774456492,127.4448890874149,대전광역시 동구 자양동 250-2,30110312131802,,,,False
유성빌라6동,1989,2.3,36.33477341148324,127.44498090996665,대전광역시 동구 자양동 250-12,30110212131803,,,,False
유성빌라5동,1989,2.3,36.33485246028226,127.44520456339592,대전광역시 동구 자양동 250-16,30110212131804,,,,False
유성빌라1동,1989,2.3,36.334984895233,127.4450637774554,대전광역시 동구 자양동 250-17,30110312131805,,,,False
유성빌라3동,1989,2.3,36.33459103845588,127.4450882233688,대전광역시 동구 자양동 261-1,30110212131806,,,,False
구룡,1992,2.3,36.33279294338772,127.44409899602556,대전광역시 동구 자양동 275-7,30110312131807,,,,False
우정하이빌,2004,2.3,36.33201239088776,127.44298087577144,대전광역시 동구 자양동 277-1,30110312131808,,,,False
지산빌라,1991,2.3,36.33234066241797,127.4423916565422,대전광역시 동구 자양동 280-2,30110312131809,,,,False
조양빌라,1997,2.3,36.33386732171344,127.4415562493216,대전광역시 동구 소제동 219-32,30110318211840,,,,False
죽향빌라,1994,2.3,36.3329039698983,127.44074334661607,대전광역시 동구 소제동 282-13,30110312131813,,,,False
대구주택,1991,2.3,36.33655059710122,127.43679671467486,대전광역시 동구 소제동 299-74,30110312131814,,,,False
동경빌라,1984,2.3,36.35065039875506,127.44424179141328,대전광역시 동구 가양동 20-36,30110212131883,,,,False
신도빌라B동,1986,2.3,36.34999816059108,127.4445173997694,대전광역시 동구 가양동 21-16,30110212131884,,,,False
신도빌라A동,1986,2.3,36.34982930454602,127.44442161527468,대전광역시 동구 가양동 21-18,30110312131885,,,,False
한남빌라,1991,2.3,36.34934311117552,127.44443726184248,대전광역시 동구 가양동 22-1,30110312131886,,,,False
거상로얄,1992,2.3,36.34964170439523,127.44557388581018,대전광역시 동구 가양동 24-2,30110312131888,,,,False
삼덕장미빌라,1995,2.3,36.34914208664681,127.44611394457418,대전광역시 동구 가양동 24-6,30110212131889,,,,False
거상빌라(24-7),1991,2.3,36.34917447496116,127.44590761444408,대전광역시 동구 가양동 24-7,30110312131890,,,,False
거상빌라(24-8),1991,2.3,36.34927770503553,127.44562963139356,대전광역시 동구 가양동 24-8,30110312131891,,,,False
거상빌라(24-30),1991,2.3,36.34918680518524,127.44578821031192,대전광역시 동구 가양동 24-30,30110312131892,,,,False
거상빌라(24-32),1992,2.3,36.349568207946966,127.44568194209192,대전광역시 동구 가양동 24-32,30110312131893,,,,False
아토빌3차1동,2023,2.7 (검증필요),36.35016742962594,127.44650030401738,대전광역시 동구 가양동 25-7,30110320449047,,,,False
아토빌3차2동,2023,2.7 (검증필요),36.350113799710265,127.44639660192593,대전광역시 동구 가양동 25-8,30110320449048,,,,False
트윈스아파트9차,2016,2.3,36.35051296815212,127.4467066260428,대전광역시 동구 가양동 26-9,30110120343904,,,,False
베스트빌(102동),2003,2.3,36.35193733216129,127.44594038723628,대전광역시 동구 가양동 27-1,30110312131894,,,,False
대우빌라,1997,2.3,36.35139050727,127.44621206381856,대전광역시 동구 가양동 27-5,30110312131895,,,,False
"석정주택(6,7동)",1990,2.3,36.35176011421,127.44621627316262,대전광역시 동구 가양동 27-6,30110312131896,,,,False
둥지빌라,1995,2.3,36.35166999003572,127.4467754086297,대전광역시 동구 가양동 27-7,30110312131897,,,,False
"진성빌라(다,라동)",1993,2.3,36.35135642955324,127.44639059770635,대전광역시 동구 가양동 27-8,30110312131898,,,,False
훼미리빌라,1995,2.3,36.351228371152864,127.44668870799958,대전광역시 동구 가양동 27-11,30110312131899,,,,False
(27-17),1989,2.3,36.35134600720683,127.44703289242456,대전광역시 동구 가양동 27-17,30110312131900,,,,False
"석정주택(3,5동)",1990,2.3,36.35169882874999,127.44638542405848,대전광역시 동구 가양동 27-40,30110312131901,,,,False
"석정주택(1,2동)",1990,2.3,36.35160852731628,127.44653786591026,대전광역시 동구 가양동 27-41,30110312131902,,,,False
"진성빌라(가,나동)",1993,2.3,36.351295768896506,127.44655347524332,대전광역시 동구 가양동 27-45,30110312131903,,,,False
베스트빌(101동),2003,2.3,36.35188387288443,127.4460875049119,대전광역시 동구 가양동 27-46,30110312131904,,,,False
베스트빌(103동),2003,2.3,36.35176832598475,127.44594465640736,대전광역시 동구 가양동 27-47,30110312131905,,,,False
해주파크빌라,1996,2.3,36.35243939957451,127.4465608583385,대전광역시 동구 가양동 28-2,30110312131906,,,,False
대심빌라,1991,2.3,36.35213029517743,127.44641734588294,대전광역시 동구 가양동 28-4,30110312131907,,,,False
한울,2004,2.3,36.352045698805135,127.44708414874704,대전광역시 동구 가양동 28-6,30110100219455,A36071602,195.0,"관리사무소, 노인정, 어린이놀이터, 자전거보관소",Needs Review
삼덕빌라,1990,2.3,36.35199485072231,127.44759168636898,대전광역시 동구 가양동 28-9,30110312131909,,,,False
상아주택,1997,2.3,36.35230970522325,127.44633381435564,대전광역시 동구 가양동 28-27,30110312131910,,,,False
행복한가,2022,2.7 (검증필요),36.35288152729156,127.44649590202228,대전광역시 동구 가양동 29-2,30110220438675,,,,False
임광하이츠1동,1989,2.3,36.352923560311126,127.44701728757384,대전광역시 동구 가양동 29-3,30110100011015,,,,False
산호빌라,1983,2.3,36.35350516815407,127.4470537681335,대전광역시 동구 가양동 30-2,30110212131912,,,,False
한밭빌라,1986,2.3,36.35354209919673,127.44762020994608,대전광역시 동구 가양동 30-3,30110100011020,,,,False
백조,1981,2.3,36.35330480916293,127.44787081995668,대전광역시 동구 가양동 30-5,30110212131914,,,,False
대구빌라,1992,2.3,36.35368710435808,127.4506815621385,대전광역시 동구 가양동 31-25,30110312131915,,,,False
태극빌라(A동),1991,2.3,36.35354992052,127.44956634750052,대전광역시 동구 가양동 32-2,30110312131916,,,,False
"동신빌라(가,나,다동)",1989,2.3,36.353439920033736,127.44927426412752,대전광역시 동구 가양동 32-16,30110312131917,,,,False
동신빌라(라동),1992,2.3,36.35330170516619,127.44941797643592,대전광역시 동구 가양동 32-32,30110312131918,,,,False
한움빌라,1993,2.3,36.35366730475774,127.44928649740548,대전광역시 동구 가양동 32-35,30110312131919,,,,False
태극빌라,1991,2.3,36.3536481382267,127.4494641858282,대전광역시 동구 가양동 32-37,30110312131920,,,,False
임광하이츠2동,1991,2.3,36.35275758921574,127.44907115065251,대전광역시 동구 가양동 33-4,30110120089853,,,,False
대한아트빌라,1991,2.3,36.352822156756815,127.44962148725531,대전광역시 동구 가양동 33-5,30110312131922,,,,False
청림빌라,1991,2.3,36.35236099220548,127.44982449977036,대전광역시 동구 가양동 33-10,30110312131923,,,,False
진호주택3,1990,2.3,36.352463675475065,127.44965850052915,대전광역시 동구 가양동 33-11,30110212131924,,,,False
"대한아트빌라(다,라동)",1990,2.3,36.352721710248346,127.44974594190458,대전광역시 동구 가양동 33-19,30110312131925,,,,False
임광하이츠3동,1991,2.3,36.35223343754349,127.44860439755652,대전광역시 동구 가양동 34-5,30110120089854,,,,False
연풍,1981,2.3,36.351135342389966,127.44929110937264,대전광역시 동구 가양동 35-4,30110312131927,,,,False
임광하이츠4동,1991,2.3,36.3513977189052,127.44835551277856,대전광역시 동구 가양동 35-14,30110120089855,,,,False
시영예지,1982,2.3,36.351035983849656,127.4477627155635,대전광역시 동구 가양동 36-1,30110100011011,,,,False
가양하이츠(38-3),1989,2.3,36.34961104148189,127.4478959169997,대전광역시 동구 가양동 38-3,30110312131930,,,,False
가양하이츠(38-4),1990,2.3,36.34940358557161,127.44771096355502,대전광역시 동구 가양동 38-4,30110312131931,,,,False
신도상가,1984,2.3,36.349474385694535,127.44724794682298,대전광역시 동구 가양동 38-5,30110212131932,,,,False
거상빌라,1992,2.3,36.34975787301758,127.4473923554602,대전광역시 동구 가양동 38-10,30110312131933,,,,False
가양하이츠(38-21),1989,2.3,36.34953712525298,127.44803660138568,대전광역시 동구 가양동 38-21,30110312131934,,,,False
가양하이츠(38-22),1989,2.3,36.34948311815974,127.44818737067226,대전광역시 동구 가양동 38-22,30110312131935,,,,False
광원빌라(2동),1990,2.3,36.34993566178281,127.44715909003196,대전광역시 동구 가양동 38-25,30110312131936,,,,False
광원빌라(1동),1990,2.3,36.34988736186929,127.44729127847206,대전광역시 동구 가양동 38-27,30110312131937,,,,False
광원빌라(3동),1990,2.3,36.34974260666068,127.44720214380916,대전광역시 동구 가양동 38-28,30110312131938,,,,False
광원빌라(4동),1990,2.3,36.3497763589609,127.44708031468474,대전광역시 동구 가양동 38-29,30110312131939,,,,False
대신빌라,1990,2.3,36.34991434877973,127.44701421260544,대전광역시 동구 가양동 38-32,30110312131940,,,,False
(39-11),1989,2.3,36.34916372335816,127.4471580234489,대전광역시 동구 가양동 39-11,30110300442468,,,,False
(40-5),1988,2.3,36.34840553182588,127.44562308169353,대전광역시 동구 가양동 40-5,30110312131943,,,,False
(40-8),1986,2.3,36.348283874768,127.44552319172166,대전광역시 동구 가양동 40-8,30110312131944,,,,False
(40-34),1988,2.3,36.34847285590307,127.44554493759884,대전광역시 동구 가양동 40-34,30110312131945,,,,False
(40-35),1986,2.3,36.34820683056152,127.4454225193438,대전광역시 동구 가양동 40-35,30110312131946,,,,False
부성,1991,2.3,36.35099843725271,127.4498735185503,대전광역시 동구 가양동 42-1,30110100011009,,,,False
삼덕빌라(42-2),1989,2.3,36.35099843725271,127.45037298914748,대전광역시 동구 가양동 42-2,30110312131948,,,,False
시영수정,1984,2.3,36.35163081961424,127.45033875978756,대전광역시 동구 가양동 43-1,30110100011010,,,,False
글로벌,1979,2.3,36.35139643491313,127.45097627330252,대전광역시 동구 가양동 43-2,30110120054483,,,,False
진호주택,1990,2.3,36.35211000870047,127.45146026587352,대전광역시 동구 가양동 44-3,30110212131950,,,,False
은행빌라(45-1),1990,2.3,36.35316288288973,127.45080197951192,대전광역시 동구 가양동 45-1,30110312131951,,,,False
동우빌라(45-3),1995,2.3,36.353060683681264,127.45137896584816,대전광역시 동구 가양동 45-3,30110312131952,,,,False
(45-19),1989,2.3,36.352484308521056,127.45145046855583,대전광역시 동구 가양동 45-19,30110312131953,,,,False
신영빌라,1989,2.3,36.35275004251229,127.45073842169953,대전광역시 동구 가양동 45-27,30110312131954,,,,False
"은행빌라(3,4동)",1990,2.3,36.35311185372727,127.45094026119712,대전광역시 동구 가양동 45-35,30110312131955,,,,False
평화,1994,2.3,36.35387497036452,127.45157228147856,대전광역시 동구 가양동 46-2,30110100011017,A10021173,47.0,"관리사무소, 노인정, 어린이놀이터, 휴게시설, 자전거보관소",Needs Review
대우주택(1동),1993,2.3,36.35323014656937,127.45182790620368,대전광역시 동구 가양동 46-14,30110312131957,,,,False
국제빌라(B동),1995,2.3,36.35329550415733,127.4514546303046,대전광역시 동구 가양동 46-16,30110312131958,,,,False
대우주택(2동),1993,2.3,36.35312154295572,127.45176566567277,대전광역시 동구 가양동 46-39,30110312131959,,,,False
대구빌라(46-40),1993,2.3,36.3533478672172,127.45130849084164,대전광역시 동구 가양동 46-40,30110312131960,,,,False
국제빌라(A동),1995,2.3,36.35324556315311,127.45159301470169,대전광역시 동구 가양동 46-41,30110312131961,,,,False
성신빌라,1992,2.3,36.35407283721964,127.45372351942632,대전광역시 동구 가양동 47-4,30110312131962,,,,False
"대구빌라(A,B동)",1997,2.3,36.35389842348762,127.45290591081064,대전광역시 동구 가양동 47-14,30110312131963,,,,False
그린빌라,1994,2.3,36.353659590895695,127.4527277980641,대전광역시 동구 가양동 47-17,30110312131964,A15271602,0.0,"관리사무소, 노인정, 보육시설, 문고, 주민공동시설, 어린이놀이터, 휴게시설, 유치원, 커뮤니티공간, 자전거보관소, 기타",False
해피리움,2018,2.3,36.35332705029138,127.45253509939133,대전광역시 동구 가양동 47-19,30110320375402,,,,False
신원빌라(다동),1989,2.3,36.35335811008533,127.45323890623686,대전광역시 동구 가양동 47-24,30110312131965,,,,False
신원빌라(가동),1989,2.3,36.35339254752889,127.45345056773216,대전광역시 동구 가양동 47-53,30110312131966,,,,False
신원빌라(나동),1989,2.3,36.35329192381607,127.45338748097106,대전광역시 동구 가양동 47-54,30110312131967,,,,False
신원파크빌라,1995,2.3,36.35301952873123,127.4522085081535,대전광역시 동구 가양동 48-1,30110312131968,,,,False
"실로파크빌라(다,라동)",1995,2.3,36.352959323053774,127.45236329976078,대전광역시 동구 가양동 48-28,30110312131969,,,,False
한움파크빌라,1995,2.3,36.35289480490168,127.452531589825,대전광역시 동구 가양동 48-29,30110312131970,,,,False
실로파크빌라,1995,2.3,36.35288754470227,127.4527340615292,대전광역시 동구 가양동 48-30,30110312131971,,,,False
대원빌라,1997,2.3,36.35161394411298,127.4519770167808,대전광역시 동구 가양동 49-4,30110312131972,,,,False
"인정하이츠(1,2동)",1994,2.3,36.35034896815158,127.451336715862,대전광역시 동구 가양동 50-9,30110312131973,,,,False
인정하이츠(6동),1995,2.3,36.35024667712552,127.45113172375676,대전광역시 동구 가양동 50-33,30110312131974,,,,False
인정하이츠(5동),1995,2.3,36.3501917387125,127.4512334339632,대전광역시 동구 가양동 50-34,30110312131975,,,,False
인정하이츠(3동),1995,2.3,36.35011233643812,127.45133532556278,대전광역시 동구 가양동 50-35,30110312131976,,,,False
동우빌라,1995,2.3,36.34975768670674,127.45045472410266,대전광역시 동구 가양동 52-5,30110312131977,,,,False
아성빌라(B동),1994,2.3,36.35000096413727,127.45068167123162,대전광역시 동구 가양동 52-11,30110312131978,,,,False
아성빌라(A동),1994,2.3,36.34986994396552,127.45060842419562,대전광역시 동구 가양동 52-12,30110312131979,,,,False
국보주택(53-1),1998,2.3,36.34958664141202,127.44959438314284,대전광역시 동구 가양동 53-1,30110312131980,,,,False
두원빌라(B동),1998,2.3,36.34953427554389,127.44934501804008,대전광역시 동구 가양동 53-12,30110312131982,,,,False
두원빌라(A동),1998,2.3,36.3494396642354,127.44925730821636,대전광역시 동구 가양동 53-13,30110312131983,,,,False
한산(55-3),1981,2.3,36.34889099896945,127.44815101342492,대전광역시 동구 가양동 55-3,30110100011021,,,,False
고려빌라가동,1986,2.3,36.34883101721044,127.44854837179456,대전광역시 동구 가양동 55-6,30110312131985,,,,False
인정아트빌라,1996,2.3,36.3483763071884,127.44905525012648,대전광역시 동구 가양동 55-13,30110312131986,,,,False
고려빌라나동,1986,2.3,36.34875379664078,127.44844828208086,대전광역시 동구 가양동 55-41,30110312131987,,,,False
고려빌라다동,1986,2.3,36.34868622623544,127.44834418110035,대전광역시 동구 가양동 55-42,30110312131988,,,,False
옥수빌라(84-2),1986,2.3,36.34867495272514,127.4475637143887,대전광역시 동구 가양동 84-2,30110200442469,,,,False
동남주택,1979,2.3,36.348510975244295,127.44733663754276,대전광역시 동구 가양동 84-3,30110212131989,,,,False
상웅빌라,1991,2.3,36.34818346702471,127.44770122821993,대전광역시 동구 가양동 84-7,30110312131990,,,,False
해맞이아파트,2007,2.3,36.3481026059459,127.44802493058287,대전광역시 동구 가양동 84-10,30110120080066,,,,False
(84-12),1980,2.3,36.34791144628076,127.44827663908448,대전광역시 동구 가양동 84-12,30110312131991,,,,False
흥룡맨션,1986,2.3,36.34790152509285,127.44703282272884,대전광역시 동구 가양동 85-3,30110100011023,,,,False
흥룡상가,1982,2.3,36.34727813374848,127.44827913164993,대전광역시 동구 가양동 86-9,30110312131993,,,,False
삼덕빌라(86-48),1992,2.3,36.34743368148753,127.44871090973156,대전광역시 동구 가양동 86-48,30110312131994,,,,False
조일,1990,2.3,36.34909503880795,127.45209732112252,대전광역시 동구 가양동 88-1,30110100011016,A10021932,0.0,"관리사무소, 노인정, 어린이놀이터, 자전거보관소",False
덕산빌라(가동),1991,2.3,36.349997498879816,127.45229415052528,대전광역시 동구 가양동 92,30110312131996,,,,False
인정빌라(가동),1991,2.3,36.34947465615453,127.45263972727108,대전광역시 동구 가양동 92-4,30110312131997,,,,False
덕산빌라(나동),1991,2.3,36.34972506798904,127.45234725924234,대전광역시 동구 가양동 92-5,30110312131998,,,,False
인정빌라(나동),1991,2.3,36.34966371817249,127.45274833043588,대전광역시 동구 가양동 94-1,30110312131999,,,,False
덕림빌라,1994,2.3,36.34938701461742,127.45283197847591,대전광역시 동구 가양동 95-3,30110312132000,,,,False
공원빌라,1994,2.3,36.350322615682856,127.45278293783332,대전광역시 동구 가양동 100-2,30110312132001,,,,False
공원빌라(B동),1994,2.3,36.35024246313628,127.45266980647352,대전광역시 동구 가양동 100-10,30110312132002,,,,False
신호빌라,1994,2.3,36.34998385972868,127.45103511765,대전광역시 동구 가양동 145-1,30110312132003,,,,False
(146-13),1982,2.3,36.34843319322094,127.45152500810266,대전광역시 동구 가양동 146-13,30110312132004,,,,False
국민파크빌라,1993,2.3,36.34812780990912,127.45173033200638,대전광역시 동구 가양동 146-25,30110312132005,,,,False
유니온주택,1986,2.3,36.3483060556307,127.45272619701188,대전광역시 동구 가양동 146-38,30110312132006,,,,False
우정빌라,1991,2.3,36.34803427749499,127.45323791777656,대전광역시 동구 가양동 147-15,30110312132007,,,,False
천일빌라,2002,2.3,36.3480667654172,127.45482740747968,대전광역시 동구 가양동 148-7,30110312132008,,,,False
"삼덕빌라(가,나동)",1992,2.3,36.34759024933715,127.45489848621544,대전광역시 동구 가양동 149-9,30110312132009,,,,False
(149-10),2002,2.3,36.3475645542897,127.45474204857896,대전광역시 동구 가양동 149-10,30110312132010,,,,False
명성주택,1990,2.3,36.34764076761104,127.45507663541537,대전광역시 동구 가양동 149-25,30110312132011,,,,False
옥수빌라(149-27),1994,2.3,36.34772123281081,127.4552971586334,대전광역시 동구 가양동 149-27,30110312132012,,,,False
정명빌라(150-2),1997,2.3,36.34738760609616,127.45620893022723,대전광역시 동구 가양동 150-2,30110300442470,,,,False
무지개빌라,1994,2.3,36.34728902583076,127.45600343145624,대전광역시 동구 가양동 150-5,30110312132013,,,,False
금성빌라,1992,2.3,36.34735071357256,127.4557601884367,대전광역시 동구 가양동 150-20,30110312132014,,,,False
대호아파트,2015,2.3,36.34539637801812,127.45409316518484,대전광역시 동구 가양동 153-8,30110120325521,,,,False
삼흥빌라(154-2),1994,2.3,36.34611058189845,127.45395128196148,대전광역시 동구 가양동 154-2,30110312132016,,,,False
우성빌라,1992,2.3,36.34584345844925,127.4533877490687,대전광역시 동구 가양동 154-27,30110312132017,,,,False
삼성빌라,1994,2.3,36.34619857351562,127.45413208245616,대전광역시 동구 가양동 154-48,30110312132018,A10020567,0.0,None,False
한일주택,1987,2.3,36.34665441596147,127.45303482498076,대전광역시 동구 가양동 159-23,30110212132019,,,,False
한산,1985,2.3,36.34692531622341,127.4540752283268,대전광역시 동구 가양동 159-38,30110212132020,,,,False
대원(나동),1986,2.3,36.34733965556078,127.45311540497345,대전광역시 동구 가양동 160-4,30110312132021,,,,False
구룡아트빌,2003,2.3,36.34703482660755,127.45291341628044,대전광역시 동구 가양동 160-5,30110212132022,,,,False
유락주택,1990,2.3,36.347048353271205,127.45264990593309,대전광역시 동구 가양동 160-6,30110212132023,,,,False
부광빌라(160-10),1995,2.3,36.34734824889426,127.45256904982634,대전광역시 동구 가양동 160-10,30110312132024,,,,False
대원주택(가동),1986,2.3,36.34720131838412,127.45322429104212,대전광역시 동구 가양동 160-14,30110312132025,,,,False
대원주택(라동),1986,2.3,36.34716605444369,127.45303048316131,대전광역시 동구 가양동 160-18,30110312132026,,,,False
대원주택(다동),1986,2.3,36.34727279349276,127.45297105231488,대전광역시 동구 가양동 160-19,30110312132027,,,,False
큰솔3차,2002,2.3,36.347005969795646,127.4507591941784,대전광역시 동구 가양동 162-11,30110100219459,A30009202,150.0,"관리사무소, 어린이놀이터",Needs Review
동양주택(가동),1986,2.3,36.347349015447634,127.45127955483252,대전광역시 동구 가양동 162-17,30110312132029,,,,False
동양주택(나동),1987,2.3,36.34732612495588,127.4511240593682,대전광역시 동구 가양동 162-27,30110312132030,,,,False
동양주택(다동),1987,2.3,36.34725225496469,127.45118916354646,대전광역시 동구 가양동 162-33,30110312132031,,,,False
가양빌라,1989,2.3,36.34662760405641,127.45138920317105,대전광역시 동구 가양동 163-4,30110312132032,,,,False
청림,1989,2.3,36.34641924689399,127.45117308298028,대전광역시 동구 가양동 163-7,30110312132033,,,,False
성은빌라,1986,2.3,36.346361712760825,127.45230402403534,대전광역시 동구 가양동 164-3,30110212132034,,,,False
연흥빌라(A동),1994,2.3,36.346327692169,127.45205334238888,대전광역시 동구 가양동 164-4,30110312132035,,,,False
연흥빌라(B동),1994,2.3,36.346214320572656,127.45215620720452,대전광역시 동구 가양동 164-42,30110312132036,,,,False
트윈스아파트8차,2015,2.3,36.345255165488325,127.45165948162808,대전광역시 동구 가양동 165-12,30110120328196,,,,False
한밭빌라(166-3),1985,2.3,36.34508787782889,127.45247202843156,대전광역시 동구 가양동 166-3,30110212132037,,,,False
동아빌라(166-8),1994,2.3,36.34506943351303,127.45290502206996,대전광역시 동구 가양동 166-8,30110312132038,,,,False
성남하이츠빌라,1991,2.3,36.34428519519702,127.45066340881807,대전광역시 동구 가양동 167-2,30110312132039,,,,False
네이티빌,2002,2.3,36.34430855011421,127.45086286336236,대전광역시 동구 가양동 167-3,30110312132040,,,,False
동광,1981,2.3,36.34409847697715,127.45104756060756,대전광역시 동구 가양동 167-11,30110212132041,A45975801,359.0,"관리사무소, 노인정, 보육시설, 주민공동시설, 어린이놀이터, 자전거보관소",Needs Review
(167-15),1981,2.3,36.34399347635048,127.4504526233864,대전광역시 동구 가양동 167-15,30110312132042,,,,False
그린빌,2002,2.3,36.34460897141787,127.45022000206588,대전광역시 동구 가양동 168-14,30110312132043,,,,False
정명빌라,1995,2.3,36.34467389965004,127.45035844422084,대전광역시 동구 가양동 168-15,30110312132044,,,,False
동아빌라,1994,2.3,36.3456085703849,127.45104673797152,대전광역시 동구 가양동 169-2,30110312132045,,,,False
평화타운맨션,1990,2.3,36.34545915843941,127.45041284815667,대전광역시 동구 가양동 169-4,30110100011019,,,,False
청남빌라(B동),1988,2.3,36.34515327941232,127.45020025670136,대전광역시 동구 가양동 169-7,30110312132047,,,,False
옥수맨션,1989,2.3,36.345189007274726,127.44981273561156,대전광역시 동구 가양동 169-10,30110100011014,,,,False
청남빌라(A동),1988,2.3,36.34503157552284,127.45026540428329,대전광역시 동구 가양동 169-16,30110312132049,,,,False
흥진빌라(170-2),1993,2.3,36.34621734057416,127.45008879200824,대전광역시 동구 가양동 170-2,30110312132050,,,,False
형제연립,1982,2.3,36.3459771624108,127.449619077377,대전광역시 동구 가양동 170-5,30110220089859,,,,False
흥룡아파트,1980,2.3,36.3455381568086,127.44959054835957,대전광역시 동구 가양동 170-10,30110212132051,,,,False
국보주택,1997,2.3,36.345639932672725,127.44975705762444,대전광역시 동구 가양동 170-11,30110312132052,,,,False
(174-31),1989,2.3,36.34269192773934,127.4449836894055,대전광역시 동구 가양동 174-31,30110320414561,,,,False
영창빌라,1994,2.3,36.34326828801616,127.4460102913271,대전광역시 동구 가양동 174-57,30110312132053,,,,False
금실빌라,1996,2.3,36.34271711691066,127.44609234643995,대전광역시 동구 가양동 175-7,30110312132054,,,,False
로얄빌라,1984,2.3,36.34195231442372,127.4460932455373,대전광역시 동구 가양동 176-14,30110212132055,,,,False
(177-17),1986,2.3,36.34096728417693,127.44613017914676,대전광역시 동구 가양동 177-17,30110312132056,,,,False
국제빌라(178-6),1992,2.3,36.34093298707804,127.4466793897366,대전광역시 동구 가양동 178-6,30110312132057,,,,False
(179-11),1980,2.3,36.34145533810086,127.44723393924792,대전광역시 동구 가양동 179-11,30110312132058,,,,False
구마주택(A동),1986,2.3,36.34195209902472,127.44743389378436,대전광역시 동구 가양동 179-14,30110312132059,,,,False
구마주택(B동),1986,2.3,36.34174033031955,127.44758771863924,대전광역시 동구 가양동 179-17,30110312132060,,,,False
삼흥빌라(2동),1994,2.3,36.342295411474325,127.4475282189796,대전광역시 동구 가양동 182-7,30110312132061,,,,False
"삼흥빌라(1동,182-19)",1994,2.3,36.34218052849562,127.44760966651276,대전광역시 동구 가양동 182-19,30110312132062,,,,False
(183-8),1989,2.3,36.34313755253244,127.446925371959,대전광역시 동구 가양동 183-8,30110312132063,,,,False
드림팰리스아파트(288-27),2015,2.3,36.343487094096616,127.44308930713572,대전광역시 동구 가양동 288-27,30110120323440,,,,False
드림팰리스아파트B동,2015,2.3,36.34326776768765,127.44264644619513,대전광역시 동구 가양동 288-28,30110120329622,,,,False
안전로얄,1987,2.3,36.34302743580571,127.4430186984454,대전광역시 동구 가양동 292-6,30110100011013,,,,False
우정빌라(295-4),1996,2.3,36.34276265338176,127.44375961142686,대전광역시 동구 가양동 295-4,30110312132066,,,,False
드림팰리스(C동),2016,2.3,36.34253479819865,127.44310626865816,대전광역시 동구 가양동 295-8,30110120342419,,,,False
인기빌라,1993,2.3,36.34309721495843,127.44402455835537,대전광역시 동구 가양동 295-19,30110312132067,,,,False
파라곤빌,2002,2.3,36.34288466605712,127.4440086506924,대전광역시 동구 가양동 295-26,30110312132068,,,,False
경원,1989,2.3,36.342276312026335,127.44397232560546,대전광역시 동구 가양동 296-5,30110100011007,,,,False
(306-28),1990,2.3,36.34058288227419,127.44561725958972,대전광역시 동구 가양동 306-28,30110312132070,,,,False
동해빌라,1989,2.3,36.33985004122253,127.4455793995968,대전광역시 동구 가양동 308-1,30110312132071,,,,False
칠성빌라(B동),1991,2.3,36.34077869480518,127.44335554244822,대전광역시 동구 가양동 316-7,30110312132072,,,,False
칠성빌라(A동),1991,2.3,36.34090668378192,127.443530568076,대전광역시 동구 가양동 317-8,30110312132073,,,,False
은혜빌라(1동),1989,2.3,36.34152469472649,127.44390744001164,대전광역시 동구 가양동 318-5,30110312132074,,,,False
"신광주택(A,B동)",1990,2.3,36.341701616546175,127.44420421685068,대전광역시 동구 가양동 318-40,30110312132075,,,,False
신광주택,1991,2.3,36.34167759879303,127.44399113114704,대전광역시 동구 가양동 318-46,30110312132076,,,,False
은혜빌라(2동),1989,2.3,36.34164256276058,127.44383332333254,대전광역시 동구 가양동 318-52,30110312132077,,,,False
옥수빌라(319-3),1990,2.3,36.34172965875289,127.44501579639868,대전광역시 동구 가양동 319-3,30110312132078,,,,False
노은빌라,1991,2.3,36.34143174680963,127.4443803600625,대전광역시 동구 가양동 319-11,30110312132079,,,,False
우정빌라(가동),1994,2.3,36.3419799808464,127.44492066733272,대전광역시 동구 가양동 319-15,30110312132080,,,,False
우정빌라(나동),1994,2.3,36.34188321566279,127.44482622598892,대전광역시 동구 가양동 319-42,30110312132081,,,,False
우송기숙사(가양5관),2011,2.3,36.34009240001174,127.44301892285846,대전광역시 동구 가양동 321-10,30110220141309,,,,False
옥수빌라(B동),1990,2.3,36.33951027523,127.44429201325936,대전광역시 동구 가양동 328-37,30110312132083,,,,False
옥수빌라(A동),1990,2.3,36.33944034590246,127.4444005182932,대전광역시 동구 가양동 328-38,30110312132084,,,,False
동성빌라,1998,2.3,36.339362718133664,127.44233489265808,대전광역시 동구 가양동 352-7,30110312132085,,,,False
임광하이츠빌라(101동),1993,2.3,36.33878574715473,127.44389556325496,대전광역시 동구 가양동 354-22,30110312132086,,,,False
임광하이츠빌라(102동),1993,2.3,36.33873720220016,127.44403707555897,대전광역시 동구 가양동 354-23,30110312132087,,,,False
임광하이츠빌라(103동),1993,2.3,36.338662884084734,127.44415107467252,대전광역시 동구 가양동 354-25,30110312132088,,,,False
석원빌라(105동),1994,2.3,36.33849994300006,127.44394147237978,대전광역시 동구 가양동 355-26,30110312132089,,,,False
임광하이츠(106동),1994,2.3,36.338530745104734,127.44441659366323,대전광역시 동구 가양동 356-14,30110312132090,,,,False
흥룡,1979,2.3,36.34768970632663,127.44611951728804,대전광역시 동구 가양동 389-4,30110212132091,,,,False
삼덕하이츠빌라,1993,2.3,36.34725181267119,127.44679043720438,대전광역시 동구 가양동 390-5,30110312132092,,,,False
트윈스빌,2021,2.7 (검증필요),36.34738714799394,127.4468919731678,대전광역시 동구 가양동 390-7,30110320417592,,,,False
삼덕하이츠빌라(101동),1993,2.3,36.3470609386068,127.44696076088348,대전광역시 동구 가양동 390-33,30110312132093,,,,False
광명(C동),1979,2.3,36.34692907102124,127.447174549977,대전광역시 동구 가양동 391-4,30110312132094,A50109001,126.0,"관리사무소, 노인정, 어린이놀이터",Needs Review
광명(B동),1979,2.3,36.346844571571566,127.44723176093842,대전광역시 동구 가양동 391-21,30110312132095,A50109001,126.0,"관리사무소, 노인정, 어린이놀이터",Needs Review
광명(A동),1979,2.3,36.346760198028,127.44729230644094,대전광역시 동구 가양동 391-22,30110312132096,A50109001,126.0,"관리사무소, 노인정, 어린이놀이터",Needs Review
동진빌라,1999,2.3,36.34605504421637,127.44863923888178,대전광역시 동구 가양동 396-3,30110300442473,,,,False
충훈빌라,1995,2.3,36.34565282394444,127.44815786370832,대전광역시 동구 가양동 396-7,30110312132097,,,,False
청산빌라,1993,2.3,36.34588606632019,127.4482823242341,대전광역시 동구 가양동 396-8,30110312132098,,,,False
삼합그랜드빌라,1997,2.3,36.34510223561408,127.44855191713395,대전광역시 동구 가양동 398-1,30110312132099,,,,False
우정빌라(405-16),1997,2.3,36.34396363990781,127.446013366429,대전광역시 동구 가양동 405-16,30110300442474,,,,False
일흥그린빌라,1995,2.3,36.34333544805078,127.44468094835662,대전광역시 동구 가양동 406-2,30110300442475,,,,False
현대빌라,1982,2.3,36.34415773943674,127.44586952228632,대전광역시 동구 가양동 409-4,30110312132100,,,,False
신도아트빌A동,2003,2.3,36.34535157000617,127.44371088491482,대전광역시 동구 가양동 413-5,30110312132101,,,,False
신도아트빌B동,2003,2.3,36.34521981239012,127.44377704367535,대전광역시 동구 가양동 413-43,30110312132102,,,,False
"삼흥빌라(1,2동)",1991,2.3,36.3462863532933,127.44439230890184,대전광역시 동구 가양동 419-6,30110312132103,,,,False
삼흥빌라(3동),1991,2.3,36.34607001853517,127.4445344030366,대전광역시 동구 가양동 419-28,30110312132104,,,,False
(420-20),1981,2.3,36.34731823347361,127.44375838237866,대전광역시 동구 가양동 420-20,30110312132105,,,,False
신광빌라,1991,2.3,36.3483405355378,127.44476040458042,대전광역시 동구 가양동 421-2,30110312132106,,,,False
트윈스아파트11차,2020,2.3,36.34766493683326,127.44475625261455,대전광역시 동구 가양동 421-11,30110120411062,,,,False
한울빌라,1997,2.3,36.34943625005968,127.44396586261382,대전광역시 동구 가양동 422-1,30110300442476,,,,False
부광빌라(422-3),1999,2.3,36.349246498634784,127.44415882372108,대전광역시 동구 가양동 422-3,30110300442477,,,,False
부성빌라,1993,2.3,36.348969294938826,127.44433037565366,대전광역시 동구 가양동 422-5,30110312132107,,,,False
삼덕빌라(103동),1993,2.3,36.3488537702471,127.444401965419,대전광역시 동구 가양동 422-6,30110312132108,,,,False
삼덕빌라(102동),1993,2.3,36.34872637288704,127.44448081404376,대전광역시 동구 가양동 422-17,30110312132109,,,,False
삼덕빌라(101동),1993,2.3,36.34860197157973,127.44454308622912,대전광역시 동구 가양동 422-18,30110312132110,,,,False
샬롬빌라,1991,2.3,36.35017527482452,127.44367570682113,대전광역시 동구 가양동 423-5,30110312132111,,,,False
한국빌라(423-16),1990,2.3,36.35003318630746,127.44376842837411,대전광역시 동구 가양동 423-16,30110312132112,,,,False
한국빌라(423-23),1990,2.3,36.34999401866045,127.44367335008778,대전광역시 동구 가양동 423-23,30110312132113,,,,False
한국빌라(423-24),1990,2.3,36.34995339578758,127.4435593277156,대전광역시 동구 가양동 423-24,30110312132114,,,,False
드림팰리스아파트,2018,2.3,36.35010611373568,127.44169950072524,대전광역시 동구 가양동 425-6,30110120373741,,,,False
국민아트빌라,1992,2.3,36.34846185041916,127.44164416485974,대전광역시 동구 가양동 428-2,30110312132115,,,,False
국보빌라,1996,2.3,36.34820124341927,127.44159719458068,대전광역시 동구 가양동 428-10,30110300442478,,,,False
한성잉꼬,1987,2.3,36.348793054722506,127.4427549687437,대전광역시 동구 가양동 429-11,30110100011022,,,,False
선경빌라,1994,2.3,36.34794811058859,127.44178813759484,대전광역시 동구 가양동 430-3,30110312132117,,,,False
매봉주택,1983,2.3,36.34798213695535,127.4422204401836,대전광역시 동구 가양동 430-5,30110212132118,,,,False
대림빌라,1990,2.3,36.34789393725217,127.44249123508295,대전광역시 동구 가양동 430-10,30110312132119,,,,False
명보주택,1984,2.3,36.34617864676591,127.4425057719808,대전광역시 동구 가양동 433-23,30110212132120,,,,False
가양시장상가,1981,2.3,36.34628083374069,127.44319650503616,대전광역시 동구 가양동 434,30110100011006,,,,False
(435-31),1990,2.3,36.34536993436102,127.44280440625238,대전광역시 동구 가양동 435-31,30110312132122,,,,False
신원빌라,1988,2.3,36.34464341792271,127.44306268842888,대전광역시 동구 가양동 436-4,30110312132123,,,,False
삼흥빌라(1동),1990,2.3,36.34453171653899,127.44178834072882,대전광역시 동구 가양동 437-17,30110312132124,,,,False
삼흥빌라(3동),1990,2.3,36.34437562063677,127.4417215517728,대전광역시 동구 가양동 437-30,30110312132125,,,,False
삼흥빌라(2동),1991,2.3,36.34448022739009,127.44196737620402,대전광역시 동구 가양동 437-34,30110300442479,,,,False
삼흥빌라(4동),1990,2.3,36.34432694198993,127.44190384107084,대전광역시 동구 가양동 437-37,30110312132126,,,,False
일흥그랜드빌라,1995,2.3,36.34525957134567,127.44177636139392,대전광역시 동구 가양동 439-4,30110312132127,,,,False
신도빌라,1999,2.3,36.34472277633881,127.44088028378688,대전광역시 동구 가양동 439-27,30110312132128,,,,False
가양연립(B동),1980,2.3,36.345969049514096,127.44107342094952,대전광역시 동구 가양동 440-3,30110212132129,,,,False
가양연립(A동),1980,2.3,36.34604359572538,127.44122332915111,대전광역시 동구 가양동 440-34,30110212132130,,,,False
다원그랜드빌라,1997,2.3,36.3466076763574,127.44069256014916,대전광역시 동구 가양동 442-7,30110300442480,,,,False
평화맨션,1986,2.3,36.346597869287486,127.43989826868057,대전광역시 동구 가양동 443-2,30110100011018,A50184706,0.0,"관리사무소, 노인정, 어린이놀이터, 유치원, 자전거보관소",False
성창빌라,1994,2.3,36.34639055625115,127.43925870968414,대전광역시 동구 가양동 443-14,30110312132133,,,,False
대복주택,1992,2.3,36.34779430911671,127.43966368938942,대전광역시 동구 가양동 446-10,30110312132134,,,,False
한라빌라(448-10),1990,2.3,36.34820075343804,127.44054603881882,대전광역시 동구 가양동 448-10,30110312132135,,,,False
부광빌라(1동),1995,2.3,36.34831912082286,127.44035313053882,대전광역시 동구 가양동 448-11,30110312132136,,,,False
한라빌라(448-79),1990,2.3,36.34826909554356,127.44070338748509,대전광역시 동구 가양동 448-79,30110312132137,,,,False
부광빌라(2동),1995,2.3,36.348166046812594,127.4403745762298,대전광역시 동구 가양동 448-80,30110312132138,,,,False
호성빌라,1994,2.3,36.34820703591887,127.43858204374268,대전광역시 동구 가양동 450-9,30110312132139,,,,False
에스테반,2013,2.3,36.34980737003917,127.43969876949264,대전광역시 동구 가양동 451-25,30110120173373,,,,False
한라빌라(가동),1990,2.3,36.34453333453656,127.43894383424268,대전광역시 동구 가양동 508-54,30110312132142,,,,False
한라빌라(나동),1990,2.3,36.34444736290395,127.43895769528298,대전광역시 동구 가양동 508-56,30110312132143,,,,False
88연립,1981,2.3,36.34378154589611,127.4398292621986,대전광역시 동구 가양동 531-38,30110212132144,,,,False
동우빌라(531-64),1997,2.3,36.34300783485587,127.43982490249024,대전광역시 동구 가양동 531-64,30110312132145,,,,False
동호빌라,1997,2.3,36.34386554693188,127.4390577369238,대전광역시 동구 가양동 535,30110312132146,,,,False
흥진빌라,1994,2.3,36.34266751034414,127.43905850148268,대전광역시 동구 가양동 539-8,30110212132147,,,,False
한주빌리지,1998,2.3,36.337710386221126,127.442093276984,대전광역시 동구 가양동 571-6,30110312132149,,,,False
사조썬라이즈,2004,2.3,36.33846120344454,127.43878076400672,대전광역시 동구 가양동 589-7,30110318215230,,,,False
인정빌라,1993,2.3,36.34445153139244,127.44820087394731,대전광역시 동구 가양동 651-2,30110312132150,,,,False
대주파크빌,2006,2.3,36.34380309875682,127.44880203170872,대전광역시 동구 가양동 652-1,30110120022744,A54000306,276.0,"관리사무소, 노인정, 어린이놀이터",Needs Review
우주빌라(1동),1982,2.3,36.34414655358511,127.44923957408432,대전광역시 동구 가양동 652-3,30110312132151,,,,False
우주빌라(2동),1981,2.3,36.34420828858525,127.44937548879132,대전광역시 동구 가양동 652-6,30110312132152,,,,False
우주빌라(3동),1982,2.3,36.34426965816134,127.44950972592552,대전광역시 동구 가양동 652-7,30110312132153,,,,False
(655-4),1980,2.3,36.34376397130261,127.44971268358026,대전광역시 동구 가양동 655-4,30110312132154,,,,False
중원빌라(A동),1990,2.3,36.34390221400664,127.44983458953126,대전광역시 동구 가양동 655-5,30110312132155,,,,False
중원빌라(B동),1990,2.3,36.34380850583728,127.44991404671195,대전광역시 동구 가양동 655-23,30110312132156,,,,False
아침마을,2011,2.3,36.34083315794006,127.44050451637456,대전광역시 동구 가양동 705,30110120141939,A30070301,868.0,"관리사무소, 노인정, 보육시설, 문고, 주민공동시설, 어린이놀이터, 휴게시설, 자전거보관소, 기타",Needs Review
고운하이플러스,2023,2.7 (검증필요),36.35092982400158,127.44578094749777,대전광역시 동구 가양동 716,30110120444492,,,,False
힐스테이트가양더와이즈,2024,2.7 (검증필요),36.34994766033765,127.44060498961494,대전광역시 동구 가양동 725,30110120452857,A10021731,682.0,"관리사무소, 노인정, 보육시설, 주민공동시설, 어린이놀이터, 휴게시설, 커뮤니티공간, 자전거보관소",True
신동아,1990,2.3,36.358804404341214,127.438116994302,대전광역시 동구 용전동 1,30110100011026,A14082601,80.0,"관리사무소, 노인정, 어린이놀이터, 커뮤니티공간, 자전거보관소",Needs Review
미성하이빌,2004,2.3,36.35918398503385,127.43680122530571,대전광역시 동구 용전동 7-3,30110318215910,,,,False
선우하이빌,2005,2.3,36.358993063668166,127.43702639955444,대전광역시 동구 용전동 7-19,30110320009329,,,,False
일흥아트빌라,1993,2.3,36.35784176851718,127.4350394541452,대전광역시 동구 용전동 12-3,30110312132213,,,,False
상웅빌라(12-37),1993,2.3,36.35776337526613,127.43515530405448,대전광역시 동구 용전동 12-37,30110312132214,,,,False
일흥그랜드빌라,1993,2.3,36.35767619525021,127.43525993402554,대전광역시 동구 용전동 12-38,30110312132215,,,,False
대우주택(가동),1990,2.3,36.35534667846249,127.43873842873494,대전광역시 동구 용전동 15-13,30110312132216,,,,False
대우주택(나동),1990,2.3,36.35523972956103,127.43862595714052,대전광역시 동구 용전동 15-17,30110312132217,,,,False
이글스맨션,1991,2.3,36.35452272280536,127.44004960811117,대전광역시 동구 용전동 22-1,30110312132218,,,,False
네오플러스,2011,2.3,36.354415227200775,127.43972655147807,대전광역시 동구 용전동 22-3,30110220141134,,,,False
아트빌,2013,2.3,36.354223655754666,127.43995540454912,대전광역시 동구 용전동 22-8,30110320277305,A36391405,97.0,"관리사무소, 노인정, 보육시설, 주민공동시설, 어린이놀이터",Needs Review
로하스캐슬,2014,2.3,36.353764906031415,127.44093404426604,대전광역시 동구 용전동 23-3,30110120286410,,,,False
난호마을,2002,2.3,36.35377902419264,127.44045755037055,대전광역시 동구 용전동 23-22,30110312132219,,,,False
코아마을,2002,2.3,36.35368184126315,127.44057682995192,대전광역시 동구 용전동 23-28,30110312132220,,,,False
원진마을,2002,2.3,36.353599331058994,127.44067076222017,대전광역시 동구 용전동 23-29,30110312132221,,,,False
목련빌라,1993,2.3,36.3528127660533,127.44105346814426,대전광역시 동구 용전동 24-10,30110318216010,A54509005,0.0,"관리사무소, 보육시설, 주민공동시설, 어린이놀이터, 유치원, 자전거보관소, 기타",False
동건빌라,1993,2.3,36.35273511878511,127.4411964818153,대전광역시 동구 용전동 24-27,30110318216020,,,,False
태화빌리지B동,1997,2.3,36.355870903424105,127.4320414796126,대전광역시 동구 용전동 27-52,30110312132222,,,,False
태화빌리지A동,1997,2.3,36.3557378598708,127.4321490415303,대전광역시 동구 용전동 27-88,30110312132223,,,,False
대성하이츠A동,2003,2.3,36.357684562781245,127.4308447032513,대전광역시 동구 용전동 28-1,30110312132224,,,,False
하나로빌라,2002,2.3,36.357484177302894,127.43123408282536,대전광역시 동구 용전동 28-14,30110318216060,,,,False
대성하이츠B동,2003,2.3,36.3577043621645,127.43098237444224,대전광역시 동구 용전동 28-32,30110312132225,,,,False
대성하이츠C동,2003,2.3,36.35776148243972,127.43111759709257,대전광역시 동구 용전동 28-33,30110312132226,,,,False
새한빌라A동,2003,2.3,36.3571876647307,127.43164140208926,대전광역시 동구 용전동 39-6,30110312132227,,,,False
상웅빌라(39-33),1993,2.3,36.35729894440725,127.43229141802053,대전광역시 동구 용전동 39-33,30110312132228,,,,False
새한빌라B동,2003,2.3,36.357247725401,127.43177815634186,대전광역시 동구 용전동 39-41,30110312132229,,,,False
동산빌라,1996,2.3,36.356726594552754,127.4311415723884,대전광역시 동구 용전동 41-2,30110312132230,,,,False
서림빌라,1997,2.3,36.35648238402699,127.4309749810992,대전광역시 동구 용전동 41-4,30110312132231,,,,False
선우드림파크,2022,2.7 (검증필요),36.356481939261954,127.4338379752462,대전광역시 동구 용전동 46-6,30110220432455,,,,False
큰솔102동,2001,2.3,36.35615497143216,127.43437738283036,대전광역시 동구 용전동 48-1,30110100219463,,,,False
한울빌라,1994,2.3,36.35556528684389,127.43502238594618,대전광역시 동구 용전동 48-3,30110312132234,,,,False
부성빌라1동,1994,2.3,36.35551899155503,127.4340582881666,대전광역시 동구 용전동 48-9,30110312132235,,,,False
한울가동,1992,2.3,36.35547841508559,127.4345097352234,대전광역시 동구 용전동 48-16,30110312132236,,,,False
한울나동,1992,2.3,36.355472714664025,127.43470529568418,대전광역시 동구 용전동 48-17,30110312132237,,,,False
신일빌라2동,1994,2.3,36.35549354007768,127.43420102957008,대전광역시 동구 용전동 48-20,30110312132238,,,,False
신일빌라3동,1994,2.3,36.35548355287892,127.43435094027816,대전광역시 동구 용전동 48-21,30110312132239,,,,False
큰솔101동,1999,2.3,36.35578467965135,127.43480077751208,대전광역시 동구 용전동 48-22,30110100219464,,,,False
(49-7),1989,2.3,36.35581426962987,127.43550106025486,대전광역시 동구 용전동 49-7,30110312132241,,,,False
덕산하이츠,1994,2.3,36.35509852200237,127.4357808574345,대전광역시 동구 용전동 50-4,30110312132242,,,,False
한진빌라(50-7),1990,2.3,36.35494972195599,127.43547802345616,대전광역시 동구 용전동 50-7,30110312132243,,,,False
국영아트빌라나동,1994,2.3,36.35512273287064,127.4352895309037,대전광역시 동구 용전동 50-10,30110318216260,,,,False
한진빌라(50-22),1990,2.3,36.35485579513119,127.4357019938623,대전광역시 동구 용전동 50-22,30110312132244,,,,False
한진빌라(50-23),1990,2.3,36.35475458798928,127.4357337776191,대전광역시 동구 용전동 50-23,30110312132245,,,,False
한진빌라(50-25),1990,2.3,36.354952411422126,127.43561496656469,대전광역시 동구 용전동 50-25,30110312132246,,,,False
국영아트빌라가동,1994,2.3,36.35495492256824,127.43527198116666,대전광역시 동구 용전동 50-26,30110318216300,,,,False
푸른,2000,2.3,36.35426793313079,127.43630983653472,대전광역시 동구 용전동 57-21,30110100219465,,,,False
부전빌라605동,1993,2.3,36.35383189441033,127.43582596808366,대전광역시 동구 용전동 60-5,30110312132248,,,,False
부전빌라601동,1993,2.3,36.35384226953887,127.43635853469006,대전광역시 동구 용전동 60-6,30110312132249,,,,False
목화빌라,1991,2.3,36.353894578195934,127.43521738531513,대전광역시 동구 용전동 60-20,30110312132250,,,,False
신일빌라(604동),1993,2.3,36.35387888386123,127.4359645846394,대전광역시 동구 용전동 60-33,30110312132251,,,,False
부전빌라603동,1993,2.3,36.35386801049276,127.43609614743782,대전광역시 동구 용전동 60-34,30110312132252,,,,False
신일빌라(602동),1993,2.3,36.353911734603926,127.4362341959366,대전광역시 동구 용전동 60-35,30110312132253,,,,False
은혜,1990,2.3,36.35340432788029,127.43582387673575,대전광역시 동구 용전동 61-7,30110312132254,,,,False
(61-24),1993,2.3,36.35328914971812,127.43556366254504,대전광역시 동구 용전동 61-24,30110318216390,,,,False
유락주택(62-9),1989,2.3,36.35209411302504,127.43522574247784,대전광역시 동구 용전동 62-9,30110312132255,,,,False
유락주택(62-10),1989,2.3,36.35208555019133,127.4354083456476,대전광역시 동구 용전동 62-10,30110312132256,,,,False
(63-21),2022,2.7 (검증필요),36.35133832575718,127.43596415207014,대전광역시 동구 용전동 63-21,30110120440679,,,,False
한남빌라,1989,2.3,36.35252739292356,127.42817466543283,대전광역시 동구 용전동 80-24,30110312132257,,,,False
한남주택(80-26),1989,2.3,36.35257608652593,127.4283225272294,대전광역시 동구 용전동 80-26,30110312132258,,,,False
한남주택(80-27),1989,2.3,36.35241364506526,127.42831801358388,대전광역시 동구 용전동 80-27,30110312132259,,,,False
세움빌,2017,2.3,36.34932186792696,127.43532477585768,대전광역시 동구 용전동 117-21,30110320349970,,,,False
진정빌라,1990,2.3,36.3551816062252,127.43446813328882,대전광역시 동구 용전동 122-3,30110312132261,,,,False
세영,1982,2.3,36.35517082020232,127.43463961347676,대전광역시 동구 용전동 122-5,30110312132262,,,,False
영호빌라,1990,2.3,36.35491638692787,127.43450467714322,대전광역시 동구 용전동 122-8,30110312132263,,,,False
부광빌라,1995,2.3,36.35470014506204,127.434006812408,대전광역시 동구 용전동 124-1,30110312132264,,,,False
상웅빌라(125-1),1994,2.3,36.35408555345708,127.43395174285445,대전광역시 동구 용전동 125-1,30110312132265,,,,False
대성빌라A동,1991,2.3,36.35398907996535,127.43434383878144,대전광역시 동구 용전동 125-2,30110312132266,,,,False
상웅빌라(125-9),1994,2.3,36.35395363254678,127.43393819953336,대전광역시 동구 용전동 125-9,30110312132267,,,,False
대성빌라B동,1991,2.3,36.35406755039264,127.43420885465504,대전광역시 동구 용전동 125-27,30110312132268,,,,False
대운맨션,1984,2.3,36.35381276745162,127.43332265608316,대전광역시 동구 용전동 127-2,30110212132269,,,,False
협동맨션,1980,2.3,36.35363578048495,127.43347637539108,대전광역시 동구 용전동 127-3,30110212132270,,,,False
연흥빌라(A동),1994,2.3,36.35340457169304,127.4333490380518,대전광역시 동구 용전동 127-48,30110212132271,,,,False
연흥빌라(127-49),1994,2.3,36.353406781512334,127.43357562863504,대전광역시 동구 용전동 127-49,30110212132272,,,,False
노아빌,2012,2.3,36.35184383015935,127.43396449382148,대전광역시 동구 용전동 130-24,30110320167012,,,,False
한울,2002,2.3,36.35144352261142,127.43522724234018,대전광역시 동구 용전동 131-1,30110100219466,A36071602,195.0,"관리사무소, 노인정, 어린이놀이터, 자전거보관소",Needs Review
대풍빌라101동,1992,2.3,36.351490287273705,127.4329384311335,대전광역시 동구 용전동 133-11,30110312132274,,,,False
현우빌라,1992,2.3,36.351485754714574,127.43309435358358,대전광역시 동구 용전동 133-12,30110312132275,,,,False
대풍빌라,1992,2.3,36.35155511498061,127.4332552543984,대전광역시 동구 용전동 133-13,30110312132276,,,,False
우정빌라,1995,2.3,36.35107791852893,127.43407974205948,대전광역시 동구 용전동 135-5,30110312132277,,,,False
대지아트빌라,1994,2.3,36.35080743288111,127.43421241652716,대전광역시 동구 용전동 135-11,30110312132278,,,,False
국제맨션,1992,2.3,36.350216201916254,127.43431875305244,대전광역시 동구 용전동 138-9,30110312132279,,,,False
승효빌라,1991,2.3,36.35027758680204,127.43416294964872,대전광역시 동구 용전동 138-10,30110312132280,,,,False
정화빌라,1993,2.3,36.35006564872484,127.43309168439384,대전광역시 동구 용전동 140-20,30110312132281,,,,False
진성빌라5동,1986,2.3,36.3496789230633,127.43285293603785,대전광역시 동구 용전동 140-26,30110312132282,,,,False
진성빌라6동,1986,2.3,36.3496611488676,127.4329837052412,대전광역시 동구 용전동 140-27,30110312132283,,,,False
진성빌라7동,1986,2.3,36.3496570589802,127.43311248440035,대전광역시 동구 용전동 140-28,30110312132284,,,,False
진성빌라1동,1986,2.3,36.34981456264925,127.4328600084544,대전광역시 동구 용전동 140-31,30110312132285,,,,False
진성빌라2동,1986,2.3,36.34981061617457,127.43299166460795,대전광역시 동구 용전동 140-32,30110312132286,,,,False
진성빌라3동,1986,2.3,36.34980672909488,127.4331213298394,대전광역시 동구 용전동 140-33,30110312132287,,,,False
진성빌라4동,1986,2.3,36.34980306479578,127.43324710060722,대전광역시 동구 용전동 140-34,30110312132288,,,,False
두산빌라(143-9),1990,2.3,36.34937270890917,127.43436682413054,대전광역시 동구 용전동 143-9,30110312132289,,,,False
새마음빌라가동,1985,2.3,36.348782601311335,127.43388119563042,대전광역시 동구 용전동 143-26,30110212132290,,,,False
건양그린빌라나동,1995,2.3,36.3493655393917,127.43474537958546,대전광역시 동구 용전동 143-41,30110312132291,,,,False
새마음빌라나동,1986,2.3,36.34882202102735,127.43411053668687,대전광역시 동구 용전동 143-70,30110312132292,,,,False
건양그린빌라가동,1995,2.3,36.34938047176962,127.43490121822732,대전광역시 동구 용전동 143-87,30110312132293,,,,False
용전B동,1973,2.3,36.35528790098884,127.43095253567988,대전광역시 동구 용전동 147-10,30110212132294,,,,False
용전A동,1973,2.3,36.35510973713193,127.43093316228388,대전광역시 동구 용전동 147-16,30110200011025,,,,False
행운빌라,1990,2.3,36.354885614205386,127.43068373028282,대전광역시 동구 용전동 158-22,30110312132296,,,,False
세림빌라,1995,2.3,36.3548178804443,127.43174191327378,대전광역시 동구 용전동 160-2,30110312132297,,,,False
인기빌라,1994,2.3,36.35479511216248,127.43207212710224,대전광역시 동구 용전동 160-4,30110312132298,,,,False
법우빌라,1981,2.3,36.354134855418,127.43154571981148,대전광역시 동구 용전동 161-1,30110212132299,,,,False
영진빌라,1992,2.3,36.354207769789966,127.4318453031741,대전광역시 동구 용전동 161-3,30110312132300,,,,False
신일빌라,1991,2.3,36.35419538212693,127.4320097179625,대전광역시 동구 용전동 161-4,30110312132301,,,,False
수정빌라(162-2),1992,2.3,36.354289186152485,127.43074784133452,대전광역시 동구 용전동 162-2,30110312132302,,,,False
삼일주택,1991,2.3,36.35372442552338,127.43069258994824,대전광역시 동구 용전동 165-3,30110312132303,,,,False
국제빌라,1994,2.3,36.35366346852062,127.43178867713225,대전광역시 동구 용전동 166-3,30110318216890,,,,False
장미,1982,2.3,36.35281705643568,127.42994120947724,대전광역시 동구 용전동 169-16,30110312132304,A13114003,,None,False
상가아파트(172-1),1980,2.3,36.35234916491873,127.43139610209668,대전광역시 동구 용전동 172-1,30110212132305,,,,False
명성주택,1990,2.3,36.35234293601154,127.43164499520547,대전광역시 동구 용전동 172-9,30110312132306,,,,False
현대,1971,2.3,36.3516504356097,127.43021029717788,대전광역시 동구 용전동 174-17,30110212132307,A12208105,119.0,"관리사무소, 노인정, 어린이놀이터, 자전거보관소",Needs Review
카사부에나2동,2010,2.3,36.35209969640299,127.4292559261062,대전광역시 동구 용전동 175-1,30110320126427,,,,False
크로바,1985,2.3,36.35109310873515,127.43160515286048,대전광역시 동구 용전동 178,30110100011027,A68082503,18.0,"관리사무소, 노인정, 자전거보관소",Needs Review
대건주택,1991,2.3,36.3505476092402,127.43154630220066,대전광역시 동구 용전동 179-9,30110312132311,,,,False
두산빌라,1993,2.3,36.35035684674422,127.43144328384012,대전광역시 동구 용전동 179-16,30110312132312,,,,False
새피앙,1997,2.3,36.35066854191763,127.42951353684433,대전광역시 동구 용전동 181-1,30110100011024,A30076502,101.0,None,Needs Review
한숲,1999,2.3,36.35413160780506,127.42851984077828,대전광역시 동구 용전동 194-3,30110100011028,,,,False
카사부에나1동,2010,2.3,36.35278911141957,127.4283470011682,대전광역시 동구 용전동 198-38,30110320126428,,,,False
다모아빌리지(가),2005,2.3,36.3434787489044,127.43632574231265,대전광역시 동구 성남동 9-2,30110300442482,,,,False
다모아빌리지(나)동,2005,2.3,36.343621293582856,127.43625113105396,대전광역시 동구 성남동 9-86,30110300442483,,,,False
다모아빌리지(다),2005,2.3,36.34353987772034,127.4361497647221,대전광역시 동구 성남동 9-277,30110300442484,,,,False
삼흥빌라1,1991,2.3,36.34257325242976,127.43712406850187,대전광역시 동구 성남동 18-5,30110312132326,,,,False
삼흥빌라2,1991,2.3,36.342561295792805,127.4373065019746,대전광역시 동구 성남동 18-15,30110312132327,,,,False
삼흥빌라3,1991,2.3,36.342505825432994,127.43744744638585,대전광역시 동구 성남동 18-16,30110312132328,,,,False
삼흥빌라4,1991,2.3,36.342497557810844,127.43759112939271,대전광역시 동구 성남동 18-17,30110312132329,,,,False
삼흥빌라5,1991,2.3,36.34250732740081,127.43776467028218,대전광역시 동구 성남동 18-18,30110312132330,,,,False
네이티빌(다),2004,2.3,36.342257137014414,127.43613268877796,대전광역시 동구 성남동 31-7,30110312132331,,,,False
옥수빌라A,2001,2.3,36.34172209782585,127.43689888600971,대전광역시 동구 성남동 31-16,30110300442485,,,,False
옥수빌라B,2000,2.3,36.341725834248976,127.43722343980068,대전광역시 동구 성남동 31-26,30110300442486,,,,False
네이티빌(나),2003,2.3,36.34216862161199,127.43625954551857,대전광역시 동구 성남동 31-36,30110312132332,,,,False
네이티빌(가),2003,2.3,36.34201687338711,127.4361347116151,대전광역시 동구 성남동 31-37,30110312132333,,,,False
장미아트빌라A,1995,2.3,36.342946862124606,127.43751457761545,대전광역시 동구 성남동 35-8,30110312132334,,,,False
장미아트빌라C,1995,2.3,36.34276559112831,127.4374970585382,대전광역시 동구 성남동 35-15,30110312132335,,,,False
장미아트빌라B,1995,2.3,36.34299070913866,127.43764957334098,대전광역시 동구 성남동 35-67,30110312132336,,,,False
(37-26),1986,2.3,36.34315456488216,127.43626332170268,대전광역시 동구 성남동 37-26,30110312132337,,,,False
성남상가(43-81),1985,2.3,36.34464919077473,127.43542352461932,대전광역시 동구 성남동 43-81,30110320114871,,,,False
성남상가(43-109),1985,2.3,36.34458510201885,127.43564604246696,대전광역시 동구 성남동 43-109,30110320029651,,,,False
(43-130),2003,2.3,36.34404363993226,127.43460695200048,대전광역시 동구 성남동 43-130,30110312132338,,,,False
영원빌라,2003,2.3,36.34435323669899,127.43472929925596,대전광역시 동구 성남동 43-163,30110312132339,,,,False
호성빌라,2001,2.3,36.34300831428258,127.43548737603736,대전광역시 동구 성남동 44-9,30110300442487,,,,False
(46-12),1987,2.3,36.34229932020772,127.43597918030244,대전광역시 동구 성남동 46-12,30110312132340,,,,False
큰솔,2003,2.3,36.3416321336676,127.43394087986358,대전광역시 동구 성남동 157-1,30110100219467,,,,False
두방맨션A동,1996,2.3,36.34473096041405,127.4305922628164,대전광역시 동구 성남동 195-117,30110312132346,,,,False
두방맨션B동,1996,2.3,36.34471017681795,127.4303666439258,대전광역시 동구 성남동 195-118,30110312132347,,,,False
"공신맨션6,7",1996,2.3,36.345233862471815,127.4318156415344,대전광역시 동구 성남동 198,30110312132348,,,,False
공신맨션5,1996,2.3,36.34505917957378,127.43192778163105,대전광역시 동구 성남동 198-31,30110312132349,,,,False
"공신맨션3,4",1996,2.3,36.345083079161775,127.43219384586448,대전광역시 동구 성남동 198-33,30110312132350,,,,False
공신맨션2,1996,2.3,36.34513217642302,127.43237983043448,대전광역시 동구 성남동 198-34,30110312132351,,,,False
공신맨션1,1996,2.3,36.34502581871314,127.43252686675012,대전광역시 동구 성남동 198-35,30110312132352,,,,False
호성빌라C동,2003,2.3,36.34511806871348,127.43291905752062,대전광역시 동구 성남동 199-11,30110312132353,,,,False
호성빌라B동,2002,2.3,36.3451147259056,127.43279885972098,대전광역시 동구 성남동 199-15,30110312132354,,,,False
호성빌라A동,2002,2.3,36.34498297692604,127.43295610019312,대전광역시 동구 성남동 199-16,30110312132355,,,,False
황금빌라,1998,2.3,36.34415470897608,127.43202605864144,대전광역시 동구 성남동 200-20,30110300442488,,,,False
한밭빌라,1993,2.3,36.34401960896971,127.432483332171,대전광역시 동구 성남동 200-29,30110312132341,,,,False
동우빌라,1997,2.3,36.344136818109234,127.43180060629776,대전광역시 동구 성남동 200-32,30110312132342,,,,False
세원아트빌라,1996,2.3,36.34390417636282,127.43206672610458,대전광역시 동구 성남동 200-308,30110312132343,,,,False
동부힐스퀘어,2011,2.3,36.34835728985807,127.43697517726729,대전광역시 동구 성남동 494-19,30110120143873,,,,False
유락주택,1992,2.3,36.3474237092437,127.435742633976,대전광역시 동구 성남동 497-17,30110312132357,,,,False
광일빌라(2),1998,2.3,36.347250393422925,127.43588326372456,대전광역시 동구 성남동 497-41,30110300442490,,,,False
광일빌라(1),1998,2.3,36.34711647674665,127.43587743280024,대전광역시 동구 성남동 497-54,30110300442492,,,,False
부광빌라,1994,2.3,36.34756646525022,127.43692448276376,대전광역시 동구 성남동 498-2,30110312132359,,,,False
신영빌라,1990,2.3,36.3468776583071,127.43686024397644,대전광역시 동구 성남동 499-10,30110312132360,,,,False
대우,1978,2.3,36.346877853481566,127.43459187350943,대전광역시 동구 성남동 501-4,30110212132361,A54000309,240.0,"관리사무소, 노인정, 주민공동시설, 어린이놀이터, 자전거보관소",Needs Review
일흥빌라,1995,2.3,36.347202176179785,127.43453953035814,대전광역시 동구 성남동 501-15,30110312132362,,,,False
신원하이츠빌라A동,1994,2.3,36.34637621158521,127.43166456754786,대전광역시 동구 성남동 505-13,30110312132363,,,,False
신원하이츠빌라B동,1994,2.3,36.346288721986944,127.43155411112248,대전광역시 동구 성남동 505-29,30110312132364,,,,False
신원하이츠빌라C동,1994,2.3,36.346200190358736,127.4314420326914,대전광역시 동구 성남동 505-30,30110312132365,,,,False
석촌마을,2000,2.3,36.34101786726946,127.43837836492672,대전광역시 동구 성남동 518,30110100219469,A30076401,370.0,"관리사무소, 노인정, 어린이놀이터, 기타",Needs Review
효촌마을,2003,2.3,36.3455905358022,127.43468539118612,대전광역시 동구 성남동 520,30110100219470,A30070901,385.0,"관리사무소, 노인정, 보육시설, 어린이놀이터",Needs Review
스마트뷰,2011,2.3,36.34287057703155,127.43272255482093,대전광역시 동구 성남동 528,30110120145955,A30070903,1082.0,"관리사무소, 노인정, 보육시설, 문고, 주민공동시설, 어린이놀이터, 휴게시설, 커뮤니티공간, 자전거보관소",Needs Review
(5-2),1979,2.3,36.34894124915464,127.4311232022022,대전광역시 동구 홍도동 5-2,30110212132392,,,,False
(5-3),1979,2.3,36.34896620622955,127.43129637388242,대전광역시 동구 홍도동 5-3,30110212132393,,,,False
서희빌라,2001,2.3,36.34895520545128,127.43146754801366,대전광역시 동구 홍도동 5-4,30110300442493,,,,False
(5-5),1979,2.3,36.3489441489327,127.43163016989962,대전광역시 동구 홍도동 5-5,30110212132394,,,,False
동산빌라(6-1),1994,2.3,36.34904751235841,127.42993591614469,대전광역시 동구 홍도동 6-1,30110312132395,,,,False
신일빌라,1999,2.3,36.34898954437973,127.43071902643575,대전광역시 동구 홍도동 6-7,30110312132396,,,,False
상웅빌라,1992,2.3,36.348602525926935,127.43001938058794,대전광역시 동구 홍도동 7-2,30110312132397,,,,False
금강빌라,1991,2.3,36.34853568695424,127.43108204149576,대전광역시 동구 홍도동 8-2,30110312132398,,,,False
동구빌라,1990,2.3,36.34856504063764,127.43125441874632,대전광역시 동구 홍도동 8-3,30110312132399,,,,False
MOON,2023,2.7 (검증필요),36.3476753442761,127.43098382826857,대전광역시 동구 홍도동 9-8,30110220449049,,,,False
미도,1980,2.3,36.34785140802525,127.43127296079837,대전광역시 동구 홍도동 9-22,30110212132401,A10021530,0.0,"관리사무소, 어린이놀이터, 자전거보관소",False
홍도빌라(B동),1988,2.3,36.34748664790455,127.43049988244178,대전광역시 동구 홍도동 11-14,30110312132402,,,,False
(11-40),1988,2.3,36.347395303339326,127.43054547703412,대전광역시 동구 홍도동 11-40,30110312132405,,,,False
홍도,1996,2.3,36.34442358932725,127.42680948761002,대전광역시 동구 홍도동 14-1,30110100011035,A30083504,178.0,"관리사무소, 노인정, 어린이놀이터, 휴게시설, 자전거보관소",Needs Review
현암,1995,2.3,36.34408549800452,127.42490600021485,대전광역시 동구 홍도동 16-1,30110100011034,A30078202,49.0,"관리사무소, 노인정, 어린이놀이터, 자전거보관소",Needs Review
경성맨션1,1985,2.3,36.34596546458111,127.42544089280602,대전광역시 동구 홍도동 23-1,30110100011031,,,,False
홍도빌리지(23-20),1997,2.3,36.34521974651706,127.42697878058644,대전광역시 동구 홍도동 23-20,30110300442494,,,,False
홍도빌리지(23-21),1997,2.3,36.34529979495282,127.42715784281802,대전광역시 동구 홍도동 23-21,30110200442495,,,,False
홍도빌리지(23-22),1997,2.3,36.34541467847925,127.42732525010668,대전광역시 동구 홍도동 23-22,30110200442496,,,,False
홍도빌리지(23-23),1997,2.3,36.34552606334541,127.42746708266316,대전광역시 동구 홍도동 23-23,30110200442497,,,,False
홍도빌리지(23-24),1997,2.3,36.34526116839258,127.42757072266129,대전광역시 동구 홍도동 23-24,30110300442498,,,,False
청룡,1979,2.3,36.34691212499512,127.42793424057804,대전광역시 동구 홍도동 56-1,30110100011033,A30078103,0.0,"관리사무소, 노인정, 기타",False
청룡,1980,2.3,36.34718493034287,127.42734020873952,대전광역시 동구 홍도동 57,30110120361188,A30078103,0.0,"관리사무소, 노인정, 기타",False
성원빌라D동,1992,2.3,36.34772317317872,127.4290338899561,대전광역시 동구 홍도동 59-1,30110312132412,,,,False
성원빌라C동,1992,2.3,36.34765280281495,127.42890494435925,대전광역시 동구 홍도동 59-7,30110312132413,,,,False
성원빌라B동,1992,2.3,36.34758294902821,127.42876591382569,대전광역시 동구 홍도동 59-8,30110312132414,,,,False
성원빌라A동,1992,2.3,36.34750568114333,127.4286396678254,대전광역시 동구 홍도동 59-9,30110312132415,,,,False
경성3,1988,2.3,36.34598297685919,127.42906857966828,대전광역시 동구 홍도동 64-1,30110100011030,,,,False
두산빌라(가),1992,2.3,36.34645990853446,127.4287949879444,대전광역시 동구 홍도동 68-3,30110300442499,,,,False
가람주택A동,1979,2.3,36.346284188568205,127.4284014071607,대전광역시 동구 홍도동 68-6,30110212132417,,,,False
가람주택B동,1979,2.3,36.34634547544166,127.42853917823308,대전광역시 동구 홍도동 68-7,30110212132418,,,,False
두산빌라(나),1992,2.3,36.34651219949354,127.42894987180908,대전광역시 동구 홍도동 68-28,30110300442500,,,,False
성남빌라A동,1990,2.3,36.34903530432203,127.42950007422678,대전광역시 동구 홍도동 74-2,30110312132419,,,,False
성남빌라B동,1990,2.3,36.349104931412725,127.42958268018008,대전광역시 동구 홍도동 74-19,30110312132420,,,,False
평화로운,2006,2.3,36.348332394747786,127.42730403048704,대전광역시 동구 홍도동 89-17,30110120057187,A30676004,142.0,"관리사무소, 노인정, 어린이놀이터, 자전거보관소, 기타",Needs Review
대호빌라,1994,2.3,36.34888304695832,127.42749992627438,대전광역시 동구 홍도동 89-45,30110300442501,,,,False
동산빌라,1986,2.3,36.34922744308908,127.42616423560798,대전광역시 동구 홍도동 92-78,30110312132421,,,,False
풍산빌라,1994,2.3,36.35067308327724,127.42685482141368,대전광역시 동구 홍도동 96,30110312132422,,,,False
청우빌라(96-31),1995,2.3,36.35088710794725,127.42700182489672,대전광역시 동구 홍도동 96-31,30110300442502,,,,False
청우빌라(96-33),1995,2.3,36.35071854049012,127.42713972430045,대전광역시 동구 홍도동 96-33,30110300442503,,,,False
풍산빌라(96-34),1995,2.3,36.35071506919939,127.42736490767896,대전광역시 동구 홍도동 96-34,30110300442504,,,,False
청우빌라(96-38),1994,2.3,36.35047249608586,127.42678951390056,대전광역시 동구 홍도동 96-38,30110312132423,,,,False
문화연립(가동),1979,2.3,36.3479059929431,127.42001321793504,대전광역시 동구 홍도동 110-4,30110200442505,,,,False
문화연립(나동),1979,2.3,36.34800197488798,127.42016119977612,대전광역시 동구 홍도동 110-5,30110212132424,,,,False
문화연립(다동),1979,2.3,36.34801931103402,127.42029192521672,대전광역시 동구 홍도동 110-6,30110212132425,,,,False
문화연립(라동),1979,2.3,36.34799370673139,127.42042590101651,대전광역시 동구 홍도동 110-7,30110212132426,,,,False
대호하이츠,2016,2.3,36.34778285067088,127.42129272864246,대전광역시 동구 홍도동 113-6,30110120344899,,,,False
만인맨션101동,2013,2.3,36.347034844135024,127.42008366784272,대전광역시 동구 홍도동 125-7,30110320277729,,,,False
만인맨션102동,2013,2.3,36.346941241104304,127.4199289854288,대전광역시 동구 홍도동 125-9,30110320277873,,,,False
엄지빌라,1991,2.3,36.34710989421061,127.42067485724144,대전광역시 동구 홍도동 126-3,30110312132427,,,,False
영광빌라,1997,2.3,36.34714123483154,127.420963445131,대전광역시 동구 홍도동 126-4,30110300442507,,,,False
신우맨션,1997,2.3,36.34696681336911,127.42100865147027,대전광역시 동구 홍도동 126-13,30110320000185,,,,False
그린맨션,1997,2.3,36.34677443060576,127.4210585684047,대전광역시 동구 홍도동 126-19,30110312132428,,,,False
삼흥빌라,1997,2.3,36.34719920318823,127.42133815673276,대전광역시 동구 홍도동 127-1,30110312132429,,,,False
흥진빌라B동,1997,2.3,36.34726363151985,127.42148125844096,대전광역시 동구 홍도동 127-13,30110312132430,,,,False
흥진빌라A동,1997,2.3,36.34744929754539,127.421652584778,대전광역시 동구 홍도동 127-14,30110312132431,,,,False
신천프라자상가,1991,2.3,36.34655162840912,127.42066067911674,대전광역시 동구 홍도동 128-1,30110212132432,,,,False
동흥빌라,1998,2.3,36.34654241065847,127.42100606146197,대전광역시 동구 홍도동 128-2,30110312132433,,,,False
동흥빌라(128-10),1998,2.3,36.346507620928925,127.42118098216194,대전광역시 동구 홍도동 128-10,30110312132434,,,,False
흥진빌라,1998,2.3,36.34632939014629,127.42101553268664,대전광역시 동구 홍도동 128-11,30110312132435,,,,False
동산빌라(133-14),1997,2.3,36.34610240303837,127.42130871382687,대전광역시 동구 홍도동 133-14,30110312132436,,,,False
금실,1995,2.3,36.346429807516174,127.42220673697751,대전광역시 동구 홍도동 134-15,30110312132437,,,,False
시영,1983,2.3,36.34563544010072,127.42091592754753,대전광역시 동구 홍도동 135-1,30110100011032,A10021925,0.0,관리사무소,False
시영아파트,1984,2.3,36.34588706689869,127.42115824409808,대전광역시 동구 홍도동 135-2,30110120431775,A10021925,0.0,관리사무소,False
홍도빌라(나동),1993,2.3,36.34473149464176,127.4226769391056,대전광역시 동구 홍도동 142-2,30110312132441,,,,False
홍도빌라(다동),1993,2.3,36.344625117392496,127.42257542010717,대전광역시 동구 홍도동 142-3,30110312132442,,,,False
홍도빌라(가동),1993,2.3,36.34480096033504,127.4223853903737,대전광역시 동구 홍도동 142-6,30110312132443,,,,False
홍도빌라(라동),1993,2.3,36.34455516559012,127.42249057998453,대전광역시 동구 홍도동 142-8,30110312132444,,,,False
대복아트빌라(A동),1995,2.3,36.344511022073874,127.4229071223879,대전광역시 동구 홍도동 176-1,30110312132445,,,,False
대복아트빌라(B동),1995,2.3,36.344415924058325,127.42279037777352,대전광역시 동구 홍도동 176-8,30110312132446,,,,False
신동아파밀리에3단지,2007,2.3,36.3480962073336,127.4229361329868,대전광역시 동구 홍도동 1001,30110120071630,,,,False
신동아파밀리에4단지,2007,2.3,36.347915637799375,127.42441271306254,대전광역시 동구 홍도동 1002,30110120071631,,,,False
신동아파밀리에1단지,2007,2.3,36.34820142902984,127.42539907355746,대전광역시 동구 홍도동 1003,30110120071632,,,,False
신동아파밀리에2단지,2007,2.3,36.34685277872187,127.42653582032132,대전광역시 동구 홍도동 1004,30110120071633,,,,False
홍도동갤러리휴리움,2023,2.7 (검증필요),36.345460074827045,127.4259800511846,대전광역시 동구 홍도동 1012,30110120444439,,,,False
에코시티,2024,2.7 (검증필요),36.34516578958977,127.42841453552433,대전광역시 동구 홍도동 1014,30110120452521,,,,False
대전역대라수어썸브릿지1단지,2024,2.7 (검증필요),36.33788220595266,127.43075775537235,대전광역시 동구 삼성동 106-28,30110120451864,,,,False
맑은미소,2006,2.3,36.33702092061204,127.43044547416056,대전광역시 동구 삼성동 108-3,30110120022822,A10022087,89.0,"관리사무소, 노인정",Needs Review
대전역대라수어썸브릿지2단지,2024,2.7 (검증필요),36.337324883629776,127.4309176384054,대전광역시 동구 삼성동 109-1,30110120451865,,,,False
호성빌라(132-7),1994,2.3,36.33786170702744,127.43239092028276,대전광역시 동구 삼성동 132-7,30110312132468,,,,False
동건빌라,1992,2.3,36.34090632985409,127.43311210867743,대전광역시 동구 삼성동 150-6,30110312132473,,,,False
보전빌라,1995,2.3,36.34089004610895,127.4327553399092,대전광역시 동구 삼성동 150-8,30110312132474,,,,False
호성빌라,1997,2.3,36.34033785202398,127.43344496550102,대전광역시 동구 삼성동 150-81,30110300442514,,,,False
평화빌라,1992,2.3,36.34055291140902,127.43317588251654,대전광역시 동구 삼성동 150-216,30110312132475,,,,False
삼익빌라,1992,2.3,36.34054837998095,127.43332963674663,대전광역시 동구 삼성동 150-217,30110312132476,,,,False
원앙빌라,1993,2.3,36.34057135035452,127.43348125556764,대전광역시 동구 삼성동 150-218,30110312132477,,,,False
목련빌라,1993,2.3,36.340527798056826,127.43364989956429,대전광역시 동구 삼성동 150-219,30110312132478,A54509005,0.0,"관리사무소, 보육시설, 주민공동시설, 어린이놀이터, 유치원, 자전거보관소, 기타",False
건양빌라,1995,2.3,36.34088420856047,127.43297052313176,대전광역시 동구 삼성동 150-227,30110312132479,,,,False
아트빌라,1995,2.3,36.34051473720531,127.432801713648,대전광역시 동구 삼성동 150-228,30110312132480,,,,False
코아빌라,1995,2.3,36.34055320004788,127.43302085243982,대전광역시 동구 삼성동 150-229,30110312132481,,,,False
미래빌라,1995,2.3,36.340137359879,127.43285364388508,대전광역시 동구 삼성동 150-230,30110312132482,,,,False
하늘빌라,1995,2.3,36.3402729407571,127.43305802944384,대전광역시 동구 삼성동 150-231,30110312132483,,,,False
그린빌라(150-232),1995,2.3,36.33975643823926,127.43290309147002,대전광역시 동구 삼성동 150-232,30110312132484,A15271602,0.0,"관리사무소, 노인정, 보육시설, 문고, 주민공동시설, 어린이놀이터, 휴게시설, 유치원, 커뮤니티공간, 자전거보관소, 기타",False
"삼성빌라(가,나)",1995,2.3,36.33985316954289,127.43311210525168,대전광역시 동구 삼성동 150-234,30110312132485,A10020567,0.0,None,False
한밭상가,1983,2.3,36.335249251176094,127.42794333813929,대전광역시 동구 삼성동 269-13,30110100011041,,,,False
삼성,1977,2.3,36.333976899009045,127.42564580977518,대전광역시 동구 삼성동 278-1,30110100011038,A53035010,0.0,"노인정, 어린이놀이터",False
빌라맨션,1980,2.3,36.33445569889363,127.42515152583763,대전광역시 동구 삼성동 279-1,30110100011037,A10021107,,"관리사무소, 자전거보관소, 기타",False
세종빌라(288-1),2008,2.3,36.33833673688527,127.42728464143642,대전광역시 동구 삼성동 288-1,30110320107320,,,,False
세종빌라(289-16),2007,2.3,36.33798977363302,127.42738929407946,대전광역시 동구 삼성동 289-16,30110320080038,,,,False
대창연립,1984,2.3,36.33891455097592,127.42978227451826,대전광역시 동구 삼성동 295-2,30110200442515,,,,False
대청,1985,2.3,36.34098512919434,127.42704125810572,대전광역시 동구 삼성동 302-94,30110100011036,A13594007,27.0,None,Needs Review
부전빌라(313-10),1993,2.3,36.33795845851009,127.42339471952045,대전광역시 동구 삼성동 313-10,30110312132491,,,,False
그린빌라(320-2),1999,2.3,36.33998373323165,127.42392959359287,대전광역시 동구 삼성동 320-2,30110300442516,A15271602,0.0,"관리사무소, 노인정, 보육시설, 문고, 주민공동시설, 어린이놀이터, 휴게시설, 유치원, 커뮤니티공간, 자전거보관소, 기타",False
화이트빌,2016,2.3,36.33971953929266,127.42182263422626,대전광역시 동구 삼성동 324-13,30110320332658,A46381002,436.0,"관리사무소, 노인정, 어린이놀이터, 휴게시설, 자전거보관소",Needs Review
대명빌라(가),1992,2.3,36.339156050666176,127.42111533010812,대전광역시 동구 삼성동 327-7,30110312132492,,,,False
대명빌라(나),1992,2.3,36.33905981787553,127.42099857956548,대전광역시 동구 삼성동 327-13,30110312132493,,,,False
대명빌라(다),1993,2.3,36.33896288687815,127.42088104815944,대전광역시 동구 삼성동 327-14,30110312132494,,,,False
대명빌라(라),1993,2.3,36.33886700786164,127.42076391499197,대전광역시 동구 삼성동 327-15,30110312132495,,,,False
영승빌라,1993,2.3,36.3403404975539,127.41865182178849,대전광역시 동구 삼성동 335-1,30110312132496,,,,False
340-17,1981,2.3,36.34031428943384,127.4159375905837,대전광역시 동구 삼성동 340-17,30110212132497,,,,False
부전빌라,1991,2.3,36.34111000292537,127.41575867807012,대전광역시 동구 삼성동 341-17,30110312132498,,,,False
둔산빌라(B동),1993,2.3,36.3415209911027,127.41580776785668,대전광역시 동구 삼성동 342-9,30110312132499,,,,False
둔산빌라(A동),1993,2.3,36.34155135112843,127.41594025998111,대전광역시 동구 삼성동 342-31,30110312132500,,,,False
한밭빌라,1984,2.3,36.34157636702231,127.41488202446294,대전광역시 동구 삼성동 343-22,30110312132501,,,,False
대진빌라,1993,2.3,36.341704438879006,127.41685867022552,대전광역시 동구 삼성동 345-10,30110312132502,,,,False
(350-5),1990,2.3,36.341403715559785,127.41778052000706,대전광역시 동구 삼성동 350-5,30110320032219,,,,False
"삼우빌라A,B",1990,2.3,36.34172011078077,127.41801151271753,대전광역시 동구 삼성동 350-7,30110312132503,,,,False
(350-9),2018,2.3,36.3416001429531,127.41788120679747,대전광역시 동구 삼성동 350-9,30110320360119,,,,False
삼우빌라,1990,2.3,36.34171630573162,127.4181355932288,대전광역시 동구 삼성동 350-18,30110312132504,,,,False
그랜드빌라,2002,2.3,36.3419519823528,127.41845665120658,대전광역시 동구 삼성동 352-19,30110312132505,,,,False
현암빌라(355-1),1991,2.3,36.34167043676579,127.41923285927304,대전광역시 동구 삼성동 355-1,30110312132506,,,,False
현암빌라(355-35),1990,2.3,36.34173597112385,127.41940302693476,대전광역시 동구 삼성동 355-35,30110312132507,,,,False
성은맨션,1984,2.3,36.34109198499101,127.41881650234475,대전광역시 동구 삼성동 356-1,30110212132508,,,,False
솔랑마을,2000,2.3,36.34314533860189,127.4235407215722,대전광역시 동구 삼성동 369-1,30110100011039,A30081601,159.0,None,Needs Review
금실빌라,1995,2.3,36.343085634785645,127.421282247836,대전광역시 동구 삼성동 372-2,30110312132510,,,,False
성하,1995,2.3,36.34311061809626,127.42147050687048,대전광역시 동구 삼성동 372-28,30110312132511,,,,False
부전빌라(373-16),1994,2.3,36.34325098932928,127.42010303637473,대전광역시 동구 삼성동 373-16,30110312132512,,,,False
부전빌라(701),1994,2.3,36.343123294235255,127.41862292218424,대전광역시 동구 삼성동 376-4,30110312132513,,,,False
부전빌라(702),1994,2.3,36.34304348491263,127.41850868208476,대전광역시 동구 삼성동 376-34,30110312132514,,,,False
탑그린빌라(가),1995,2.3,36.34405085819298,127.42002698109532,대전광역시 동구 삼성동 378-3,30110312132515,,,,False
탑그린빌라(나),1995,2.3,36.34399283695968,127.41952413112732,대전광역시 동구 삼성동 378-10,30110312132516,,,,False
가나안3,1983,2.3,36.34418308947132,127.41823908978348,대전광역시 동구 삼성동 382-7,30110212132517,,,,False
바울빌라,1990,2.3,36.34453782195389,127.41823330634335,대전광역시 동구 삼성동 382-21,30110312132518,,,,False
가나안2,1983,2.3,36.34410569313529,127.41838866554704,대전광역시 동구 삼성동 382-41,30110212132519,,,,False
가나안1,1983,2.3,36.34400061809859,127.41850184843884,대전광역시 동구 삼성동 382-43,30110212132520,,,,False
한국,1982,2.3,36.34366404309632,127.41834335373667,대전광역시 동구 삼성동 383-3,30110212132521,A50183101,68.0,"관리사무소, 노인정, 어린이놀이터, 자전거보관소",Needs Review
민정주택,1991,2.3,36.344375113805896,127.41622502781964,대전광역시 동구 삼성동 385-8,30110312132522,,,,False
장미그린빌라A,1994,2.3,36.344172281683896,127.41643262114164,대전광역시 동구 삼성동 385-16,30110312132523,,,,False
장미그린빌라B,1994,2.3,36.34408256874079,127.4165336424634,대전광역시 동구 삼성동 385-17,30110312132524,,,,False
영화,1978,2.3,36.34358498214994,127.41710728424862,대전광역시 동구 삼성동 387-8,30110212132525,A10026266,187.0,None,Needs Review
(389-1),1984,2.3,36.34280461018861,127.41737724459584,대전광역시 동구 삼성동 389-1,30110320423811,,,,False
홍익빌라5,1990,2.3,36.342759663563584,127.41622168853551,대전광역시 동구 삼성동 389-6,30110312132526,,,,False
홍익빌라4,1990,2.3,36.34277959998741,127.41634630748564,대전광역시 동구 삼성동 389-28,30110312132527,,,,False
홍익빌라3,1990,2.3,36.34278407890799,127.41647666232626,대전광역시 동구 삼성동 389-29,30110312132528,,,,False
홍익빌라2,1990,2.3,36.34278860316813,127.41660716563024,대전광역시 동구 삼성동 389-30,30110312132529,,,,False
홍익빌라1,1990,2.3,36.34279310276692,127.41673713177332,대전광역시 동구 삼성동 389-31,30110312132530,,,,False
아트빌라13,1990,2.3,36.34356313524066,127.41673463102694,대전광역시 동구 삼성동 390-1,30110312132531,,,,False
아트빌라12,1990,2.3,36.3434563378609,127.41680993081852,대전광역시 동구 삼성동 390-2,30110312132532,,,,False
아트빌라1,1991,2.3,36.34301309763483,127.41635812018306,대전광역시 동구 삼성동 390-6,30110212132533,,,,False
아트빌라2,1991,2.3,36.34335470014439,127.41624931897827,대전광역시 동구 삼성동 390-9,30110212132534,,,,False
아트빌라6,1991,2.3,36.34343128618166,127.41660658295784,대전광역시 동구 삼성동 390-26,30110212132535,,,,False
아트빌라11,1990,2.3,36.34337185379653,127.4168695165406,대전광역시 동구 삼성동 390-28,30110312132536,,,,False
아트빌라4,1991,2.3,36.34335844078383,127.41645493268808,대전광역시 동구 삼성동 390-30,30110212132537,,,,False
아트빌라3,1991,2.3,36.343077353305816,127.41654429884323,대전광역시 동구 삼성동 390-35,30110212132538,,,,False
아트빌라5,1991,2.3,36.34307925642773,127.41669914049928,대전광역시 동구 삼성동 390-36,30110212132539,,,,False
아트빌라7,1990,2.3,36.34301875874699,127.41689344406848,대전광역시 동구 삼성동 390-38,30110312132540,,,,False
아트빌라8,1990,2.3,36.34301445122424,127.41702071373274,대전광역시 동구 삼성동 390-39,30110312132541,,,,False
아트빌라10,1990,2.3,36.34314694282632,127.41690894691334,대전광역시 동구 삼성동 390-40,30110312132542,,,,False
아트빌라9,1990,2.3,36.343258080436144,127.41683518774398,대전광역시 동구 삼성동 390-41,30110312132543,,,,False
신원빌라(라),1990,2.3,36.34391311015989,127.41616142654738,대전광역시 동구 삼성동 391-3,30110312132544,,,,False
대운빌라2,1992,2.3,36.343789509614496,127.415982012244,대전광역시 동구 삼성동 391-10,30110312132545,,,,False
신원빌라(가),1990,2.3,36.34385602372057,127.41643521542048,대전광역시 동구 삼성동 391-26,30110312132546,,,,False
신원빌라(나),1990,2.3,36.34380995127403,127.41633616680264,대전광역시 동구 삼성동 391-27,30110312132547,,,,False
신원빌라(다),1990,2.3,36.34374475933368,127.41622618337814,대전광역시 동구 삼성동 391-28,30110312132548,,,,False
대운빌라1,1992,2.3,36.343662849678736,127.41604217415532,대전광역시 동구 삼성동 391-32,30110312132549,,,,False
(392-6),1986,2.3,36.344031955350495,127.41461847460565,대전광역시 동구 삼성동 392-6,30110320435173,,,,False
해주빌라,1997,2.3,36.34327505973468,127.41484444944508,대전광역시 동구 삼성동 393-6,30110300442517,,,,False
런던빌라,1994,2.3,36.343530433393695,127.41476067552752,대전광역시 동구 삼성동 393-7,30110312132550,,,,False
삼성빌리지,2003,2.3,36.342885579510266,127.41564054952752,대전광역시 동구 삼성동 394-14,30110312132551,,,,False
한밭자이,2006,2.3,36.34079493567779,127.42419873031956,대전광역시 동구 삼성동 479,30110120054484,A30017002,1086.0,"관리사무소, 노인정, 보육시설, 문고, 주민공동시설, 어린이놀이터, 휴게시설, 자전거보관소",Needs Review
삼성타운2단지,2007,2.3,36.3403344571666,127.43271257295484,대전광역시 동구 삼성동 481,30110120073248,A30071201,106.0,"관리사무소, 노인정, 주민공동시설, 어린이놀이터, 자전거보관소",Needs Review
삼성타운1단지,2007,2.3,36.34008586531671,127.43192600283004,대전광역시 동구 삼성동 482,30110120073249,,,,False
(25-10),2014,2.3,36.33083584180348,127.43000038471804,대전광역시 동구 중동 25-10,30110320293033,,,,False
올인하우징1,2018,2.3,36.33226418912758,127.42824562438943,대전광역시 동구 중동 32-2,30110120374141,,,,False
올인하우징2,2018,2.3,36.33213833972464,127.42832337385624,대전광역시 동구 중동 32-32,30110120373928,,,,False
반석시티,2019,2.3,36.33073759097881,127.4292395274873,대전광역시 동구 중동 56-7,30110120394276,,,,False
산내주공아파트,1990,2.3,36.284692520423576,127.46842567803762,대전광역시 동구 낭월동 205,30110100219479,,,,False
맘모스빌라,1991,2.3,36.28432637159935,127.46650636520982,대전광역시 동구 낭월동 208-6,30110312132561,,,,False
오투그란데,2008,2.3,36.28599249678625,127.46452662993688,대전광역시 동구 낭월동 304,30110120099582,A10023392,609.0,"관리사무소, 노인정, 보육시설, 자전거보관소",Needs Review
대호하이츠,2011,2.3,36.27795381603445,127.46520133979108,대전광역시 동구 낭월동 507,30110220137854,,,,False
대호하이츠4,2013,2.3,36.2792996636768,127.46633090073098,대전광역시 동구 낭월동 555,30110220174563,,,,False
대호하이츠3,2012,2.3,36.27931545605098,127.46757561267614,대전광역시 동구 낭월동 568,30110220161304,,,,False
대호하이츠6,2014,2.3,36.279150697669024,127.46792403781215,대전광역시 동구 낭월동 570,30110320286780,,,,False
대호하이츠2,2012,2.3,36.27885956536959,127.46774533321592,대전광역시 동구 낭월동 580,30110220148942,,,,False
대복아트빌라,1994,2.3,36.27970359459569,127.4680789384946,대전광역시 동구 낭월동 593,30110312132559,,,,False
석천들주공,2004,2.3,36.2771963425447,127.46767350503666,대전광역시 동구 낭월동 611,30110100258088,A30022003,265.0,"관리사무소, 노인정, 어린이놀이터, 휴게시설, 자전거보관소",Needs Review
고센하이빌,2012,2.3,36.27817779513702,127.46873784285792,대전광역시 동구 낭월동 614,30110320165438,,,,False
e편한세상,2011,2.3,36.28220974439752,127.46902779463925,대전광역시 동구 낭월동 723,30110120142650,A21780802,193.0,"관리사무소, 노인정, 주민공동시설, 어린이놀이터",Needs Review
유니온주택(122),1991,2.3,36.28638015557418,127.45878164625476,대전광역시 동구 대별동 122,30110312132565,,,,False
유니온주택(122-8),1991,2.3,36.286436818738885,127.45825613007094,대전광역시 동구 대별동 122-8,30110312132566,,,,False
주택(144-1),1980,2.3,36.28912173493435,127.46039560399736,대전광역시 동구 대별동 144-1,30110312132567,,,,False
동성주택,1986,2.3,36.297247357171166,127.46291758527651,대전광역시 동구 대성동 18,30110212132569,,,,False
삼익세라믹,1991,2.3,36.298112685539685,127.46098541171877,대전광역시 동구 대성동 30,30110100011042,A50119007,0.0,"관리사무소, 노인정, 어린이놀이터, 자전거보관소",False
고산주택,1984,2.3,36.29731235192824,127.46155936829824,대전광역시 동구 대성동 31-9,30110212132571,,,,False
대성주택,1982,2.3,36.29683002219672,127.4609087087726,대전광역시 동구 대성동 35,30110212132572,,,,False
서미가아파트,2017,2.3,36.297440814556914,127.45990822311462,대전광역시 동구 대성동 42-1,30110120354771,,,,False
은어송마을2단지(코오롱하늘채),2007,2.3,36.3019296944216,127.45835292990331,대전광역시 동구 대성동 130,30110120064742,A30021002,1417.0,"관리사무소, 노인정, 보육시설, 문고, 주민공동시설, 어린이놀이터, 자전거보관소",Needs Review
태경맨션(A동),2004,2.3,36.29522856291291,127.46144122023152,대전광역시 동구 대성동 217-5,30110312132575,,,,False
태경맨션(B동),2004,2.3,36.29522397730976,127.4617558380318,대전광역시 동구 대성동 219,30110312132576,,,,False
산내주택,1983,2.3,36.29669086254656,127.46026921433096,대전광역시 동구 대성동 225-6,30110212132577,,,,False
세인주택,1984,2.3,36.29667686449474,127.46182880204584,대전광역시 동구 대성동 231-14,30110212132578,,,,False
대성연립,1991,2.3,36.29460908374649,127.46239716048328,대전광역시 동구 대성동 249-8,30110312132579,,,,False
은어송코오롱하늘채2차,2016,2.3,36.29879631359661,127.459782450821,대전광역시 동구 대성동 420,30110120343233,A10027361,458.0,"관리사무소, 노인정, 보육시설, 문고, 주민공동시설, 어린이놀이터, 커뮤니티공간, 자전거보관소",Needs Review
은어송하늘채리버뷰,2024,2.7 (검증필요),36.29860240062074,127.457823549586,대전광역시 동구 대성동 454,30110120452118,A10022382,1254.0,"관리사무소, 노인정, 보육시설, 문고, 주민공동시설, 어린이놀이터, 휴게시설, 커뮤니티공간, 자전거보관소",True
동남주택,1985,2.3,36.295963733148255,127.46298090392936,대전광역시 동구 대성동 산19-14,30110212132582,,,,False
다온아파트,2019,2.3,36.334271432679785,127.4213924364924,대전광역시 중구 선화동 77-1,30140120395837,,,,False
선화Ⅱ참좋은아파트,2017,2.3,36.3339776055952,127.42279232361722,대전광역시 중구 선화동 82-1,30140120346689,,,,False
참좋은,2008,2.3,36.33204623724788,127.42230064388131,대전광역시 중구 선화동 83-1,30140120090606,,,,False
선화상가,1983,2.3,36.336439567209496,127.41769655135772,대전광역시 중구 선화동 114-2,30140100010893,,,,False
자연시티빌,2007,2.3,36.33139681699819,127.42203906810892,대전광역시 중구 선화동 123-2,30140120040593,,,,False
그린빌라트,2002,2.3,36.33251443348768,127.41952414545504,대전광역시 중구 선화동 132-3,30140100219484,,,,False
트윈스빌,2002,2.3,36.33183267620216,127.41930633357664,대전광역시 중구 선화동 133-27,30140312132595,,,,False
세림맨션,1980,2.3,36.3349734094471,127.41734960485178,대전광역시 중구 선화동 143-1,30140100010894,,,,False
선화동세울더레스트3차,2023,2.7 (검증필요),36.33440157032204,127.41837770512284,대전광역시 중구 선화동 147-2,30140120449012,,,,False
현대,1986,2.3,36.33320415799507,127.4184135605208,대전광역시 중구 선화동 151-1,30140100010896,A12208105,119.0,"관리사무소, 노인정, 어린이놀이터, 자전거보관소",Needs Review
선호,2001,2.3,36.33380405940817,127.41897598474478,대전광역시 중구 선화동 152-1,30140100219486,A30173201,206.0,"관리사무소, 노인정, 주민공동시설, 어린이놀이터",Needs Review
아르젠,2005,2.3,36.33583481176305,127.41607005045356,대전광역시 중구 선화동 159-5,30140120009330,A10022768,86.0,관리사무소,Needs Review
선화맨션,1981,2.3,36.33527520377537,127.41610979392152,대전광역시 중구 선화동 160-1,30140100010892,,,,False
그린빌라,2002,2.3,36.33526282147305,127.41582659144824,대전광역시 중구 선화동 160-5,30140312132600,A15271602,0.0,"관리사무소, 노인정, 보육시설, 문고, 주민공동시설, 어린이놀이터, 휴게시설, 유치원, 커뮤니티공간, 자전거보관소, 기타",False
현암에버드림,2012,2.3,36.33547525779736,127.41688932287845,대전광역시 중구 선화동 161-2,30140120169718,,,,False
화이트타운,2016,2.3,36.33557889989776,127.41659447586768,대전광역시 중구 선화동 161-3,30140120345363,,,,False
한남그린빌라,1994,2.3,36.33369822544169,127.41597481554786,대전광역시 중구 선화동 163-25,30140200010895,,,,False
제일빌라,1995,2.3,36.33408287188564,127.41595997501616,대전광역시 중구 선화동 163-70,30140312132602,,,,False
화이트빌B동,2002,2.3,36.33421777305686,127.41491111724343,대전광역시 중구 선화동 163-119,30140312132603,,,,False
화이트빌A동,2002,2.3,36.3342470038301,127.41503655492184,대전광역시 중구 선화동 163-120,30140312132604,,,,False
세종빌,2004,2.3,36.32979408247127,127.41806698670744,대전광역시 중구 선화동 185-16,30140312132605,,,,False
(185-26),1980,2.3,36.33021223041602,127.41892138459022,대전광역시 중구 선화동 185-26,30140212132606,,,,False
대성주택,2003,2.3,36.32812537064669,127.42220245536431,대전광역시 중구 선화동 228-1,30140312132610,,,,False
선화동나이스타운,2013,2.3,36.32862079025691,127.42269949103913,대전광역시 중구 선화동 230-1,30140120277606,,,,False
아이빌,2013,2.3,36.328977790544165,127.42251536168416,대전광역시 중구 선화동 232-4,30140320172655,A10021976,,None,False
토마토하우스,2013,2.3,36.32895466574293,127.42176036330387,대전광역시 중구 선화동 236-22,30140220171615,,,,False
빌리프,2016,2.3,36.32841316282415,127.42125881144084,대전광역시 중구 선화동 283,30140120344379,A10025907,2.0,"관리사무소, 휴게시설, 자전거보관소",Needs Review
선화동스마트284,2013,2.3,36.32820579164415,127.421344170928,대전광역시 중구 선화동 284-4,30140120180425,,,,False
평화빌리지주택,2000,2.3,36.32835315029199,127.41837468083462,대전광역시 중구 선화동 367-1,30140212132617,,,,False
블레스,2014,2.3,36.32732734071734,127.41863066103436,대전광역시 중구 선화동 369-2,30140120299816,,,,False
엠제이,2011,2.3,36.326763615852194,127.41921127114578,대전광역시 중구 선화동 372-2,30140120142199,,,,False
에이스퀘어,2022,2.7 (검증필요),36.32560916359083,127.41960864318712,대전광역시 중구 선화동 379-1,30140120432617,A10023908,117.0,"관리사무소, 자전거보관소",True
청금빌라트,1999,2.3,36.32533943832274,127.41828893169992,대전광역시 중구 선화동 382-95,30140312132618,,,,False
성암빌라,2003,2.3,36.32597246394346,127.41814240742202,대전광역시 중구 선화동 394-3,30140312132619,,,,False
하모니빌,2008,2.3,36.327145760925184,127.41791636583032,대전광역시 중구 선화동 402-13,30140320090923,,,,False
스카이뷰C동,2017,2.3,36.32660876193123,127.41760255814054,대전광역시 중구 선화동 403-9,30140320358295,,,,False
스카이뷰B동,2017,2.3,36.3266419749518,127.41777527056934,대전광역시 중구 선화동 403-31,30140320358291,,,,False
스카이뷰A동,2017,2.3,36.32666533402042,127.417934609836,대전광역시 중구 선화동 403-32,30140320358272,,,,False
세원빌라가동,1997,2.3,36.32820142560921,127.41682294039538,대전광역시 중구 선화동 413-5,30140312132620,,,,False
세원빌라나동,1997,2.3,36.32808792310637,127.4166870430147,대전광역시 중구 선화동 413-6,30140312132621,,,,False
상웅빌라,1991,2.3,36.32798396074173,127.41655396554624,대전광역시 중구 선화동 413-7,30140312132622,,,,False
로얄빌라,1991,2.3,36.327295858669785,127.41650787629996,대전광역시 중구 선화동 423-1,30140312132623,,,,False
행운빌라,1992,2.3,36.32693811129987,127.41652374187692,대전광역시 중구 선화동 423-15,30140312132624,,,,False
(425-26),1995,2.3,36.32631384641465,127.41694487331888,대전광역시 중구 선화동 425-26,30140300442519,,,,False
선화빌라,1991,2.3,36.32598909111799,127.41662867714936,대전광역시 중구 선화동 428-1,30140212132626,,,,False
상아주택라동,1994,2.3,36.32579259027399,127.41666284073622,대전광역시 중구 선화동 429-1,30140312132627,,,,False
상아주택다동,1993,2.3,36.32551340641125,127.41664239918155,대전광역시 중구 선화동 430-2,30140312132628,,,,False
상아주택나동,1993,2.3,36.32552473498768,127.4167734007714,대전광역시 중구 선화동 430-13,30140312132629,,,,False
상아주택가동,1993,2.3,36.32554324957847,127.41691036348747,대전광역시 중구 선화동 430-14,30140312132630,,,,False
삼덕그린빌라102동,1996,2.3,36.32541877181039,127.41739830419542,대전광역시 중구 선화동 430-15,30140312132631,,,,False
삼덕그린빌라101동,1996,2.3,36.32548915220045,127.417140308274,대전광역시 중구 선화동 431,30140212132632,,,,False
센트럴뷰,2012,2.3,36.32397537319251,127.41701103569702,대전광역시 중구 선화동 877,30140120152972,A30173202,793.0,"관리사무소, 노인정, 보육시설, 문고, 주민공동시설, 어린이놀이터, 휴게시설, 유치원, 커뮤니티공간, 자전거보관소",Needs Review
대전해모로더센트라,2024,2.7 (검증필요),36.330234024844856,127.4159928352372,대전광역시 중구 선화동 895,30140120450020,,,,False
대전하늘채스카이앤,2024,2.7 (검증필요),36.33700870346151,127.41954159411928,대전광역시 중구 선화동 903,30140120452142,,,,False
대전한신더휴리저브주상복합,2024,2.7 (검증필요),36.33517863733511,127.42153684864836,대전광역시 중구 선화동 908,30140120453361,A10021505,,None,False
반도빌라(10-33),1990,2.3,36.3360423037916,127.40951604306883,대전광역시 중구 목동 10-33,30140312132639,,,,False
우석하이츠,1993,2.3,36.336322594959846,127.40950250647262,대전광역시 중구 목동 10-35,30140212132640,,,,False
반도빌라(10-57),1990,2.3,36.33601754692488,127.4094116173196,대전광역시 중구 목동 10-57,30140312132641,,,,False
반도빌라(10-58),1990,2.3,36.33586599806059,127.4095820317203,대전광역시 중구 목동 10-58,30140312132642,,,,False
반도빌라나동,1990,2.3,36.3358684606643,127.40969805691454,대전광역시 중구 목동 10-59,30140312132643,,,,False
MAIBAUM,2013,2.3,36.33517370192477,127.41109462473128,대전광역시 중구 목동 15-664,30140320182313,,,,False
평화,1984,2.3,36.33350953389712,127.40849139889482,대전광역시 중구 목동 21-1,30140100010898,A10021173,47.0,"관리사무소, 노인정, 어린이놀이터, 휴게시설, 자전거보관소",Needs Review
목양마을,2003,2.3,36.334754168714056,127.40555372382504,대전광역시 중구 목동 24,30140100050870,A30107003,1672.0,"관리사무소, 노인정, 보육시설, 문고, 주민공동시설, 어린이놀이터",Needs Review
신일빌라(52-37),1993,2.3,36.33811263202671,127.40817727565388,대전광역시 중구 목동 52-37,30140312132650,,,,False
임광빌라(52-98),1994,2.3,36.33792647501343,127.40803199644638,대전광역시 중구 목동 52-98,30140312132651,,,,False
신일빌라(52-206),1993,2.3,36.338043679180174,127.40807386194471,대전광역시 중구 목동 52-206,30140312132652,,,,False
(64-5),1979,2.3,36.33568250244306,127.4030783140266,대전광역시 중구 목동 64-5,30140312132653,,,,False
금호한사랑,2001,2.3,36.33151936088533,127.41337314155484,대전광역시 중구 목동 111-12,30140100010897,A30107002,924.0,"관리사무소, 노인정, 보육시설, 주민공동시설, 어린이놀이터, 커뮤니티공간, 자전거보관소",Needs Review
현대(132-2),1991,2.3,36.328840278292326,127.41317713723922,대전광역시 중구 목동 132-2,30140100010899,A12208105,119.0,"관리사무소, 노인정, 어린이놀이터, 자전거보관소",Needs Review
연흥빌라,1995,2.3,36.32822871595448,127.41228670304623,대전광역시 중구 목동 132-3,30140312132656,,,,False
대전목동더샵,2010,2.3,36.333640577085845,127.41033114820266,대전광역시 중구 목동 360,30140120131353,,,,False
올리브힐,2011,2.3,36.3368507463997,127.40736338546998,대전광역시 중구 목동 362,30140120141956,A10027179,89.0,"관리사무소, 자전거보관소",Needs Review
엠스타목동타운,2018,2.3,36.33530428884788,127.40809495069136,대전광역시 중구 목동 363,30140220375106,,,,False
대전목동엘에이치행복주택2단지,2018,2.3,36.3354989594768,127.4088228685673,대전광역시 중구 목동 363-3,30140120375998,,,,False
목동더샵리슈빌,2022,2.7 (검증필요),36.33302286905487,127.41391831633275,대전광역시 중구 목동 372,30140120436929,,,,False
목동모아엘가그랑데,2024,2.7 (검증필요),36.33481848173187,127.41001009543008,대전광역시 중구 목동 380,30140120450370,,,,False
금호아파트,1989,2.3,36.34101049563365,127.40748082238602,대전광역시 중구 중촌동 10-2,30140100010901,A50108001,40.0,"관리사무소, 노인정, 어린이놀이터",Needs Review
시영,1986,2.3,36.341219775900925,127.40903814431006,대전광역시 중구 중촌동 10-3,30140100010902,A10021925,0.0,관리사무소,False
중도쇼핑,1989,2.3,36.33782163659471,127.41273635687534,대전광역시 중구 중촌동 12-2,30140320102018,,,,False
현대,1987,2.3,36.33804833346011,127.41118193212895,대전광역시 중구 중촌동 16-1,30140100010905,A12208105,119.0,"관리사무소, 노인정, 어린이놀이터, 자전거보관소",Needs Review
제일프라자,1994,2.3,36.337931245068354,127.4095848113712,대전광역시 중구 중촌동 16-10,30140320009331,,,,False
대광빌라,2002,2.3,36.34009476651037,127.40807936648616,대전광역시 중구 중촌동 56-4,30140312132663,,,,False
광명빌라,2000,2.3,36.33994719917565,127.4080680245331,대전광역시 중구 중촌동 56-6,30140312132664,,,,False
신수,2002,2.3,36.33960845863547,127.40838789252405,대전광역시 중구 중촌동 56-9,30140100219493,,,,False
중촌아트빌,2003,2.3,36.339429294763406,127.40842044380896,대전광역시 중구 중촌동 58-1,30140100219494,,,,False
동광빌라,2001,2.3,36.33912679558605,127.4082263393821,대전광역시 중구 중촌동 58-4,30140212132667,,,,False
드림하우스,2002,2.3,36.3393243597819,127.40819735262394,대전광역시 중구 중촌동 58-19,30140212132668,,,,False
아름빌라,2002,2.3,36.33901306337198,127.40829744565104,대전광역시 중구 중촌동 58-21,30140212132669,,,,False
중촌주택,2000,2.3,36.33889195886569,127.40830165569513,대전광역시 중구 중촌동 61,30140312132670,,,,False
장미아트빌라B동,1993,2.3,36.33871543354815,127.40830337536778,대전광역시 중구 중촌동 61-22,30140312132671,,,,False
장미아트빌라A동,1993,2.3,36.33863926410197,127.40839586216876,대전광역시 중구 중촌동 61-23,30140312132672,,,,False
서광빌라,2001,2.3,36.33948882062815,127.4079046370644,대전광역시 중구 중촌동 62-1,30140312132673,,,,False
금성백조맨션,1989,2.3,36.3402460547316,127.41087628582883,대전광역시 중구 중촌동 88,30140100010900,,,,False
대전중촌주공2단지아파트,1991,2.3,36.344470915944015,127.41031186830612,대전광역시 중구 중촌동 128-1,30140100219495,,,,False
세종,2003,2.3,36.339450925387645,127.40728231503456,대전광역시 중구 중촌동 280-10,30140100050873,A30572803,677.0,"관리사무소, 노인정, 문고, 주민공동시설, 어린이놀이터, 휴게시설, 자전거보관소",Needs Review
하늘아파트,1998,2.3,36.3387845108478,127.40666439256232,대전광역시 중구 중촌동 283,30140100010904,A30176806,467.0,"관리사무소, 노인정, 보육시설, 어린이놀이터, 자전거보관소",Needs Review
중촌빌라,2003,2.3,36.34310425483619,127.40964478862986,대전광역시 중구 중촌동 429-21,30140312132678,,,,False
중촌역푸르지오센터파크,2022,2.7 (검증필요),36.3453627129323,127.40940599123208,대전광역시 중구 중촌동 472,30140120432687,A10023909,1060.0,"관리사무소, 노인정, 보육시설, 어린이놀이터, 커뮤니티공간, 자전거보관소",True
현대1,1987,2.3,36.32439853617162,127.43161135316922,대전광역시 중구 대흥동 22-7,30140100010906,,,,False
나오스빌,2003,2.3,36.3243075659798,127.43019811125124,대전광역시 중구 대흥동 25-8,30140312132681,,,,False
동인팰리스Ⅰ,2019,2.3,36.322827549762536,127.4305505208442,대전광역시 중구 대흥동 36-9,30140320393186,,,,False
스노우빌,2002,2.3,36.32257817233922,127.42999721657378,대전광역시 중구 대흥동 38-18,30140312132682,,,,False
현대빌라,1988,2.3,36.32182019973016,127.43159795039504,대전광역시 중구 대흥동 45-13,30140312132683,,,,False
라인빌라,2008,2.3,36.32056650267326,127.42998622483223,대전광역시 중구 대흥동 55-4,30140320090489,,,,False
인성빌라,1995,2.3,36.32045947395197,127.43006723222967,대전광역시 중구 대흥동 55-20,30140312132684,,,,False
푸르내,2008,2.3,36.32510275697994,127.43210945755646,대전광역시 중구 대흥동 103-2,30140120094524,A10021813,0.0,None,False
현대2,1992,2.3,36.31881053944008,127.42681360574788,대전광역시 중구 대흥동 106-48,30140100010907,A50011018,216.0,"관리사무소, 노인정, 주민공동시설, 어린이놀이터, 휴게시설, 유치원, 자전거보관소",Needs Review
드림팰리스아파트,2018,2.3,36.3246366690238,127.43076769683648,대전광역시 중구 대흥동 115-11,30140120375870,,,,False
나이스타운2차,2013,2.3,36.32545702796223,127.42926307834765,대전광역시 중구 대흥동 122-1,30140120182674,,,,False
규리빌,2013,2.3,36.32631460217991,127.42828127058004,대전광역시 중구 대흥동 151-2,30140320173913,,,,False
스마트빌,2011,2.3,36.32625478291884,127.42812515111528,대전광역시 중구 대흥동 151-4,30140320143874,,,,False
신영미소랑,2013,2.3,36.32491118385671,127.4290841242551,대전광역시 중구 대흥동 161-8,30140120172492,A10022029,,"관리사무소, 노인정, 주민공동시설",False
센텀시티,2021,2.7 (검증필요),36.326348756261794,127.42585707388152,대전광역시 중구 대흥동 219-1,30140120428575,,,,False
흥진빌라(297-4),2000,2.3,36.32095972293787,127.42015089772096,대전광역시 중구 대흥동 297-4,30140312132687,,,,False
한정큐리어스,2005,2.3,36.32005688567055,127.41977951403618,대전광역시 중구 대흥동 300-5,30140100448925,,,,False
씨티빌라,2001,2.3,36.32195030788522,127.42279884621858,대전광역시 중구 대흥동 318-1,30140312132688,,,,False
가든빌라,1986,2.3,36.321057153080375,127.42216080887542,대전광역시 중구 대흥동 326-2,30140212132689,,,,False
공원빌,2014,2.3,36.32031479686108,127.4215776512132,대전광역시 중구 대흥동 326-44,30140220285118,,,,False
서미가(326-91),2021,2.7 (검증필요),36.318427397071936,127.42144229176398,대전광역시 중구 대흥동 326-91,30140220428755,,,,False
대성빌라,1995,2.3,36.32019376449041,127.42212503926096,대전광역시 중구 대흥동 326-141,30140312132691,,,,False
테미파크빌A동,2004,2.3,36.31997866294528,127.42251952778452,대전광역시 중구 대흥동 326-145,30140312132692,,,,False
테미파크빌B동,2004,2.3,36.31991564276298,127.42267012608608,대전광역시 중구 대흥동 326-148,30140312132693,,,,False
누리빌라,2013,2.3,36.31954471837796,127.4205786078712,대전광역시 중구 대흥동 326-201,30140320177070,,,,False
세종빌,2022,2.7 (검증필요),36.320034063342064,127.42503986923931,대전광역시 중구 대흥동 340-37,30140220432069,,,,False
동건참좋은,2005,2.3,36.32294518281914,127.428825752961,대전광역시 중구 대흥동 402-1,30140120009332,,,,False
동산맨션,2011,2.3,36.324639120720754,127.42562544508462,대전광역시 중구 대흥동 412-5,30140320143923,A70082101,40.0,"관리사무소, 어린이놀이터, 휴게시설, 자전거보관소",Needs Review
에벤에셀,2013,2.3,36.32442673826818,127.42573014404456,대전광역시 중구 대흥동 412-8,30140320171843,,,,False
드림시티,2012,2.3,36.32420033404408,127.42704187326086,대전광역시 중구 대흥동 437,30140120164922,,,,False
듀오빌,2005,2.3,36.323520599837465,127.42472278652843,대전광역시 중구 대흥동 447-2,30140100448926,,,,False
대미리치빌,2007,2.3,36.32427714022373,127.42452606485077,대전광역시 중구 대흥동 452-22,30140120069332,A30172202,147.0,"관리사무소, 노인정, 주민공동시설, 자전거보관소",Needs Review
연와재,2012,2.3,36.32690642073856,127.42308216152088,대전광역시 중구 대흥동 490-10,30140320167494,,,,False
DAVINCI,2013,2.3,36.32451152418314,127.42064041575088,대전광역시 중구 대흥동 502-12,30140120178019,,,,False
대흥동나이스타운1차,2013,2.3,36.32454590770426,127.42104608882396,대전광역시 중구 대흥동 504-5,30140120177988,,,,False
대전센트럴자이1단지,2013,2.3,36.32220080724101,127.42777195521882,대전광역시 중구 대흥동 912,30140120278721,,,,False
대전센트럴자이2단지,2013,2.3,36.32215966030519,127.4262544834084,대전광역시 중구 대흥동 913,30140120284789,A30172204,281.0,"관리사무소, 노인정, 주민공동시설, 커뮤니티공간, 자전거보관소",Needs Review
부자촌,2012,2.3,36.32259746084695,127.43379493503252,대전광역시 중구 문창동 10-48,30140120164100,,,,False
다솔리버팰리스2차,2023,2.7 (검증필요),36.322900871506654,127.4332849848922,대전광역시 중구 문창동 19-5,30140120448159,,,,False
다솔리버팰리스1차,2022,2.7 (검증필요),36.32288180071343,127.43231587409744,대전광역시 중구 문창동 24-3,30140120432497,,,,False
바이크씨티빌,2018,2.3,36.32358905712749,127.43119193513232,대전광역시 중구 문창동 28-11,30140320360592,,,,False
문창빌라,2002,2.3,36.32296303458289,127.43094192734576,대전광역시 중구 문창동 33-23,30140312132705,,,,False
(44-2),2012,2.3,36.32120693567385,127.43395200875776,대전광역시 중구 문창동 44-2,30140320164206,,,,False
규범,1988,2.3,36.32178139311853,127.43286748631468,대전광역시 중구 문창동 47-18,30140312132706,,,,False
규범주택,1987,2.3,36.32179545532536,127.4329822143421,대전광역시 중구 문창동 47-32,30140312132707,,,,False
그라시아아트빌,2019,2.3,36.32216313522973,127.43286765294027,대전광역시 중구 문창동 48-3,30140120385758,,,,False
행운빌(66-9),2011,2.3,36.320117839196456,127.4348543276055,대전광역시 중구 문창동 66-9,30140320433332,,,,False
정민아트빌라,1993,2.3,36.31897671563604,127.43492367549908,대전광역시 중구 문창동 69-2,30140312132708,,,,False
부남빌라(가동),1991,2.3,36.31780270651872,127.4347189540746,대전광역시 중구 문창동 82-15,30140312132709,,,,False
부남빌라(나동),1992,2.3,36.31775808007403,127.43459448900464,대전광역시 중구 문창동 82-25,30140312132710,,,,False
부남주택,1994,2.3,36.31733526402606,127.4354638793038,대전광역시 중구 문창동 106-14,30140312132711,,,,False
진산빌라A,1994,2.3,36.31713757788514,127.43599587941516,대전광역시 중구 문창동 107-1,30140312132712,,,,False
원창빌라,1986,2.3,36.316846104538605,127.43519367450868,대전광역시 중구 문창동 107-16,30140312132713,,,,False
진산빌라B,1994,2.3,36.31688612811983,127.4353221033936,대전광역시 중구 문창동 107-17,30140312132714,,,,False
지에치그린빌,2017,2.3,36.31717648281446,127.43641240071696,대전광역시 중구 문창동 108-20,30140220357075,,,,False
용마빌라다,1993,2.3,36.318002620938486,127.4362413741055,대전광역시 중구 문창동 110-17,30140312132715,,,,False
"용마빌라가,나",1991,2.3,36.31802148679952,127.43603018154728,대전광역시 중구 문창동 110-39,30140312132716,,,,False
영진빌라,1991,2.3,36.31827301469517,127.43689464415512,대전광역시 중구 문창동 112-19,30140312132717,,,,False
대한주택,1981,2.3,36.31787476157921,127.43745635544803,대전광역시 중구 문창동 113-2,30140212132718,,,,False
대조빌라,1991,2.3,36.31801544092157,127.43722746660968,대전광역시 중구 문창동 113-16,30140312132719,,,,False
(115-51),1990,2.3,36.31689400786895,127.4376432284782,대전광역시 중구 문창동 115-51,30140312132720,,,,False
태림빌라,2014,2.3,36.316496328036806,127.43619177962805,대전광역시 중구 문창동 123-1,30140320292344,,,,False
은혜,1988,2.3,36.316175241835936,127.43592483125038,대전광역시 중구 문창동 123-23,30140100010908,,,,False
남부시장,1978,2.3,36.31252450149837,127.4376943694935,대전광역시 중구 문창동 383-4,30140212132722,,,,False
금실빌라B,1996,2.3,36.31303823157312,127.43873405889022,대전광역시 중구 문창동 386-18,30140312132723,,,,False
금실빌라(386-22),1996,2.3,36.31318674248829,127.43898677880416,대전광역시 중구 문창동 386-22,30140312132724,,,,False
드림빌리지,2014,2.3,36.31010440543645,127.43924062834876,대전광역시 중구 석교동 4-1,30140320286110,,,,False
시원빌,2013,2.3,36.31031373965676,127.4384720243728,대전광역시 중구 석교동 4-4,30140320178613,,,,False
조은빌라,2002,2.3,36.310419065450986,127.43864003396524,대전광역시 중구 석교동 4-7,30140312132727,,,,False
은혜주택,1982,2.3,36.309927759075215,127.43874416748216,대전광역시 중구 석교동 5-1,30140212132728,,,,False
한마음빌라,1997,2.3,36.309817006579806,127.43899654369412,대전광역시 중구 석교동 5-8,30140312132729,,,,False
성하그린타운,1997,2.3,36.31000268820344,127.43948393978496,대전광역시 중구 석교동 6-6,30140212132730,,,,False
청산하이츠빌라,1997,2.3,36.31057706658287,127.44111588981652,대전광역시 중구 석교동 13-8,30140312132733,,,,False
중부빌라,1991,2.3,36.306936033759975,127.44372239237636,대전광역시 중구 석교동 16-31,30140312132734,,,,False
전원주택501동,1995,2.3,36.30705450067008,127.4432936634038,대전광역시 중구 석교동 16-38,30140312132735,,,,False
조형주택가동,1994,2.3,36.30640129470772,127.4423692339508,대전광역시 중구 석교동 16-40,30140312132736,,,,False
"전원주택505,506동",1996,2.3,36.306651443992486,127.44270143234664,대전광역시 중구 석교동 16-41,30140312132737,,,,False
전원주택301동,1994,2.3,36.30675447476613,127.4434343802757,대전광역시 중구 석교동 16-45,30140312132738,,,,False
전원주택502동,1997,2.3,36.306861261199685,127.44324372734069,대전광역시 중구 석교동 16-49,30140312132739,,,,False
전원주택503동,1997,2.3,36.30676326013169,127.44314032866444,대전광역시 중구 석교동 16-50,30140312132740,,,,False
조형주택나동,1994,2.3,36.30633396782101,127.4424767238764,대전광역시 중구 석교동 16-54,30140312132741,,,,False
장운빌라,2004,2.3,36.307003794359815,127.44266453708926,대전광역시 중구 석교동 20,30140312132742,,,,False
석교빌리지C동,2002,2.3,36.30686357612743,127.44263900353204,대전광역시 중구 석교동 20-4,30140312132743,,,,False
석교빌리지B동,2002,2.3,36.306708302145175,127.44254344015008,대전광역시 중구 석교동 20-5,30140312132744,,,,False
석교빌리지A동,2002,2.3,36.30658488385383,127.44245986922375,대전광역시 중구 석교동 20-6,30140312132745,,,,False
남산빌라가동,1992,2.3,36.30668356646197,127.4419061965188,대전광역시 중구 석교동 21-2,30140312132746,,,,False
"남산빌라1,2,3동",1991,2.3,36.30640457993605,127.44208261984366,대전광역시 중구 석교동 21-3,30140312132747,,,,False
남산빌라나동,1992,2.3,36.30656395169001,127.4418326304288,대전광역시 중구 석교동 21-5,30140312132748,,,,False
청솔하이츠,1996,2.3,36.30602294445798,127.44177923853488,대전광역시 중구 석교동 23-3,30140312132749,,,,False
은혜(24),1991,2.3,36.305704214696064,127.44108732311813,대전광역시 중구 석교동 24,30140100010909,,,,False
다듬빌라,2003,2.3,36.30587769726553,127.44104983392288,대전광역시 중구 석교동 25-2,30140312132751,,,,False
성신주택나동,1992,2.3,36.306283752514986,127.44137259905644,대전광역시 중구 석교동 25-4,30140312132752,,,,False
성신주택가동,1992,2.3,36.30614653001932,127.44122186356044,대전광역시 중구 석교동 25-16,30140312132753,,,,False
남진빌라라동,1994,2.3,36.30642311183146,127.4417552884534,대전광역시 중구 석교동 26,30140312132754,,,,False
남진주택다동,1994,2.3,36.30638140260248,127.44163547119813,대전광역시 중구 석교동 26-2,30140312132755,,,,False
"남진빌라가,나동",1994,2.3,36.306318149980285,127.44192190669494,대전광역시 중구 석교동 26-3,30140312132756,,,,False
"대복아트빌라A,B동",1995,2.3,36.30668907965199,127.44143332888888,대전광역시 중구 석교동 32-1,30140312132757,,,,False
대복아트빌라C동,1995,2.3,36.30658750809839,127.44129310254148,대전광역시 중구 석교동 32-7,30140312132758,,,,False
제일,1971,2.3,36.30739218062799,127.4425541024918,대전광역시 중구 석교동 37-1,30140212132759,A10020470,,None,False
해동빌라(38-26),1991,2.3,36.30820613190159,127.44225768220994,대전광역시 중구 석교동 38-26,30140312132760,,,,False
은혜가동,1989,2.3,36.30710563219904,127.44108063052867,대전광역시 중구 석교동 46-1,30140100219502,,,,False
"은혜다A,다B",1992,2.3,36.30722026004486,127.4405408116213,대전광역시 중구 석교동 47-2,30140312132762,,,,False
동해빌라(51-2),2003,2.3,36.30837763564708,127.44137324885068,대전광역시 중구 석교동 51-2,30140312132763,,,,False
"새미래빌라트A,B",2002,2.3,36.3085007755347,127.44155093911826,대전광역시 중구 석교동 51-3,30140312132764,,,,False
유니온빌라,1992,2.3,36.308821551022746,127.44098690409837,대전광역시 중구 석교동 55-3,30140312132765,,,,False
대하빌라,1990,2.3,36.3085328931198,127.44115186979208,대전광역시 중구 석교동 55-7,30140312132766,,,,False
은혜(57-11),1983,2.3,36.31044973382788,127.44254523996656,대전광역시 중구 석교동 57-11,30140212132767,,,,False
한우빌라,1993,2.3,36.309352151678496,127.44040753633163,대전광역시 중구 석교동 61-3,30140212132768,,,,False
그랜드빌라,2002,2.3,36.30892860664511,127.44166556468276,대전광역시 중구 석교동 62-12,30140312132769,,,,False
은혜빌라,1994,2.3,36.30875407245794,127.44195151223326,대전광역시 중구 석교동 62-15,30140312132770,,,,False
동해빌라A동,1996,2.3,36.30920998131501,127.44445857447474,대전광역시 중구 석교동 69-2,30140312132771,,,,False
석교A동,1981,2.3,36.309410922350224,127.4450107349308,대전광역시 중구 석교동 70-7,30140212132772,,,,False
동해빌라B동,1997,2.3,36.30952500945342,127.44509853192888,대전광역시 중구 석교동 70-8,30140312132773,,,,False
석교B동,1982,2.3,36.30931910204504,127.44494033656676,대전광역시 중구 석교동 70-22,30140212132774,,,,False
아성빌라,1991,2.3,36.30990194851734,127.44540168090646,대전광역시 중구 석교동 72-1,30140312132775,,,,False
해동빌라(72-2),1994,2.3,36.30982591555923,127.44550721765418,대전광역시 중구 석교동 72-2,30140312132776,,,,False
종합빌라,2003,2.3,36.30975439221025,127.4452208533832,대전광역시 중구 석교동 72-3,30140312132777,,,,False
하늘빛,2006,2.3,36.30964130520167,127.4458293180822,대전광역시 중구 석교동 72-4,30140320049716,A33185507,0.0,"관리사무소, 노인정, 어린이놀이터",False
샤인빌라,2004,2.3,36.30949593923191,127.44568630761825,대전광역시 중구 석교동 72-5,30140318221730,,,,False
"삼덕하이츠101,102동",1994,2.3,36.3103640484227,127.44433016012285,대전광역시 중구 석교동 73-1,30140312132778,,,,False
"삼덕하이츠103,104동",1994,2.3,36.31023960369275,127.4444264117958,대전광역시 중구 석교동 73-10,30140312132779,,,,False
"상아그린빌라105,106동",1994,2.3,36.31016729308685,127.44457495508628,대전광역시 중구 석교동 73-11,30140312132780,,,,False
"상아그린빌라107,108동",1994,2.3,36.310094682790165,127.44472399105416,대전광역시 중구 석교동 73-12,30140312132781,,,,False
"상아그린빌라109,110동",1994,2.3,36.31002185491776,127.4448736601372,대전광역시 중구 석교동 73-13,30140312132782,,,,False
은혜2동,1983,2.3,36.30996271759932,127.44417566155904,대전광역시 중구 석교동 74-1,30140212132783,,,,False
은혜1동,1983,2.3,36.309903448065256,127.44400166450848,대전광역시 중구 석교동 74-16,30140212132784,,,,False
대성빌라,1993,2.3,36.31012012651455,127.44590745063245,대전광역시 중구 석교동 78-4,30140312132785,,,,False
정원빌라,1994,2.3,36.30990315198802,127.44629134733432,대전광역시 중구 석교동 79-1,30140312132786,,,,False
성우빌라,2003,2.3,36.30853012971667,127.44729567762766,대전광역시 중구 석교동 82-5,30140312132787,,,,False
평화빌라,1991,2.3,36.30871038873072,127.44732600553404,대전광역시 중구 석교동 82-6,30140312132788,,,,False
원앙주택,1991,2.3,36.30796182923095,127.44664985277076,대전광역시 중구 석교동 83-2,30140312132789,,,,False
금실빌라(89-9),1997,2.3,36.30646490872305,127.44624598245552,대전광역시 중구 석교동 89-9,30140312132790,,,,False
우성빌라,1993,2.3,36.30559259013283,127.44619215690568,대전광역시 중구 석교동 92-2,30140312132791,,,,False
진영하이츠가동,1991,2.3,36.30529377959236,127.4464276429164,대전광역시 중구 석교동 92-5,30140312132792,,,,False
진영주택다동,1990,2.3,36.305294740017054,127.44615051955432,대전광역시 중구 석교동 92-6,30140312132793,,,,False
진영주택가동,1990,2.3,36.30542265227584,127.4461122010881,대전광역시 중구 석교동 92-7,30140312132794,,,,False
금실빌라B동,1993,2.3,36.305500979223964,127.44589440666284,대전광역시 중구 석교동 92-8,30140312132795,,,,False
진영주택나동,1990,2.3,36.30536608242696,127.44601238923156,대전광역시 중구 석교동 92-16,30140312132796,,,,False
진영하이츠나동,1991,2.3,36.30524983507125,127.4462609692691,대전광역시 중구 석교동 92-18,30140312132797,,,,False
금실빌라A동,1993,2.3,36.30556219345971,127.44599050101296,대전광역시 중구 석교동 92-19,30140312132798,,,,False
그린빌라2동,1989,2.3,36.307584577588784,127.44520859115774,대전광역시 중구 석교동 97-4,30140312132799,,,,False
그린빌라1동,1989,2.3,36.30744564760423,127.44514010136264,대전광역시 중구 석교동 97-24,30140312132800,,,,False
덕림빌라,1993,2.3,36.30693920714036,127.44519812443389,대전광역시 중구 석교동 98-2,30140312132801,,,,False
금실빌라(101-14),1995,2.3,36.31138708719094,127.44004261936944,대전광역시 중구 석교동 101-14,30140312132802,,,,False
남양,1971,2.3,36.3097579926068,127.43809880602342,대전광역시 중구 석교동 195,30140212132803,A55504003,0.0,"관리사무소, 노인정, 어린이놀이터",False
탑그린빌라,1994,2.3,36.30936169994029,127.43761396869428,대전광역시 중구 석교동 195-37,30140312132804,,,,False
(195-39),1986,2.3,36.30920109750115,127.43780563767812,대전광역시 중구 석교동 195-39,30140212132805,,,,False
새서울빌라,1994,2.3,36.309116958627015,127.4399551515548,대전광역시 중구 석교동 212-8,30140312132806,,,,False
그린빌1동,2017,2.3,36.30921498816542,127.43913523109048,대전광역시 중구 석교동 212-11,30140320347387,,,,False
그린빌3동,2018,2.3,36.30904278014856,127.439539709484,대전광역시 중구 석교동 212-16,30140320360614,,,,False
그린빌2동,2017,2.3,36.30913170163903,127.43933796479108,대전광역시 중구 석교동 212-36,30140320347386,,,,False
그린빌4동,2018,2.3,36.30889898658805,127.43964462035764,대전광역시 중구 석교동 212-39,30140320360612,,,,False
그린빌5동,2017,2.3,36.30880176061849,127.4398213363328,대전광역시 중구 석교동 212-40,30140320356342,,,,False
대복빌리지(227-3),1997,2.3,36.30654956301586,127.43992707973014,대전광역시 중구 석교동 227-3,30140312132807,,,,False
삼성빌라,1999,2.3,36.30680057061499,127.44020814498626,대전광역시 중구 석교동 227-21,30140312132808,A10020567,0.0,None,False
(228-4),1988,2.3,36.30652313234684,127.4403863411326,대전광역시 중구 석교동 228-4,30140312132809,,,,False
"중부주택5,6동",1990,2.3,36.30637960747143,127.44023216992343,대전광역시 중구 석교동 229-1,30140312132810,,,,False
중부주택1동,1990,2.3,36.30632240163828,127.4398625410029,대전광역시 중구 석교동 229-2,30140312132811,,,,False
"중부주택7,8동",1990,2.3,36.30624081736682,127.44022898023852,대전광역시 중구 석교동 229-6,30140312132812,,,,False
중부주택2동,1990,2.3,36.30642537708422,127.44004255318806,대전광역시 중구 석교동 229-10,30140312132813,,,,False
중부주택3동,1990,2.3,36.306514582193465,127.44022314600852,대전광역시 중구 석교동 229-12,30140312132814,,,,False
중부주택9동,1991,2.3,36.306113641518856,127.44023254052192,대전광역시 중구 석교동 229-17,30140312132815,,,,False
"삼화주택5,6동",1989,2.3,36.30592095299613,127.43966994931394,대전광역시 중구 석교동 234,30140212132816,,,,False
대복빌리지C동,1997,2.3,36.30620561156957,127.4392437293644,대전광역시 중구 석교동 235-2,30140312132817,,,,False
덕성빌라,1999,2.3,36.3078077920557,127.43679801997826,대전광역시 중구 석교동 246-12,30140312132818,,,,False
"삼화주택1,2,3,4동",1989,2.3,36.30567778338474,127.43859391812002,대전광역시 중구 석교동 267-11,30140212132819,,,,False
태평빌라,1993,2.3,36.30535558144612,127.43879810119792,대전광역시 중구 석교동 275-10,30140312132820,,,,False
시온빌라(286-3),1991,2.3,36.30404042561968,127.43928410134282,대전광역시 중구 석교동 286-3,30140312132821,,,,False
시온빌라,1995,2.3,36.30385000798441,127.43960977365973,대전광역시 중구 석교동 286-12,30140312132822,,,,False
명진주택,1991,2.3,36.30491086470077,127.43959271328856,대전광역시 중구 석교동 287-5,30140312132823,,,,False
크리스탈빌,2017,2.3,36.303484228026505,127.43944756244493,대전광역시 중구 석교동 289-1,30140320350432,,,,False
대복아트빌라,1994,2.3,36.30510886716752,127.4500297529344,대전광역시 중구 호동 7-4,30140312132826,,,,False
시온빌라(10-21),1991,2.3,36.30491328107835,127.44855311208605,대전광역시 중구 호동 10-21,30140312132827,,,,False
호동연립,1980,2.3,36.30556185830446,127.44823375677382,대전광역시 중구 호동 11-3,30140212132828,,,,False
미화주택(11-9),1993,2.3,36.30578915592312,127.44779741393702,대전광역시 중구 호동 11-9,30140312132829,,,,False
쌍용빌라(12-2),1990,2.3,36.305545226798856,127.44769487835102,대전광역시 중구 호동 12-2,30140312132830,,,,False
다복팡즈,2003,2.3,36.30512667908516,127.44763746333123,대전광역시 중구 호동 12-20,30140312132831,,,,False
낙원빌라(12-22),1990,2.3,36.30549987307617,127.44755931451968,대전광역시 중구 호동 12-22,30140312132832,,,,False
삼영하이츠,1994,2.3,36.30518452458129,127.44720397978467,대전광역시 중구 호동 13-24,30140312132833,,,,False
서미가아파트,2019,2.3,36.305032392192174,127.4465396070005,대전광역시 중구 호동 14-1,30140120385112,,,,False
해동빌라,1992,2.3,36.30468546795345,127.44696971007332,대전광역시 중구 호동 14-4,30140312132834,,,,False
우성하이츠,1994,2.3,36.30453612574621,127.44708804548662,대전광역시 중구 호동 14-5,30140312132835,,,,False
남성빌라,1994,2.3,36.30420348766205,127.44708952087196,대전광역시 중구 호동 15-10,30140312132836,,,,False
리베라빌라트,1997,2.3,36.3063532971714,127.4488752577934,대전광역시 중구 호동 16-1,30140312132837,,,,False
강변빌라,1997,2.3,36.30617188116344,127.44894254454027,대전광역시 중구 호동 16-15,30140312132838,,,,False
우성빌라,1997,2.3,36.30474681324212,127.4479750237972,대전광역시 중구 호동 17-9,30140312132839,,,,False
다드림아파트형빌라,2019,2.3,36.303526532059415,127.44898109313058,대전광역시 중구 호동 18-5,30140320384413,,,,False
삼영주택,1994,2.3,36.30376261743067,127.44815768749334,대전광역시 중구 호동 19-7,30140312132840,,,,False
쌍용빌라(21-4),1991,2.3,36.30312765460425,127.44808797868438,대전광역시 중구 호동 21-4,30140312132841,,,,False
낙원빌라(21-18),1991,2.3,36.30314321629709,127.4479258158435,대전광역시 중구 호동 21-18,30140312132842,,,,False
"우정빌라가,나동",1992,2.3,36.30328428612258,127.44955597943238,대전광역시 중구 호동 24-2,30140312132843,,,,False
"우정빌라다,라동",1992,2.3,36.30318114926546,127.44964723971444,대전광역시 중구 호동 24-21,30140312132844,,,,False
서한빌라,2014,2.3,36.303697642749086,127.44985282371238,대전광역시 중구 호동 25-1,30140320293738,,,,False
"서전주택1,2동",1993,2.3,36.30365726192751,127.44726783782016,대전광역시 중구 호동 73-1,30140312132845,,,,False
"진영주택3,4동",1992,2.3,36.30358132518855,127.44716057495582,대전광역시 중구 호동 73-2,30140312132846,,,,False
"서전주택5,6동",1992,2.3,36.30349739838219,127.44704376694624,대전광역시 중구 호동 73-3,30140312132847,,,,False
서전주택7동,1993,2.3,36.3034995021716,127.4468899783672,대전광역시 중구 호동 73-4,30140312132848,,,,False
서전주택8동,1993,2.3,36.30337575256874,127.44736564905666,대전광역시 중구 호동 73-6,30140312132849,,,,False
시민연립,1980,2.3,36.30273339497506,127.44792645015616,대전광역시 중구 호동 80-3,30140300442520,,,,False
낙원주택,1991,2.3,36.30322190644445,127.44733718251968,대전광역시 중구 호동 83-1,30140312132851,,,,False
미화주택(83-6),1991,2.3,36.303074930802914,127.44738716391262,대전광역시 중구 호동 83-6,30140312132852,,,,False
상록주택,1991,2.3,36.30295843260346,127.4474361675455,대전광역시 중구 호동 83-7,30140312132853,,,,False
한국빌라C동,1996,2.3,36.30307969786355,127.44694710901148,대전광역시 중구 호동 83-8,30140312132854,,,,False
"한국빌라A,B동",1996,2.3,36.30307848972211,127.44710105008762,대전광역시 중구 호동 83-9,30140312132855,,,,False
호동빌라2동,1990,2.3,36.30236913915465,127.4474640873008,대전광역시 중구 호동 90-1,30140312132856,,,,False
호동빌라1동,1990,2.3,36.30234762755611,127.44762862634838,대전광역시 중구 호동 90-3,30140312132857,,,,False
금빛마을C동,2004,2.3,36.301792899789305,127.44748090000314,대전광역시 중구 호동 93,30140312132858,,,,False
금빛마을D동,2004,2.3,36.30181695404896,127.4476391902012,대전광역시 중구 호동 93-1,30140312132859,,,,False
금빛마을B동,2003,2.3,36.301640614296986,127.4475579408236,대전광역시 중구 호동 93-2,30140312132860,,,,False
산수빌라,1994,2.3,36.30196797259569,127.44765253201967,대전광역시 중구 호동 94,30140312132861,,,,False
금빛마을A동,2003,2.3,36.301479743699744,127.4475555248828,대전광역시 중구 호동 97-12,30140312132862,,,,False
삼덕하이츠104동,1994,2.3,36.30063469620661,127.44666492695876,대전광역시 중구 호동 106,30140212132863,,,,False
삼덕하이츠102동,1993,2.3,36.30034686602356,127.44657625257383,대전광역시 중구 호동 106-3,30140212132864,,,,False
삼덕하이츠101동,1993,2.3,36.30027112650514,127.44672099972996,대전광역시 중구 호동 106-4,30140212132865,,,,False
삼덕하이츠103동,1994,2.3,36.30063630679355,127.44682945608258,대전광역시 중구 호동 106-7,30140212132866,,,,False
은혜연립,1986,2.3,36.30047324194743,127.44713891874667,대전광역시 중구 호동 107-4,30140212132867,,,,False
푸름빌라2동,1993,2.3,36.29971139634078,127.44691008846593,대전광역시 중구 호동 110,30140312132868,,,,False
푸름빌라3동,1994,2.3,36.29955100027546,127.4467877211084,대전광역시 중구 호동 110-5,30140312132869,,,,False
푸름빌라1동,1993,2.3,36.29952514406837,127.44692038372024,대전광역시 중구 호동 110-6,30140312132870,,,,False
삼양빌라,1994,2.3,36.30680955085273,127.44498365052968,대전광역시 중구 호동 232-4,30140312132871,,,,False
시온빌라(239-5),1990,2.3,36.30653572186426,127.4441408895408,대전광역시 중구 호동 239-5,30140312132872,,,,False
정도,1990,2.3,36.30651276742925,127.44378172774488,대전광역시 중구 호동 240-9,30140100010913,,,,False
국민빌라,1994,2.3,36.30627602411558,127.44325616550596,대전광역시 중구 호동 240-11,30140312132874,,,,False
전원주택201동,1992,2.3,36.30630155196579,127.44358257499329,대전광역시 중구 호동 240-12,30140312132875,,,,False
성정빌라,2021,2.7 (검증필요),36.3058420697061,127.44369626652993,대전광역시 중구 호동 254-3,30140320418148,,,,False
전원주택(254-4),1992,2.3,36.30611859893728,127.44343959312188,대전광역시 중구 호동 254-4,30140312132876,,,,False
전원주택101동,1991,2.3,36.30622042590765,127.44375029730192,대전광역시 중구 호동 254-13,30140312132877,,,,False
전원주택(254-14),1991,2.3,36.30598745134215,127.44357039761108,대전광역시 중구 호동 254-14,30140312132878,,,,False
초원빌라,2001,2.3,36.30532481421261,127.44381343735398,대전광역시 중구 호동 257-1,30140312132879,,,,False
대풍빌라가동,1994,2.3,36.30344446273314,127.45171596984044,대전광역시 중구 옥계동 4-2,30140312132884,,,,False
일흥그랜드빌라,1994,2.3,36.30329302052061,127.45163621312582,대전광역시 중구 옥계동 4-13,30140312132885,,,,False
일흥아트빌라,1994,2.3,36.30322824714746,127.45147465768964,대전광역시 중구 옥계동 4-14,30140312132886,,,,False
대풍빌라나동,1994,2.3,36.30329022150678,127.45181066830104,대전광역시 중구 옥계동 4-15,30140312132887,,,,False
도우빌라,1992,2.3,36.30201180426543,127.45233916700218,대전광역시 중구 옥계동 6-5,30140312132888,,,,False
형제,1980,2.3,36.30226803997,127.45210845372318,대전광역시 중구 옥계동 6-15,30140212132889,,,,False
원앙빌라2,1990,2.3,36.30189464417613,127.45277002355736,대전광역시 중구 옥계동 8-1,30140312132890,,,,False
다복팡즈,2003,2.3,36.30174948464639,127.4528133731251,대전광역시 중구 옥계동 8-2,30140312132891,,,,False
(8-6),1983,2.3,36.301204347915565,127.45285151216626,대전광역시 중구 옥계동 8-6,30140300442522,,,,False
원앙빌라1,1990,2.3,36.30183591939903,127.45266637776704,대전광역시 중구 옥계동 8-18,30140312132892,,,,False
탑그린빌라,1994,2.3,36.30177073519015,127.45255305101152,대전광역시 중구 옥계동 8-20,30140312132893,,,,False
청솔하이츠,1998,2.3,36.30193501038976,127.45112356896264,대전광역시 중구 옥계동 16-8,30140312132894,,,,False
은혜B,1980,2.3,36.302320503320445,127.45102656944243,대전광역시 중구 옥계동 17-3,30140212132895,,,,False
은혜A,1980,2.3,36.30241715046208,127.45114840919068,대전광역시 중구 옥계동 17-12,30140212132896,,,,False
대하빌라D,1991,2.3,36.30244443366288,127.450285403978,대전광역시 중구 옥계동 20-2,30140312132897,,,,False
대하빌라B,1991,2.3,36.30225657305067,127.45044661975568,대전광역시 중구 옥계동 20-12,30140312132898,,,,False
대하빌라A,1991,2.3,36.30216316639776,127.45052757779814,대전광역시 중구 옥계동 20-13,30140312132899,,,,False
대하빌라C,1991,2.3,36.30235092757389,127.45036615123009,대전광역시 중구 옥계동 20-14,30140312132900,,,,False
가원A,1980,2.3,36.30164342192897,127.45105823279992,대전광역시 중구 옥계동 21-14,30140212132901,,,,False
가원B,1980,2.3,36.30160778289101,127.45091593638728,대전광역시 중구 옥계동 21-16,30140212132902,,,,False
은혜,1983,2.3,36.30079927798104,127.45167851778344,대전광역시 중구 옥계동 22-3,30140312132903,,,,False
보은빌라,1990,2.3,36.301096545390806,127.45135672017872,대전광역시 중구 옥계동 22-18,30140312132904,,,,False
아름빌라,1995,2.3,36.3012237493067,127.4506272556916,대전광역시 중구 옥계동 23-3,30140312132905,,,,False
보명,1980,2.3,36.30132654482051,127.4505186880492,대전광역시 중구 옥계동 23-14,30140212132906,,,,False
천광빌라,1994,2.3,36.30229449840805,127.44970702812364,대전광역시 중구 옥계동 24-1,30140212132907,,,,False
리베라빌라A동,1991,2.3,36.30188088326837,127.44939055602704,대전광역시 중구 옥계동 25-3,30140312132908,,,,False
리베라빌라C동,1992,2.3,36.301626681655975,127.44961074040148,대전광역시 중구 옥계동 25-4,30140312132909,,,,False
삼덕빌라1,1990,2.3,36.30137339242548,127.4494973120798,대전광역시 중구 옥계동 25-7,30140312132910,,,,False
중원빌라,1992,2.3,36.301626681655975,127.44931521383282,대전광역시 중구 옥계동 25-9,30140312132911,,,,False
리베라빌라B동,1991,2.3,36.30175626686297,127.44949839085332,대전광역시 중구 옥계동 25-16,30140312132912,,,,False
해오름,2013,2.3,36.30068654190494,127.45012898491362,대전광역시 중구 옥계동 26-7,30140320174056,A69080205,0.0,"관리사무소, 노인정, 문고, 어린이놀이터, 자전거보관소",False
삼덕빌라2,1992,2.3,36.30122807338776,127.44967568076348,대전광역시 중구 옥계동 26-10,30140312132913,,,,False
대송그린빌라,1997,2.3,36.300841021637645,127.45090330161436,대전광역시 중구 옥계동 28-1,30140312132914,,,,False
금성빌라,1995,2.3,36.30051580835941,127.45124390485536,대전광역시 중구 옥계동 28-9,30140312132915,,,,False
은혜주택,1990,2.3,36.30036158074376,127.4511454426438,대전광역시 중구 옥계동 28-15,30140312132916,,,,False
대성빌라(29-12),1991,2.3,36.29960321582689,127.45140474020944,대전광역시 중구 옥계동 29-12,30140312132917,,,,False
청산하이츠,1995,2.3,36.300051833222426,127.45134654851482,대전광역시 중구 옥계동 30-10,30140312132918,,,,False
(30-12),1989,2.3,36.29983194380801,127.45157077581032,대전광역시 중구 옥계동 30-12,30140312132919,,,,False
휴엔빌리지,2015,2.3,36.2985817875356,127.45202360463952,대전광역시 중구 옥계동 31-5,30140220313192,,,,False
무궁화,1989,2.3,36.29893733015987,127.45164066841788,대전광역시 중구 옥계동 31-9,30140212132920,A10021585,0.0,"관리사무소, 어린이놀이터, 자전거보관소",False
동광맨션,2003,2.3,36.29932954920795,127.45200114173667,대전광역시 중구 옥계동 34-16,30140312132921,,,,False
삼성빌라,1991,2.3,36.29904963691331,127.45215014675188,대전광역시 중구 옥계동 34-21,30140312132922,A10020567,0.0,None,False
재마루빌B동,2004,2.3,36.29927702946674,127.45302702868398,대전광역시 중구 옥계동 35-4,30140318223190,,,,False
재마루빌라C동,2016,2.3,36.29917365498137,127.45313130946188,대전광역시 중구 옥계동 35-5,30140320342638,,,,False
재마루빌A동,2004,2.3,36.299142469646,127.45281863771945,대전광역시 중구 옥계동 35-23,30140312132923,,,,False
비손빌,2014,2.3,36.299092969975305,127.45294532324245,대전광역시 중구 옥계동 35-30,30140320292323,,,,False
옥계연립,1980,2.3,36.30198230435526,127.448496081001,대전광역시 중구 옥계동 38-4,30140212132924,,,,False
영광주택,1991,2.3,36.30057714441482,127.45253776617524,대전광역시 중구 옥계동 39-22,30140312132925,,,,False
하남A동,1981,2.3,36.30048793367119,127.45469371651822,대전광역시 중구 옥계동 43-3,30140212132926,,,,False
하남B동,1981,2.3,36.30035346012855,127.45479969894252,대전광역시 중구 옥계동 43-18,30140212132927,,,,False
태성맨션,1988,2.3,36.2999170949752,127.45507149766216,대전광역시 중구 옥계동 44-1,30140100010911,,,,False
솔빛,2013,2.3,36.299290148863136,127.4547456414244,대전광역시 중구 옥계동 45-3,30140120047896,,,,False
종합빌라,2003,2.3,36.29907387852834,127.45513279896448,대전광역시 중구 옥계동 45-4,30140312132929,,,,False
신진옥계빌라,1984,2.3,36.299051853493886,127.45382041107496,대전광역시 중구 옥계동 46-1,30140212132930,,,,False
은광빌라,2003,2.3,36.297984515380335,127.45403379684195,대전광역시 중구 옥계동 48-5,30140312132931,,,,False
길산빌라,1991,2.3,36.29774927807823,127.4540368010276,대전광역시 중구 옥계동 48-11,30140312132932,,,,False
크린빌,2002,2.3,36.29764639840948,127.45415795670851,대전광역시 중구 옥계동 48-15,30140312132933,,,,False
덕순빌라A동,2002,2.3,36.298032318800935,127.45450779178653,대전광역시 중구 옥계동 49-10,30140312132934,,,,False
덕순빌라B동,2002,2.3,36.29792307791963,127.4546040669309,대전광역시 중구 옥계동 49-25,30140312132935,,,,False
은혜3,1980,2.3,36.29892817160274,127.4555299304878,대전광역시 중구 옥계동 50-2,30140212132936,,,,False
동원,1983,2.3,36.29874211859868,127.45574254108894,대전광역시 중구 옥계동 50-3,30140212132937,A10021708,,None,False
은혜(50-29),1990,2.3,36.29881888849657,127.45538326071647,대전광역시 중구 옥계동 50-29,30140312132938,,,,False
해동빌라C동,1992,2.3,36.30068107983664,127.44791338843952,대전광역시 중구 옥계동 71-3,30140312132939,,,,False
"정광빌라A,B동",1992,2.3,36.30064178739392,127.44768129135878,대전광역시 중구 옥계동 71-4,30140312132940,,,,False
오토빌라C동,1992,2.3,36.300333596030846,127.44773031500142,대전광역시 중구 옥계동 71-6,30140312132941,,,,False
오토빌라,1992,2.3,36.30033005961087,127.44755333714416,대전광역시 중구 옥계동 71-7,30140312132942,,,,False
대성빌라,1993,2.3,36.30044470558914,127.4478857426015,대전광역시 중구 옥계동 74,30140312132943,,,,False
전원빌라,1991,2.3,36.30054895176248,127.44794114121945,대전광역시 중구 옥계동 74-2,30140312132944,,,,False
해동주택,1991,2.3,36.30062972726648,127.44809740823014,대전광역시 중구 옥계동 74-5,30140312132945,,,,False
동진빌라,1998,2.3,36.30040973248594,127.4481722183657,대전광역시 중구 옥계동 74-10,30140312132946,,,,False
시온빌라(75-4),1990,2.3,36.30020759603425,127.44778285839118,대전광역시 중구 옥계동 75-4,30140312132947,,,,False
덕산빌라2동,1990,2.3,36.30006444819174,127.44784393767549,대전광역시 중구 옥계동 75-8,30140312132948,,,,False
덕산빌라1동,1990,2.3,36.299938582673,127.44771797938212,대전광역시 중구 옥계동 75-10,30140312132949,,,,False
럭키빌라,1990,2.3,36.29934297790814,127.44740961254108,대전광역시 중구 옥계동 77-5,30140312132950,,,,False
대호하이츠,2012,2.3,36.29851207263735,127.45256044311544,대전광역시 중구 옥계동 103-9,30140320164854,,,,False
혜은,1983,2.3,36.29854753033541,127.45281575856936,대전광역시 중구 옥계동 115,30140212132951,,,,False
우주빌라,1997,2.3,36.29845998359022,127.45301109371272,대전광역시 중구 옥계동 116-1,30140312132952,,,,False
"대구빌라가,나동",1994,2.3,36.29721629451331,127.4537132646148,대전광역시 중구 옥계동 125-1,30140312132953,,,,False
대구빌라다동,1994,2.3,36.297243861093065,127.45356069982093,대전광역시 중구 옥계동 125-3,30140312132954,,,,False
한용빌라A동,1986,2.3,36.29726499976029,127.45520778066007,대전광역시 중구 옥계동 149-25,30140312132955,,,,False
한용빌라B동,1986,2.3,36.29713760887847,127.4553196960328,대전광역시 중구 옥계동 149-26,30140312132956,,,,False
시온빌라,1989,2.3,36.29725697167187,127.45539019890148,대전광역시 중구 옥계동 149-30,30140312132957,,,,False
(156-2),1981,2.3,36.29706820419061,127.45464158600902,대전광역시 중구 옥계동 156-2,30140212132958,,,,False
옥계,1979,2.3,36.29654410263513,127.4538389558654,대전광역시 중구 옥계동 156-3,30140100010910,,,,False
플러스빌101동,2003,2.3,36.29662991919507,127.45592616931398,대전광역시 중구 옥계동 158-4,30140312132960,,,,False
옥계주택,1992,2.3,36.295945023249374,127.45633024771492,대전광역시 중구 옥계동 158-8,30140312132961,,,,False
플러스빌102동,2003,2.3,36.29650515182759,127.45601330070916,대전광역시 중구 옥계동 158-17,30140312132962,,,,False
플러스빌103동,2003,2.3,36.29637680976953,127.45612857527898,대전광역시 중구 옥계동 158-18,30140312132963,,,,False
플러스빌104동,2002,2.3,36.29625476282483,127.45623885144796,대전광역시 중구 옥계동 158-19,30140312132964,,,,False
성정빌라,2022,2.7 (검증필요),36.295312755253335,127.4564621063417,대전광역시 중구 옥계동 161-13,30140320440307,,,,False
태평빌라501동,1994,2.3,36.2949988109438,127.45643439546508,대전광역시 중구 옥계동 162-9,30140312132965,,,,False
태평빌라401동,1993,2.3,36.2956145572302,127.45573487379676,대전광역시 중구 옥계동 162-10,30140312132966,,,,False
태평빌라201동,1992,2.3,36.29531647143325,127.45610471977702,대전광역시 중구 옥계동 162-12,30140312132967,,,,False
태평빌라101동,1992,2.3,36.29526750596902,127.45621964916964,대전광역시 중구 옥계동 162-13,30140312132968,,,,False
태평빌라301동,1993,2.3,36.2954238132843,127.45597554591532,대전광역시 중구 옥계동 162-16,30140312132969,,,,False
금정빌라,2010,2.3,36.29577492826576,127.45553875679909,대전광역시 중구 옥계동 163-2,30140320132394,,,,False
녹산빌라,1986,2.3,36.296206862299584,127.45585664089248,대전광역시 중구 옥계동 164-1,30140212132970,,,,False
용주빌라,1987,2.3,36.29607634217092,127.45307841319595,대전광역시 중구 옥계동 173-28,30140312132971,,,,False
부림연립A동,1986,2.3,36.29454438414206,127.45192875302176,대전광역시 중구 옥계동 173-45,30140312132972,,,,False
"한우빌라가,나동",1990,2.3,36.29631991365825,127.45311357137427,대전광역시 중구 옥계동 173-87,30140312132973,,,,False
부림연립B동,1986,2.3,36.29454235881276,127.45206302038034,대전광역시 중구 옥계동 173-163,30140312132974,,,,False
"유성빌라가,나동",1990,2.3,36.29619269074301,127.45308265897704,대전광역시 중구 옥계동 173-168,30140312132975,,,,False
한양그린맨션,1985,2.3,36.29637917690359,127.454648002556,대전광역시 중구 옥계동 201,30140100010912,A10020150,0.0,관리사무소,False
(77-41),1992,2.3,36.31832562152088,127.427609529161,대전광역시 중구 대사동 77-41,30140320181686,,,,False
보문,1978,2.3,36.3167078177256,127.42616648616176,대전광역시 중구 대사동 87-40,30140100010915,,,,False
영진로얄,1984,2.3,36.316877165441454,127.42673775102617,대전광역시 중구 대사동 95-16,30140100010916,,,,False
보문빌라B,2001,2.3,36.3165173095509,127.42523796480717,대전광역시 중구 대사동 119-2,30140312132979,,,,False
보문빌라A,2001,2.3,36.316653997438586,127.42531787753376,대전광역시 중구 대사동 119-12,30140312132980,,,,False
보문빌라C,2003,2.3,36.316311824010526,127.425303850138,대전광역시 중구 대사동 120,30140312132981,,,,False
보문타워빌라,1995,2.3,36.314814974692965,127.4246696829726,대전광역시 중구 대사동 148-1,30140312132983,,,,False
보문파크,2004,2.3,36.3137676204331,127.42585972330885,대전광역시 중구 대사동 155-7,30140312132984,,,,False
미진주택,1999,2.3,36.31405162413462,127.42578867637174,대전광역시 중구 대사동 166-34,30140312132985,,,,False
은혜연립,1984,2.3,36.31324927408028,127.4266026217468,대전광역시 중구 대사동 179-13,30140212132986,,,,False
성심A,2007,2.3,36.30968305094233,127.42019396588373,대전광역시 중구 대사동 197-31,30140320068787,,,,False
성심D,2008,2.3,36.30923606232294,127.41992795497592,대전광역시 중구 대사동 197-151,30140320090562,,,,False
성심B,2007,2.3,36.309507929259176,127.42018100608352,대전광역시 중구 대사동 197-158,30140320068788,,,,False
성심C,2008,2.3,36.30936625721455,127.41996038922392,대전광역시 중구 대사동 197-160,30140320090566,,,,False
문원빌라,2009,2.3,36.31120619281684,127.41980813371892,대전광역시 중구 대사동 197-163,30140320120571,,,,False
"그린(C,D동)",2009,2.3,36.311077233416505,127.41977042880612,대전광역시 중구 대사동 197-164,30140320124818,A41301020,46.0,관리사무소,Needs Review
그린,2009,2.3,36.310478839692216,127.41952801971792,대전광역시 중구 대사동 197-173,30140320122235,A41301020,46.0,관리사무소,Needs Review
웨스턴B동,2010,2.3,36.313422952181405,127.42147702559984,대전광역시 중구 대사동 200-1,30140320126429,,,,False
웨스턴A동,2008,2.3,36.31333693511432,127.42162153412622,대전광역시 중구 대사동 200-2,30140320100727,,,,False
(200-11),1979,2.3,36.31311572423256,127.42112657704077,대전광역시 중구 대사동 200-11,30140212132978,,,,False
신정아트빌,2023,2.7 (검증필요),36.313660982158495,127.4217417619336,대전광역시 중구 대사동 201-6,30140220443131,,,,False
(207-1),1982,2.3,36.315292586213616,127.42289464734208,대전광역시 중구 대사동 207-1,30140312132990,,,,False
삼화연립,1991,2.3,36.31468493467821,127.42301141486448,대전광역시 중구 대사동 208-3,30140212132991,,,,False
동양빌라,1992,2.3,36.31451828070664,127.42288435097808,대전광역시 중구 대사동 208-18,30140312132992,,,,False
대자연빌라트B동,1997,2.3,36.315429741179656,127.42358883998295,대전광역시 중구 대사동 220-1,30140312132993,,,,False
대자연빌라트A동,1997,2.3,36.31530495801245,127.4235085765116,대전광역시 중구 대사동 220-13,30140312132994,,,,False
더퍼스트뷰,2021,2.7 (검증필요),36.3175171013818,127.4216868891306,대전광역시 중구 대사동 233-43,30140120431058,,,,False
하늘빛파크A동B동,2022,2.7 (검증필요),36.317036125558246,127.42234194878311,대전광역시 중구 대사동 233-261,30140320438979,,,,False
하늘빛파크B동,2020,2.3,36.3168723200835,127.42214439654222,대전광역시 중구 대사동 233-266,30140320410579,,,,False
하늘빛파크C동,2020,2.3,36.31679391140581,127.42199114435044,대전광역시 중구 대사동 233-267,30140320411190,,,,False
대성맨션,2002,2.3,36.31726020374181,127.41972868344516,대전광역시 중구 대사동 246-8,30140312132995,,,,False
그린하이츠,1994,2.3,36.31711983929577,127.41976280629324,대전광역시 중구 대사동 246-9,30140312132996,,,,False
윤정빌라,2002,2.3,36.31687555155128,127.4192148135759,대전광역시 중구 대사동 246-27,30140312132997,,,,False
인성빌라,2012,2.3,36.31691417575922,127.4194977059766,대전광역시 중구 대사동 246-29,30140320164003,,,,False
신아빌라,1993,2.3,36.317174949502686,127.418691399584,대전광역시 중구 대사동 246-110,30140312132998,,,,False
성원빌라,1993,2.3,36.315588395265976,127.41858827259428,대전광역시 중구 대사동 248-11,30140212132999,,,,False
"성원빌라가,나",1994,2.3,36.31543050792675,127.41865304644372,대전광역시 중구 대사동 248-12,30140212133000,,,,False
"성원빌라A,B",1992,2.3,36.31522014132866,127.41868012774592,대전광역시 중구 대사동 248-194,30140312133001,,,,False
계룡,1990,2.3,36.32052177360529,127.4172812450326,대전광역시 중구 대사동 248-219,30140100010914,A30184601,0.0,"관리사무소, 노인정, 어린이놀이터, 자전거보관소",False
솔리안시티,2024,2.7 (검증필요),36.31998176536412,127.41624637493254,대전광역시 중구 대사동 248-222,30140120449934,,,,False
(248-226),1981,2.3,36.32009299881386,127.41509852578992,대전광역시 중구 대사동 248-226,30140320047556,,,,False
성산빌라,1995,2.3,36.316808761278985,127.41893249265792,대전광역시 중구 대사동 250-1,30140312133003,,,,False
선원대자연,2002,2.3,36.31538384994064,127.4166241860884,대전광역시 중구 대사동 640-7,30140100219509,,,,False
윤영빌,1982,2.3,36.31816932736326,127.43257153041888,대전광역시 중구 부사동 94-4,30140312133005,,,,False
대복아트빌라,1995,2.3,36.31648066953159,127.4343006564587,대전광역시 중구 부사동 96-4,30140312133006,,,,False
경성빌라,1991,2.3,36.31627187063571,127.43476764129286,대전광역시 중구 부사동 97-3,30140312133007,,,,False
아이비,2005,2.3,36.31467487497549,127.43510647924975,대전광역시 중구 부사동 101-1,30140120009333,,,,False
대영프라임,2004,2.3,36.313591787005976,127.43300774325652,대전광역시 중구 부사동 130-3,30140100219510,,,,False
상아그린빌리지,1995,2.3,36.31331759553529,127.42972086650155,대전광역시 중구 부사동 141-5,30140312133009,,,,False
(146-6),1983,2.3,36.313035029049225,127.4316294314809,대전광역시 중구 부사동 146-6,30140320318784,,,,False
대성해뜨는마을,2017,2.3,36.31238734904312,127.43525035499503,대전광역시 중구 부사동 153-2,30140120356558,,,,False
GH그린빌,2018,2.3,36.31072096000412,127.43616606234792,대전광역시 중구 부사동 159-6,30140220381214,,,,False
삼현빌라,1999,2.3,36.3107501006871,127.4359540462366,대전광역시 중구 부사동 159-7,30140312133010,,,,False
둥지빌라,1999,2.3,36.31083456947712,127.43603017803376,대전광역시 중구 부사동 159-12,30140312133011,,,,False
신일빌라,2004,2.3,36.311169794024224,127.43624266856855,대전광역시 중구 부사동 166-7,30140318224090,,,,False
한빛빌라,2002,2.3,36.31108337607135,127.436371713984,대전광역시 중구 부사동 166-19,30140312133012,,,,False
조은빌,2013,2.3,36.31519423183335,127.42795029562936,대전광역시 중구 부사동 209-3,30140320182699,,,,False
남고연립,1986,2.3,36.31195962567642,127.4287714717267,대전광역시 중구 부사동 227-1,30140312133013,,,,False
동해빌라,1991,2.3,36.312773106410106,127.4295436610844,대전광역시 중구 부사동 230-27,30140312133014,,,,False
태영주택,1992,2.3,36.31224535656814,127.42912425723664,대전광역시 중구 부사동 230-55,30140312133015,,,,False
민영1동,1972,2.3,36.31199603460301,127.43000552225011,대전광역시 중구 부사동 230-71,30140100010917,,,,False
민영2동,1972,2.3,36.31238187501468,127.4300671304453,대전광역시 중구 부사동 230-72,30140100448927,,,,False
금실빌라(239-6),1994,2.3,36.31083679640876,127.43737426836448,대전광역시 중구 부사동 239-6,30140312133018,,,,False
금실빌라(241-7),1994,2.3,36.31062988004267,127.43733792091416,대전광역시 중구 부사동 241-7,30140312133019,,,,False
금실빌라,2000,2.3,36.3100379337335,127.436963360722,대전광역시 중구 부사동 254-8,30140312133020,,,,False
두레마을,2005,2.3,36.31147854990822,127.43651187767878,대전광역시 중구 부사동 259-6,30140320009334,,,,False
은혜빌라,1982,2.3,36.3113680738842,127.4373036766296,대전광역시 중구 부사동 260-3,30140312133021,,,,False
잉꼬빌라A동,1990,2.3,36.31283455253811,127.4310812122924,대전광역시 중구 부사동 292-15,30140312133022,,,,False
잉꼬빌라B동,1990,2.3,36.3128676835306,127.43095315815988,대전광역시 중구 부사동 292-17,30140312133023,,,,False
창조,1992,2.3,36.31236566884571,127.43186311368892,대전광역시 중구 부사동 298-10,30140100010918,A62675001,0.0,"관리사무소, 노인정, 어린이놀이터, 자전거보관소",False
성온빌라,2003,2.3,36.31238990983358,127.4326480741212,대전광역시 중구 부사동 302-1,30140312133025,,,,False
만인빌,2013,2.3,36.31207832112449,127.4335981287546,대전광역시 중구 부사동 305-1,30140320172311,,,,False
부사스마트빌,2014,2.3,36.31223484656785,127.43353566363696,대전광역시 중구 부사동 305-2,30140320296241,,,,False
명품빌라,2023,2.7 (검증필요),36.311945589998885,127.43364575365754,대전광역시 중구 부사동 305-6,30140320446813,,,,False
중부빌라,1990,2.3,36.31146923945617,127.43324558306593,대전광역시 중구 부사동 307-24,30140312133026,,,,False
황토빌리지,2005,2.3,36.31182979105138,127.43344762567168,대전광역시 중구 부사동 308,30140300442526,,,,False
보문빌라,2002,2.3,36.31164588538833,127.43384891431506,대전광역시 중구 부사동 310-1,30140312133027,,,,False
다은빌,2013,2.3,36.31199441299664,127.43415610317884,대전광역시 중구 부사동 311-1,30140320181970,,,,False
리더스빌B동,2003,2.3,36.312335631613706,127.4338733472148,대전광역시 중구 부사동 312-2,30140212133028,,,,False
리더스빌A동,2003,2.3,36.31220131932551,127.43394965595238,대전광역시 중구 부사동 312-8,30140312133029,,,,False
아성빌라,1996,2.3,36.31004256053037,127.4358413192769,대전광역시 중구 부사동 364-7,30140312133030,,,,False
명지빌라,1995,2.3,36.31004158342838,127.43554255156305,대전광역시 중구 부사동 364-30,30140312133031,,,,False
부사빌라,1993,2.3,36.30987267868855,127.4352443626094,대전광역시 중구 부사동 365-1,30140312133032,,,,False
부사동참좋은,2014,2.3,36.30942973396515,127.43312804709709,대전광역시 중구 부사동 381,30140220297719,,,,False
보문종합사회복지관,2011,2.3,36.3101169203948,127.43356619316508,대전광역시 중구 부사동 390,30140220449211,,,,False
한일에스빌,2004,2.3,36.31071735663792,127.43461002989102,대전광역시 중구 부사동 401-3,30140312133033,,,,False
한일에스빌C동,2005,2.3,36.31058289946281,127.43442828530908,대전광역시 중구 부사동 401-24,30140300442527,,,,False
부흥아트빌,2005,2.3,36.31147084446181,127.43462514722997,대전광역시 중구 부사동 407-7,30140320009335,,,,False
화이트빌,2001,2.3,36.31140317074936,127.43386300055369,대전광역시 중구 부사동 411-1,30140312133034,A46381002,436.0,"관리사무소, 노인정, 어린이놀이터, 휴게시설, 자전거보관소",Needs Review
부사한솔,1994,2.3,36.30861205572612,127.4306585909014,대전광역시 중구 부사동 423-7,30140100010919,,,,False
430-1,1986,2.3,36.3111014374024,127.43079434604276,대전광역시 중구 부사동 430-1,30140312133036,,,,False
430-5,1986,2.3,36.31106665151334,127.4309479079888,대전광역시 중구 부사동 430-5,30140312133037,,,,False
430-7,1987,2.3,36.31094580841656,127.43087306827336,대전광역시 중구 부사동 430-7,30140312133038,,,,False
430-8,1987,2.3,36.31098310795706,127.43071892598844,대전광역시 중구 부사동 430-8,30140312133039,,,,False
430-10,1987,2.3,36.31113655686029,127.43069683714432,대전광역시 중구 부사동 430-10,30140312133040,,,,False
430-11,1987,2.3,36.31099508277475,127.4306013878134,대전광역시 중구 부사동 430-11,30140312133041,,,,False
동서연립,1984,2.3,36.311442846097805,127.43093994325372,대전광역시 중구 부사동 433-1,30140212133042,,,,False
부용빌라,1995,2.3,36.30978341259919,127.42834177675836,대전광역시 중구 부사동 443-36,30140312133043,,,,False
드림스테이,2019,2.3,36.32355756008194,127.41452721025922,대전광역시 중구 용두동 12-1,30140120393769,A10025287,119.0,"관리사무소, 자전거보관소",True
용두빌라,1997,2.3,36.32419939696832,127.41221978091352,대전광역시 중구 용두동 20-9,30140300442528,,,,False
가나안빌라,1995,2.3,36.32728472507708,127.41102798549528,대전광역시 중구 용두동 27-17,30140312133051,,,,False
미르마을,2005,2.3,36.32544405643081,127.41343344294864,대전광역시 중구 용두동 39,30140120009336,A30183002,682.0,"관리사무소, 노인정, 보육시설, 어린이놀이터, 자전거보관소",Needs Review
드림빌리지,2016,2.3,36.327112678788936,127.41175654023192,대전광역시 중구 용두동 53-7,30140320344450,,,,False
용두,1985,2.3,36.32900694904847,127.4092718459198,대전광역시 중구 용두동 56-53,30140100010922,,,,False
용정,1986,2.3,36.327907769416825,127.4099205251795,대전광역시 중구 용두동 56-145,30140100010923,,,,False
럭키빌라,1989,2.3,36.32792827896211,127.41035736166197,대전광역시 중구 용두동 56-156,30140312133054,,,,False
송강빌라,2002,2.3,36.32744150325328,127.41047705304128,대전광역시 중구 용두동 58-3,30140212133055,,,,False
나성,1990,2.3,36.32813248720369,127.40865344500423,대전광역시 중구 용두동 93-6,30140100219514,,,,False
성재빌리지,2021,2.7 (검증필요),36.32797719482062,127.40888199557352,대전광역시 중구 용두동 93-7,30140320418297,,,,False
(93-8),1989,2.3,36.328339101767696,127.4086720101094,대전광역시 중구 용두동 93-8,30140312133057,,,,False
선비촌빌라,2002,2.3,36.32898897818393,127.40846694973044,대전광역시 중구 용두동 95-4,30140312133058,,,,False
금남맨션,1985,2.3,36.32850636161975,127.40757532746598,대전광역시 중구 용두동 97-5,30140212133059,,,,False
늘푸른,1997,2.3,36.33022765912408,127.40801298803878,대전광역시 중구 용두동 99-4,30140100010921,A30183101,130.0,"관리사무소, 노인정, 어린이놀이터, 자전거보관소",Needs Review
대진그린빌라,1998,2.3,36.32987936810883,127.4046055908538,대전광역시 중구 용두동 121-5,30140312133062,,,,False
(137-4),1988,2.3,36.33220616500502,127.40281979781044,대전광역시 중구 용두동 137-4,30140312133063,,,,False
(137-10),1988,2.3,36.332130155197234,127.40272454146518,대전광역시 중구 용두동 137-10,30140312133064,,,,False
보람아트빌라,1997,2.3,36.33272149375647,127.402868567995,대전광역시 중구 용두동 145-4,30140312133067,,,,False
한라무지개,1993,2.3,36.333638081306205,127.40135891978696,대전광역시 중구 용두동 160-1,30140100010924,A68083004,0.0,"관리사무소, 노인정, 어린이놀이터, 자전거보관소",False
용마빌라,1993,2.3,36.3340180214001,127.40122013416078,대전광역시 중구 용두동 161-2,30140312133070,,,,False
가온빌라,2024,2.7 (검증필요),36.33399419746766,127.40097247904043,대전광역시 중구 용두동 161-6,30140320452369,,,,False
(161-7),1989,2.3,36.33343260338863,127.40055782721234,대전광역시 중구 용두동 161-7,30140312133071,,,,False
현대빌라,1991,2.3,36.334198019105614,127.4005701296616,대전광역시 중구 용두동 163-4,30140312133072,,,,False
광흥,1986,2.3,36.33259837148262,127.40115998015312,대전광역시 중구 용두동 166-2,30140100010920,,,,False
삼남빌라,1986,2.3,36.33465070633655,127.40236366254526,대전광역시 중구 용두동 179-1,30140312133075,,,,False
쌍용,1971,2.3,36.33498430395882,127.40148969400929,대전광역시 중구 용두동 182-34,30140212133076,A50086507,315.0,"관리사무소, 노인정, 어린이놀이터",Needs Review
목원B동,1984,2.3,36.33561649440578,127.4022923990367,대전광역시 중구 용두동 182-82,30140212133077,,,,False
목원A동,1984,2.3,36.33531592214394,127.4026440266363,대전광역시 중구 용두동 183-4,30140212133078,,,,False
용호,1987,2.3,36.33570970425201,127.40208287187086,대전광역시 중구 용두동 185-1,30140212133079,,,,False
스카이팰리스,2018,2.3,36.32316980692181,127.40390175178874,대전광역시 중구 오류동 73-1,30140120372712,,,,False
크럭스빌주상복합,2004,2.3,36.32300435043548,127.41075333975807,대전광역시 중구 오류동 151-8,30140100219516,,,,False
오류동누리보듬아파트,2018,2.3,36.32187586587747,127.4090437662972,대전광역시 중구 오류동 157,30140120375045,A10025682,70.0,"관리사무소, 노인정, 주민공동시설, 자전거보관소",Needs Review
서대전역코아루써밋,2021,2.7 (검증필요),36.32172915946397,127.4045328309874,대전광역시 중구 오류동 170-5,30140120419005,A10024294,198.0,"관리사무소, 노인정, 자전거보관소",True
시티팰리스,2013,2.3,36.322612773218026,127.40519943260928,대전광역시 중구 오류동 171-9,30140120173621,,,,False
쉐리움,2005,2.3,36.32228725291469,127.40524453040496,대전광역시 중구 오류동 171-13,30140100448928,,,,False
나이스타운,2012,2.3,36.322028006904816,127.40536857422563,대전광역시 중구 오류동 171-20,30140120167308,,,,False
삼성,1986,2.3,36.3237558746507,127.4079933266068,대전광역시 중구 오류동 175-1,30140100010926,A53035010,0.0,"노인정, 어린이놀이터",False
"천우빌라101동(가,나)",1991,2.3,36.32632256568496,127.40505594755648,대전광역시 중구 오류동 178-6,30140312133085,,,,False
"천우빌라102동(가,나)",1991,2.3,36.32618608709468,127.40512044112506,대전광역시 중구 오류동 178-47,30140312133086,,,,False
"천우빌라103동(가,나)",1991,2.3,36.326048294866204,127.40518372522266,대전광역시 중구 오류동 178-48,30140312133087,,,,False
"천우빌라104동(가,나)",1991,2.3,36.32586224768097,127.40525060021815,대전광역시 중구 오류동 178-49,30140312133088,,,,False
삼합그린빌리지(105동),1999,2.3,36.32522060773197,127.4032475575989,대전광역시 중구 오류동 180-37,30140312133089,,,,False
삼합그린빌리지(106동),1999,2.3,36.32515176611999,127.40300039312774,대전광역시 중구 오류동 180-44,30140312133090,,,,False
삼합그린빌리지(107동),1999,2.3,36.32507798673439,127.40276510734324,대전광역시 중구 오류동 180-45,30140312133091,,,,False
삼합그린빌리지(104동),1999,2.3,36.32488646558771,127.40280489092753,대전광역시 중구 오류동 180-47,30140312133092,,,,False
삼합그린빌리지(103동),1999,2.3,36.32491357438717,127.40299089897556,대전광역시 중구 오류동 180-48,30140312133093,,,,False
삼합그린빌리지(102동),1999,2.3,36.32496695517047,127.40316118833644,대전광역시 중구 오류동 180-49,30140312133094,,,,False
삼합그린빌리지(101동),1999,2.3,36.32501809485822,127.40333548206516,대전광역시 중구 오류동 180-50,30140312133095,,,,False
디자인빌,2017,2.3,36.32544387047701,127.4025001424572,대전광역시 중구 오류동 181-15,30140320358796,,,,False
벨라힐스,2016,2.3,36.325467518056,127.40268928688188,대전광역시 중구 오류동 181-16,30140320344939,,,,False
로즈마리빌,2019,2.3,36.32551335388624,127.40285910295214,대전광역시 중구 오류동 181-17,30140320392346,,,,False
진팰리스,2018,2.3,36.32739667213306,127.40250743442594,대전광역시 중구 오류동 183-3,30140120374437,,,,False
대풍빌라나동,1993,2.3,36.32978388629843,127.40237365179092,대전광역시 중구 오류동 189-3,30140312133096,,,,False
행복한집,2012,2.3,36.32885431418363,127.40277070865469,대전광역시 중구 오류동 189-10,30140320166469,,,,False
리쥬파크,2011,2.3,36.32862643415773,127.4029194609397,대전광역시 중구 오류동 189-12,30140120145959,,,,False
대풍빌라가동,1993,2.3,36.32965894489293,127.40246596644889,대전광역시 중구 오류동 189-86,30140312133097,,,,False
신원주택장미동목화동,1992,2.3,36.330094008387135,127.40073576610172,대전광역시 중구 오류동 190-8,30140312133098,,,,False
한밭주택A동,1984,2.3,36.32981462057207,127.40075534857476,대전광역시 중구 오류동 190-11,30140212133099,,,,False
"서정주택1,2동",1989,2.3,36.32946565465227,127.40097150153024,대전광역시 중구 오류동 190-12,30140312133100,,,,False
"서정주택7,8동",1989,2.3,36.329112831656445,127.40110384898723,대전광역시 중구 오류동 190-15,30140312133101,,,,False
한밭주택B동,1984,2.3,36.32968663678554,127.40080383100798,대전광역시 중구 오류동 190-98,30140212133102,,,,False
한밭주택C동,1984,2.3,36.32955717329106,127.40085269053672,대전광역시 중구 오류동 190-100,30140212133103,,,,False
"서정주택3,4동",1989,2.3,36.329347992781294,127.40101610828968,대전광역시 중구 오류동 190-119,30140312133104,,,,False
"서정주택5,6동",1989,2.3,36.32922952288095,127.40106064460188,대전광역시 중구 오류동 190-120,30140312133105,,,,False
"서정주택9,10동",1989,2.3,36.328994831088096,127.40114731703198,대전광역시 중구 오류동 190-122,30140312133106,,,,False
신원주택백합동국화동,1992,2.3,36.32995181209368,127.40082461110391,대전광역시 중구 오류동 190-125,30140312133107,,,,False
유등마을쌍용아파트,2000,2.3,36.331622625240485,127.39876699413642,대전광역시 중구 태평동 253-1,30140100010942,,,,False
푸른뫼,1999,2.3,36.32979863344556,127.39944296943511,대전광역시 중구 태평동 254-4,30140100010945,A30115002,110.0,"관리사무소, 노인정, 어린이놀이터, 기타",Needs Review
문화주택,1979,2.3,36.3283929569725,127.39947542141836,대전광역시 중구 태평동 257-23,30140212133116,,,,False
황천빌라,1990,2.3,36.32535246822872,127.40158890082962,대전광역시 중구 태평동 278-5,30140312133117,,,,False
"태평연립가,나동",1980,2.3,36.324477083426345,127.40118484663836,대전광역시 중구 태평동 278-14,30140212133118,,,,False
"태평연립다,라,마동",1980,2.3,36.32443285259089,127.4015895318184,대전광역시 중구 태평동 278-66,30140212133119,,,,False
시영아파트12동,1983,2.3,36.32385801537943,127.40140680827788,대전광역시 중구 태평동 281-8,30140100010941,,,,False
"시영아파트1,2,3동",1981,2.3,36.32325309471226,127.401618087658,대전광역시 중구 태평동 312-2,30140120395532,,,,False
태평,2000,2.3,36.32396199262011,127.39945549174638,대전광역시 중구 태평동 317,30140100010944,A30177103,1022.0,"관리사무소, 노인정, 보육시설, 주민공동시설, 어린이놀이터, 유치원, 자전거보관소",Needs Review
태평시장상가(328-16),1982,2.3,36.32499296200924,127.39718213546992,대전광역시 중구 태평동 328-16,30140212133130,,,,False
태평시장상가(328-17),1982,2.3,36.32485893986009,127.39723576307163,대전광역시 중구 태평동 328-17,30140212133131,,,,False
태평시장상가(329-2),1982,2.3,36.32491317016946,127.39675353448428,대전광역시 중구 태평동 329-2,30140300442531,,,,False
태평시장상가(329-6),1985,2.3,36.32463744686581,127.39685961878487,대전광역시 중구 태평동 329-6,30140300442533,,,,False
태평시장상가(329-7),1982,2.3,36.32459430352885,127.39669709175568,대전광역시 중구 태평동 329-7,30140300442534,,,,False
태평빌라(332-3),1991,2.3,36.325550926422295,127.39884541428196,대전광역시 중구 태평동 332-3,30140312133132,,,,False
(337-54),1986,2.3,36.32728803840587,127.39671751526134,대전광역시 중구 태평동 337-54,30140212133133,,,,False
아카드빌2,2007,2.3,36.327285824229264,127.39785487939665,대전광역시 중구 태평동 338-4,30140320065585,,,,False
서일,1991,2.3,36.32835015265482,127.39792968971716,대전광역시 중구 태평동 339-25,30140212133134,,,,False
어반리츠,2022,2.7 (검증필요),36.32815867018413,127.39732866814184,대전광역시 중구 태평동 340-1,30140120441025,,,,False
진호빌라,1989,2.3,36.32850278994776,127.39713343220764,대전광역시 중구 태평동 341-4,30140212133135,,,,False
태평빌라(341-6),1991,2.3,36.328280734402654,127.3965920375878,대전광역시 중구 태평동 341-6,30140312133136,,,,False
청남빌라가동,1992,2.3,36.32874042022148,127.39778196611124,대전광역시 중구 태평동 342-5,30140312133137,,,,False
청남빌라나동,1992,2.3,36.32862464926159,127.39780903297812,대전광역시 중구 태평동 342-51,30140312133138,,,,False
동서빌라,1990,2.3,36.33165064141663,127.39645009718718,대전광역시 중구 태평동 354-12,30140312133139,,,,False
만년빌라,1990,2.3,36.33098128584293,127.39623501137922,대전광역시 중구 태평동 355-2,30140312133140,,,,False
만년빌라(355-56),1990,2.3,36.330954995991576,127.3963575644429,대전광역시 중구 태평동 355-56,30140312133141,,,,False
용화빌라,1998,2.3,36.32955121441925,127.39411840806191,대전광역시 중구 태평동 364-60,30140312133142,,,,False
새마을연립,1979,2.3,36.32987811006868,127.39520127119764,대전광역시 중구 태평동 365-15,30140212133143,,,,False
새마을연립(365-28),1978,2.3,36.329769500756726,127.3950968688562,대전광역시 중구 태평동 365-28,30140212133144,,,,False
개나리연립,1979,2.3,36.329511046725294,127.39524836338065,대전광역시 중구 태평동 365-34,30140212133145,,,,False
진달래연립,1984,2.3,36.32897969082227,127.39427401773683,대전광역시 중구 태평동 367-5,30140312133146,,,,False
장미연립비동(369-7),1980,2.3,36.329261507663965,127.39334698581806,대전광역시 중구 태평동 369-7,30140212133147,,,,False
장미연립에이동(369-16),1980,2.3,36.32911073988751,127.3932370476484,대전광역시 중구 태평동 369-16,30140212133148,,,,False
무궁화연립,1980,2.3,36.32822825306015,127.39423350447323,대전광역시 중구 태평동 372-21,30140212133149,,,,False
초원빌라(373-16),1995,2.3,36.32786446638924,127.39401203867646,대전광역시 중구 태평동 373-16,30140312133150,,,,False
현대연립,1981,2.3,36.32756056638015,127.39509312348238,대전광역시 중구 태평동 374-46,30140212133151,,,,False
나이스타운,2012,2.3,36.32450556632239,127.39558041893604,대전광역시 중구 태평동 382-4,30140120162103,,,,False
삼부1,1978,2.3,36.32438314110424,127.39477732957296,대전광역시 중구 태평동 383-1,30140100010933,,,,False
파라곤,2005,2.3,36.32090061522967,127.38827712046104,대전광역시 중구 태평동 389-5,30140100448929,A30115005,955.0,"관리사무소, 노인정, 문고, 주민공동시설, 어린이놀이터, 휴게시설, 자전거보관소",Needs Review
삼부4,1986,2.3,36.322146082932754,127.39195690856432,대전광역시 중구 태평동 393,30140100010936,,,,False
삼부3,1985,2.3,36.32356252925895,127.39184015501442,대전광역시 중구 태평동 403-1,30140100010935,,,,False
삼부2,1981,2.3,36.324959289070094,127.3912624379118,대전광역시 중구 태평동 407,30140100010934,,,,False
삼부5,1991,2.3,36.32459125913822,127.3931840372454,대전광역시 중구 태평동 408-1,30140100010939,,,,False
아카드빌,2006,2.3,36.32589115395918,127.39289584577004,대전광역시 중구 태평동 409-38,30140320060194,,,,False
성수빌라,1992,2.3,36.32701712794386,127.393250485525,대전광역시 중구 태평동 410-22,30140312133157,,,,False
한밭하이츠,1988,2.3,36.32778063898981,127.3920305353869,대전광역시 중구 태평동 412-1,30140100010946,,,,False
새롬,1999,2.3,36.32236109188415,127.38986085761935,대전광역시 중구 태평동 419-1,30140100010940,,,,False
버드내1,2000,2.3,36.31795416648734,127.38918793293476,대전광역시 중구 태평동 422-7,30140100010931,,,,False
버드내마을아파트2단지,2000,2.3,36.32077015433143,127.39096252542215,대전광역시 중구 태평동 551,30140100010932,,,,False
쌍용예가,2008,2.3,36.32347125432189,127.39697072954196,대전광역시 중구 태평동 554,30140120100758,A50084514,1308.0,"관리사무소, 노인정, 보육시설, 주민공동시설, 어린이놀이터, 휴게시설, 자전거보관소",Needs Review
라테라스PH42,2024,2.7 (검증필요),36.32624989962801,127.3978780608663,대전광역시 중구 태평동 555,30140120449773,,,,False
유천현대아파트,1990,2.3,36.321167902418495,127.40092798408966,대전광역시 중구 유천동 10,30140100010952,,,,False
장미,1981,2.3,36.32262047693492,127.40071748918233,대전광역시 중구 유천동 10-1,30140100010950,A13114003,,None,False
벽산한사랑,1994,2.3,36.319891914615766,127.39993040197118,대전광역시 중구 유천동 10-2,30140100010949,,,,False
남촌현대,1995,2.3,36.3199406464569,127.40164401883378,대전광역시 중구 유천동 10-4,30140100010948,,,,False
건영,2007,2.3,36.318997078674094,127.40200351276692,대전광역시 중구 유천동 127-39,30140320071541,A50630215,216.0,"관리사무소, 노인정, 어린이놀이터, 휴게시설, 자전거보관소",Needs Review
동양빌라,1992,2.3,36.31808704963057,127.4029568034682,대전광역시 중구 유천동 135-3,30140312133172,,,,False
유정빌라(137-13),1990,2.3,36.31642156711575,127.40268261638192,대전광역시 중구 유천동 137-13,30140312133173,,,,False
우주빌라,1996,2.3,36.31623555489037,127.40161493422588,대전광역시 중구 유천동 138-1,30140312133174,,,,False
보라빌라A동,1995,2.3,36.316322042014335,127.4018125318242,대전광역시 중구 유천동 138-3,30140312133175,,,,False
보라빌라,1995,2.3,36.31610614318238,127.4016909810226,대전광역시 중구 유천동 138-20,30140312133176,,,,False
성하하이츠빌라가동,1995,2.3,36.31550100051973,127.4012553316945,대전광역시 중구 유천동 139-36,30140312133177,,,,False
성하하이츠빌라나동,1995,2.3,36.31553207140259,127.40143693099796,대전광역시 중구 유천동 139-59,30140312133178,,,,False
금강빌라(141-3),1992,2.3,36.31478680496562,127.40257430785316,대전광역시 중구 유천동 141-3,30140312133179,,,,False
한빛빌라,2003,2.3,36.31375219973658,127.4009145012878,대전광역시 중구 유천동 163-3,30140312133180,,,,False
유천빌라,1997,2.3,36.314029858664064,127.4003930287281,대전광역시 중구 유천동 167-22,30140312133181,,,,False
신혜빌라,2003,2.3,36.31410246703557,127.40068838650966,대전광역시 중구 유천동 167-24,30140312133182,,,,False
삼구아트빌라,2000,2.3,36.31440169326886,127.40027108851685,대전광역시 중구 유천동 169-10,30140312133183,,,,False
중부종합상가3동(170-5),1983,2.3,36.31508167517488,127.40065878755254,대전광역시 중구 유천동 170-5,30140312133184,,,,False
중부종합상가2동(170-18),1984,2.3,36.315047409854266,127.40091520284024,대전광역시 중구 유천동 170-18,30140312133185,,,,False
중부종합상가가동나동(170-20),1984,2.3,36.314930997881774,127.40069377540664,대전광역시 중구 유천동 170-20,30140312133186,,,,False
중부종합상가1동(170-21),1983,2.3,36.31486085340655,127.40098365139316,대전광역시 중구 유천동 170-21,30140312133187,,,,False
부광빌라1,1996,2.3,36.315230630276446,127.39963738552063,대전광역시 중구 유천동 172-1,30140312133188,,,,False
은행빌라3,1995,2.3,36.31542350694457,127.40023939132264,대전광역시 중구 유천동 172-5,30140312133189,,,,False
동양맨션,2002,2.3,36.31516126165512,127.40010472801742,대전광역시 중구 유천동 172-12,30140100219522,,,,False
은행빌라2,1995,2.3,36.31544304082371,127.40041553863357,대전광역시 중구 유천동 172-33,30140312133191,,,,False
은행빌라1,1995,2.3,36.31545905520202,127.40059162136896,대전광역시 중구 유천동 172-34,30140312133192,,,,False
부광빌라,1996,2.3,36.3152747327413,127.39984108179,대전광역시 중구 유천동 172-35,30140312133193,,,,False
하니빌,2003,2.3,36.316727834306576,127.40123276480566,대전광역시 중구 유천동 175-3,30140312133194,,,,False
삼구빌라,1997,2.3,36.31673162847474,127.40147370090968,대전광역시 중구 유천동 175-4,30140312133195,,,,False
국제빌라(175-31),1995,2.3,36.31653276348664,127.40078986752056,대전광역시 중구 유천동 175-31,30140312133196,,,,False
상웅빌라,1995,2.3,36.316490595732375,127.40097420909647,대전광역시 중구 유천동 175-32,30140312133197,,,,False
국제빌라(175-33),1995,2.3,36.316449349959456,127.40116263071134,대전광역시 중구 유천동 175-33,30140312133198,,,,False
신영하이츠,2004,2.3,36.31641034531174,127.4000917447862,대전광역시 중구 유천동 176-7,30140312133199,,,,False
대운3동(176-27),1980,2.3,36.31633746285535,127.3997185443706,대전광역시 중구 유천동 176-27,30140212133200,,,,False
대운1동(176-28),1980,2.3,36.31639007367512,127.3999213791721,대전광역시 중구 유천동 176-28,30140212133201,,,,False
대운2동(176-29),1980,2.3,36.316288931076485,127.3999482449747,대전광역시 중구 유천동 176-29,30140212133202,,,,False
대운4동(176-30),1980,2.3,36.316288102221606,127.39979292563623,대전광역시 중구 유천동 176-30,30140212133203,,,,False
조은빌라,2005,2.3,36.31667747637547,127.3993361032733,대전광역시 중구 유천동 177-2,30140300442535,,,,False
신도E,2013,2.3,36.31670839480692,127.3995413346494,대전광역시 중구 유천동 177-3,30140320180357,,,,False
당대마을,2004,2.3,36.31658232798971,127.39984281151725,대전광역시 중구 유천동 177-7,30140100219523,,,,False
신도D,2013,2.3,36.3167543442317,127.39972291035645,대전광역시 중구 유천동 177-17,30140320180370,,,,False
신도C,2013,2.3,36.31680028390619,127.39990367559776,대전광역시 중구 유천동 177-18,30140320180377,,,,False
신도B,2013,2.3,36.31684612952091,127.40008378224653,대전광역시 중구 유천동 177-19,30140320180355,,,,False
신도A,2013,2.3,36.31689227974938,127.4002649677758,대전광역시 중구 유천동 177-20,30140320180378,,,,False
럭키그린빌라,1996,2.3,36.31711215036363,127.401123305954,대전광역시 중구 유천동 178-5,30140312133205,,,,False
리베라빌라1동(179-3),1991,2.3,36.317564775624106,127.40085588962928,대전광역시 중구 유천동 179-3,30140312133206,,,,False
리베라빌라2동(179-14),1991,2.3,36.31757174149439,127.40102761343516,대전광역시 중구 유천동 179-14,30140312133207,,,,False
리베라빌라3동(179-15),1991,2.3,36.31758551727772,127.4011992718443,대전광역시 중구 유천동 179-15,30140312133208,,,,False
세운하이츠,2002,2.3,36.3170745565222,127.39897838322364,대전광역시 중구 유천동 180-1,30140312133209,,,,False
(198-1)유평상가,1982,2.3,36.32230366445384,127.39795615025346,대전광역시 중구 유천동 198-1,30140220043139,,,,False
(198-8)유평상가,1982,2.3,36.3223749945992,127.39836116784964,대전광역시 중구 유천동 198-8,30140220042563,,,,False
삼경연립다동라동,1995,2.3,36.3218282780406,127.3979354923433,대전광역시 중구 유천동 200-24,30140312133170,,,,False
삼경연립가동나동,1995,2.3,36.32187882478918,127.39809508441452,대전광역시 중구 유천동 200-25,30140312133171,,,,False
(215-6),1986,2.3,36.316534134586384,127.39764659087317,대전광역시 중구 유천동 215-6,30140312133212,,,,False
다온채I,2009,2.3,36.31533119714007,127.3961061345624,대전광역시 중구 유천동 256-5,30140320113926,,,,False
류일타운,2004,2.3,36.31442936814539,127.39615764451472,대전광역시 중구 유천동 265-10,30140312133213,,,,False
한림,1978,2.3,36.31318175838584,127.39720707841424,대전광역시 중구 유천동 272-27,30140212133214,,,,False
하나빌리지,2024,2.7 (검증필요),36.31363876746434,127.3971111364198,대전광역시 중구 유천동 272-29,30140320452532,,,,False
베스티아빌7차,2017,2.3,36.31243462614374,127.39612149885654,대전광역시 중구 유천동 273-1,30140320354139,,,,False
대원빌라(273-4),2003,2.3,36.31267927624917,127.3969612670931,대전광역시 중구 유천동 273-4,30140312133215,,,,False
한솔빌라,2002,2.3,36.31354971492523,127.39678047623568,대전광역시 중구 유천동 274-10,30140312133216,,,,False
(275-10),1980,2.3,36.31318466387232,127.3959957913482,대전광역시 중구 유천동 275-10,30140212133217,,,,False
진산빌라,1993,2.3,36.31260359383418,127.39526552083228,대전광역시 중구 유천동 276-9,30140312133218,,,,False
금호빌라(278-3),1991,2.3,36.312198014443325,127.39504434630383,대전광역시 중구 유천동 278-3,30140312133219,,,,False
모성빌라1,1990,2.3,36.31255156560084,127.39455829416823,대전광역시 중구 유천동 288-11,30140312133220,,,,False
모성빌라2,1990,2.3,36.3125487548206,127.39468724821336,대전광역시 중구 유천동 288-12,30140312133221,,,,False
모성빌라3,1994,2.3,36.312581292675006,127.394818483958,대전광역시 중구 유천동 288-13,30140312133222,,,,False
모성빌라5,1994,2.3,36.3126154227252,127.39495769185294,대전광역시 중구 유천동 288-14,30140312133223,,,,False
대진빌라,1995,2.3,36.31286715633864,127.39417528382155,대전광역시 중구 유천동 289-2,30140312133224,,,,False
유정빌라,1991,2.3,36.31288329394664,127.3943426617509,대전광역시 중구 유천동 289-20,30140312133225,,,,False
윤이빌라,1991,2.3,36.31295857293298,127.39444354818448,대전광역시 중구 유천동 289-21,30140312133226,,,,False
황실빌라2,1997,2.3,36.31588520804314,127.39492080896974,대전광역시 중구 유천동 297-10,30140312133227,,,,False
황실빌라1,1997,2.3,36.31578235867762,127.3949584160748,대전광역시 중구 유천동 297-25,30140312133228,,,,False
대원빌라(298-11),2002,2.3,36.31491485504151,127.39480600785532,대전광역시 중구 유천동 298-11,30140312133229,,,,False
어반센트럴(301-16),2021,2.7 (검증필요),36.31609865142411,127.39410068898287,대전광역시 중구 유천동 301-16,30140320428467,,,,False
토르,2021,2.7 (검증필요),36.31618137029296,127.39435187291738,대전광역시 중구 유천동 301-39,30140320416355,,,,False
어반센트럴(301-49),2021,2.7 (검증필요),36.31614265330754,127.39419115928676,대전광역시 중구 유천동 301-49,30140320428468,,,,False
유천미소랑아파트,2017,2.3,36.31663807446057,127.3946866027434,대전광역시 중구 유천동 303-48,30140120350431,,,,False
유천동나이스타운,2015,2.3,36.31704643484079,127.39597172059922,대전광역시 중구 유천동 304-9,30140120324528,,,,False
다원그랜드빌라,1996,2.3,36.31879289321304,127.39535289870526,대전광역시 중구 유천동 310-26,30140312133230,,,,False
일흥그린빌라,1994,2.3,36.319351582136285,127.39491737780806,대전광역시 중구 유천동 311-3,30140312133231,,,,False
대명빌라,1991,2.3,36.31955637721943,127.39452256727049,대전광역시 중구 유천동 311-8,30140312133232,,,,False
유진주택,1989,2.3,36.32084196900347,127.39522906184382,대전광역시 중구 유천동 317-15,30140312133233,,,,False
금강빌라A동,1990,2.3,36.32089753634228,127.39538513449044,대전광역시 중구 유천동 317-16,30140312133234,,,,False
금강빌라B동,1991,2.3,36.32058976742873,127.395488218629,대전광역시 중구 유천동 317-20,30140312133235,,,,False
하나,1997,2.3,36.32159826876526,127.39543913607116,대전광역시 중구 유천동 319-1,30140100010951,A30114201,98.0,"관리사무소, 노인정, 어린이놀이터, 자전거보관소",Needs Review
현암에버드림,2008,2.3,36.32130723014497,127.3942723852582,대전광역시 중구 유천동 322-1,30140120095713,,,,False
(325-15),1981,2.3,36.31854163979124,127.39329838703458,대전광역시 중구 유천동 325-15,30140212133237,,,,False
신도원룸,2001,2.3,36.31901722485911,127.39265612407208,대전광역시 중구 유천동 326-29,30140312133238,,,,False
휴안도시형아파트,2023,2.7 (검증필요),36.31632928823879,127.39239516397436,대전광역시 중구 유천동 328-17,30140120444686,,,,False
서대전한국아델리움,2024,2.7 (검증필요),36.31622775771242,127.39175515749952,대전광역시 중구 유천동 328-50,30140120452813,A10021028,254.0,None,True
호원,1982,2.3,36.31557534047308,127.391547339565,대전광역시 중구 유천동 329-32,30140212133239,,,,False
유등탑스빌,2004,2.3,36.314473898043374,127.39272544747944,대전광역시 중구 유천동 331-10,30140100219525,A30114002,56.0,"관리사무소, 자전거보관소",Needs Review
태양빌라,1992,2.3,36.31398581809406,127.39257650155372,대전광역시 중구 유천동 333-2,30140312133241,,,,False
궁전아파트,1983,2.3,36.31473129636829,127.39108273508256,대전광역시 중구 유천동 335-11,30140100010947,A10024646,0.0,"관리사무소, 노인정, 어린이놀이터",False
큰솔6차101동,2004,2.3,36.31467037433981,127.39050039494666,대전광역시 중구 유천동 335-12,30140100219526,,,,False
마일드빌,2019,2.3,36.31359120594645,127.39041745702023,대전광역시 중구 유천동 335-118,30140120383996,,,,False
큰솔아파트102동,2006,2.3,36.31389543815117,127.38919047531007,대전광역시 중구 유천동 341-31,30140120027402,,,,False
센트럴파크3단지,2007,2.3,36.31856643095911,127.41264657112184,대전광역시 중구 문화동 1-3,30140120062411,A30113104,865.0,"관리사무소, 노인정, 보육시설, 문고, 어린이놀이터, 자전거보관소",Needs Review
센트럴스타클래스,2013,2.3,36.322349911884615,127.41541492481682,대전광역시 중구 문화동 1-9,30140120182258,A30173001,203.0,None,Needs Review
하우스토리2차,2010,2.3,36.31992069861177,127.414600840316,대전광역시 중구 문화동 1-31,30140120132351,A30113010,654.0,"관리사무소, 주민공동시설, 어린이놀이터, 휴게시설, 자전거보관소",Needs Review
문화마을2단지,2004,2.3,36.32009379082878,127.41156198672364,대전광역시 중구 문화동 1-38,30140100219528,,,,False
문화마을1단지,2004,2.3,36.31957166486882,127.40965324061244,대전광역시 중구 문화동 1-43,30140100219529,,,,False
효성상아맨션,1984,2.3,36.31937233792509,127.40802535618208,대전광역시 중구 문화동 1-46,30140100010969,A30175401,0.0,"관리사무소, 노인정, 어린이놀이터, 자전거보관소",False
하우스토리1차,2007,2.3,36.320605077413695,127.415498538278,대전광역시 중구 문화동 1-135,30140120071722,A30113003,577.0,"관리사무소, 주민공동시설, 어린이놀이터, 휴게시설, 자전거보관소",Needs Review
센트럴파크2단지,2007,2.3,36.31712702441811,127.40935636736783,대전광역시 중구 문화동 1-253,30140120062412,A30113008,1477.0,"관리사무소, 노인정, 보육시설, 문고, 주민공동시설, 어린이놀이터, 휴게시설, 유치원, 자전거보관소",Needs Review
성신프린스빌A동,1991,2.3,36.31489482649435,127.41538480155276,대전광역시 중구 문화동 11-44,30140312133255,,,,False
성신프린스빌B동,1991,2.3,36.31480326032108,127.41523656283562,대전광역시 중구 문화동 11-45,30140312133256,,,,False
"홍익빌라C,D,E동",1991,2.3,36.313634418365126,127.41326169550344,대전광역시 중구 문화동 19-1,30140200010968,,,,False
이너프빌A동,2002,2.3,36.31337116788146,127.41261895615143,대전광역시 중구 문화동 19-13,30140312133258,,,,False
제이케이빌라,2015,2.3,36.314331439813344,127.41428302416055,대전광역시 중구 문화동 23-10,30140320314605,,,,False
홍익빌라F동,1992,2.3,36.31412468627864,127.41374511317152,대전광역시 중구 문화동 23-22,30140312133259,,,,False
베스티아빌Ⅲ,2014,2.3,36.31333115304778,127.41400252616988,대전광역시 중구 문화동 24-4,30140220304303,,,,False
트레비앙빌B동,2006,2.3,36.30825915956392,127.4116376472454,대전광역시 중구 문화동 45,30140320029724,,,,False
푸른초장,2005,2.3,36.30804568708956,127.41181759053232,대전광역시 중구 문화동 45-9,30140320032203,,,,False
트레비앙빌A동,2006,2.3,36.30829005337962,127.4118080803668,대전광역시 중구 문화동 45-17,30140320029661,,,,False
그린빌라,1990,2.3,36.30905479190345,127.41165223905168,대전광역시 중구 문화동 73-1,30140312133260,A15271602,0.0,"관리사무소, 노인정, 보육시설, 문고, 주민공동시설, 어린이놀이터, 휴게시설, 유치원, 커뮤니티공간, 자전거보관소, 기타",False
매직하우스,2005,2.3,36.310491681835344,127.411197373786,대전광역시 중구 문화동 102,30140320009337,,,,False
영광교회기도원주택,2003,2.3,36.30926659017084,127.41131984153373,대전광역시 중구 문화동 112-2,30140312133266,,,,False
과례빌라,1979,2.3,36.31048288758409,127.41053354531095,대전광역시 중구 문화동 123-14,30140312133267,,,,False
문화빌라,1992,2.3,36.31071998851368,127.41078658656858,대전광역시 중구 문화동 130-1,30140312133268,,,,False
정민빌라,1991,2.3,36.31157096589968,127.4106842047864,대전광역시 중구 문화동 138-14,30140312133269,,,,False
한밭우성,1995,2.3,36.31120469743095,127.40932132196932,대전광역시 중구 문화동 141,30140100010965,A30175105,453.0,"관리사무소, 노인정, 보육시설, 주민공동시설, 어린이놀이터, 휴게시설, 유치원, 자전거보관소",Needs Review
영광빌라,2007,2.3,36.30937555427418,127.41028788350516,대전광역시 중구 문화동 147-4,30140220085974,,,,False
한솔그린빌라B동,1998,2.3,36.30826659404957,127.41028837698812,대전광역시 중구 문화동 154-5,30140312133271,,,,False
한솔그린빌라A동,1998,2.3,36.30827192393596,127.41047684860904,대전광역시 중구 문화동 154-6,30140312133272,,,,False
베스티아빌8차,2018,2.3,36.30829502586941,127.40669755970303,대전광역시 중구 문화동 160-3,30140220373438,,,,False
한솔하이츠,1995,2.3,36.30832870999603,127.40684729997122,대전광역시 중구 문화동 160-22,30140312133273,,,,False
센트럴빌리지A동,2012,2.3,36.31491825174594,127.40825903927389,대전광역시 중구 문화동 199-3,30140320150820,,,,False
센트럴빌리지B동,2012,2.3,36.31478681757372,127.408287389598,대전광역시 중구 문화동 199-14,30140320162235,,,,False
센트럴하우스D동,2016,2.3,36.31526599166739,127.40858170619858,대전광역시 중구 문화동 199-16,30140320333884,,,,False
흥진빌라A동(204-1),1997,2.3,36.313678056043486,127.41076643025237,대전광역시 중구 문화동 204-1,30140312133278,,,,False
흥진빌라B동(204-7),1997,2.3,36.31371084984596,127.41093261797964,대전광역시 중구 문화동 204-7,30140312133279,,,,False
동흥빌라,1998,2.3,36.313514606502125,127.41082715833969,대전광역시 중구 문화동 204-8,30140312133280,,,,False
그린하우스,2003,2.3,36.31227069848117,127.4119511224774,대전광역시 중구 문화동 245-2,30140312133281,,,,False
은정빌라,2003,2.3,36.31287748459005,127.4118841583555,대전광역시 중구 문화동 247-9,30140312133282,,,,False
푸른빌리지C,2003,2.3,36.3144087515334,127.41141271011698,대전광역시 중구 문화동 263,30140312133283,,,,False
"홍익빌라A,B동",1989,2.3,36.31368662582828,127.4121119554098,대전광역시 중구 문화동 263-6,30140220284778,,,,False
푸른빌리지B,2003,2.3,36.31427363718736,127.41149752036888,대전광역시 중구 문화동 263-7,30140312133285,,,,False
푸른빌리지A,2003,2.3,36.31413395061796,127.41156954730424,대전광역시 중구 문화동 263-8,30140312133286,,,,False
센트럴하우스A동,2016,2.3,36.31520687624739,127.4081882547915,대전광역시 중구 문화동 284-26,30140320340440,,,,False
센트럴파크1단지,2007,2.3,36.31640120605482,127.40655815698416,대전광역시 중구 문화동 284-168,30140120062413,A30113004,573.0,"관리사무소, 노인정, 어린이놀이터, 자전거보관소",Needs Review
센트럴하우스B동,2016,2.3,36.315092175700016,127.40821941232532,대전광역시 중구 문화동 284-193,30140320340999,,,,False
센트럴하우스C동,2016,2.3,36.31519620279497,127.40836414309668,대전광역시 중구 문화동 284-194,30140320333910,,,,False
한신휴플러스보르미1단지,2006,2.3,36.31996239191278,127.40677672133626,대전광역시 중구 문화동 311-3,30140120055076,,,,False
삼익,1978,2.3,36.31924260360277,127.405301390886,대전광역시 중구 문화동 311-4,30140100010961,A50006002,0.0,"관리사무소, 노인정, 어린이놀이터, 자전거보관소",False
훼미리맨션C동,1999,2.3,36.31780665997061,127.40763847994516,대전광역시 중구 문화동 311-18,30140212133289,,,,False
신창(311-41),1980,2.3,36.31791725609418,127.4061888084046,대전광역시 중구 문화동 311-41,30140312133293,,,,False
신창(311-42),1980,2.3,36.31786453906994,127.40600496578294,대전광역시 중구 문화동 311-42,30140312133294,,,,False
성하아트빌라,1994,2.3,36.31759903114307,127.40600221110522,대전광역시 중구 문화동 311-45,30140312133295,,,,False
훼미리맨션A동,1998,2.3,36.31770420047242,127.4072486966711,대전광역시 중구 문화동 311-60,30140212133296,,,,False
훼미리맨션B동,1998,2.3,36.3175491860579,127.40733161551373,대전광역시 중구 문화동 311-62,30140212133297,,,,False
훼미리맨션D동,1999,2.3,36.31765864294,127.40770637771348,대전광역시 중구 문화동 311-65,30140212133298,,,,False
한신휴플러스보르미2단지,2006,2.3,36.31911383852294,127.40709571374131,대전광역시 중구 문화동 311-71,30140120442864,,,,False
삼덕빌라5동6동(354-1),1991,2.3,36.3163696367664,127.405694362416,대전광역시 중구 문화동 354-1,30140312133306,,,,False
삼덕빌라3동4동(354-14),1991,2.3,36.31642530889498,127.40551919685753,대전광역시 중구 문화동 354-14,30140312133307,,,,False
삼덕빌라1동2동,1991,2.3,36.31634282683721,127.40519779758084,대전광역시 중구 문화동 354-15,30140312133308,,,,False
동신빌라,1978,2.3,36.31471774714276,127.40449334902522,대전광역시 중구 문화동 369-8,30140212133309,,,,False
평화,1992,2.3,36.31578942301306,127.4038208777041,대전광역시 중구 문화동 372-2,30140100010964,A10021173,47.0,"관리사무소, 노인정, 어린이놀이터, 휴게시설, 자전거보관소",Needs Review
문화(372-8),1980,2.3,36.31515657745244,127.40378785080034,대전광역시 중구 문화동 372-8,30140212133311,A45073015,0.0,"관리사무소, 노인정, 보육시설, 어린이놀이터, 휴게시설, 자전거보관소",False
계룡,1992,2.3,36.3130655907259,127.40533565236636,대전광역시 중구 문화동 418-1,30140100010954,A30184601,0.0,"관리사무소, 노인정, 어린이놀이터, 자전거보관소",False
햇살,2000,2.3,36.31251839333227,127.4064615019494,대전광역시 중구 문화동 422-1,30140100010967,A10021893,89.0,None,Needs Review
문화로얄,1986,2.3,36.312300471289646,127.40597435902592,대전광역시 중구 문화동 422-3,30140100010958,A30113001,0.0,"관리사무소, 노인정, 어린이놀이터, 자전거보관소",False
베스티아5차,2016,2.3,36.30918043415181,127.4066557093396,대전광역시 중구 문화동 439-3,30140320342791,,,,False
441-16,1989,2.3,36.30880777373646,127.40711524502424,대전광역시 중구 문화동 441-16,30140312133320,,,,False
청남,1991,2.3,36.30907345302939,127.40620284527093,대전광역시 중구 문화동 449-22,30140312133321,,,,False
좋은하루6차,2016,2.3,36.30965094755912,127.40173586266428,대전광역시 중구 문화동 462-9,30140320333907,,,,False
정민아트빌,1994,2.3,36.310070659631,127.40402390191576,대전광역시 중구 문화동 467-3,30140312133322,,,,False
태웅빌라,1991,2.3,36.30981254643305,127.403739311737,대전광역시 중구 문화동 473-14,30140312133323,,,,False
미가맨션,2011,2.3,36.30980833722265,127.4035676673931,대전광역시 중구 문화동 473-15,30140320145075,,,,False
신일빌라3,1991,2.3,36.30986685779048,127.40392852961467,대전광역시 중구 문화동 473-47,30140312133324,,,,False
천근나동,1984,2.3,36.30959557559197,127.402350141682,대전광역시 중구 문화동 475-46,30140312133325,,,,False
천근다동,1984,2.3,36.30948631282392,127.40237085337316,대전광역시 중구 문화동 475-51,30140312133326,,,,False
명인빌리지,2015,2.3,36.308346123865775,127.4025923640653,대전광역시 중구 문화동 483-7,30140320314281,,,,False
은혜(484-36),1985,2.3,36.3079856639894,127.40349705538448,대전광역시 중구 문화동 484-36,30140312133327,,,,False
해든힐,2016,2.3,36.30796766199568,127.40462209428335,대전광역시 중구 문화동 488-1,30140320342050,,,,False
천근(488-3),1981,2.3,36.307611955694114,127.40433208050896,대전광역시 중구 문화동 488-3,30140312133328,,,,False
보문다동,1981,2.3,36.30765676046804,127.404473709588,대전광역시 중구 문화동 488-8,30140312133329,,,,False
보문나동,1981,2.3,36.30780322057826,127.40455776487764,대전광역시 중구 문화동 488-9,30140312133330,,,,False
보문가동,1981,2.3,36.30756956726973,127.404784741254,대전광역시 중구 문화동 488-10,30140312133331,,,,False
동진빌라A동,1997,2.3,36.307349948925264,127.40448520505797,대전광역시 중구 문화동 490-1,30140312133332,,,,False
"동진빌라가,나동",1997,2.3,36.30714797848647,127.40432465729792,대전광역시 중구 문화동 490-4,30140312133333,,,,False
동진빌라B동,1997,2.3,36.307173076768336,127.40452707022754,대전광역시 중구 문화동 490-6,30140312133334,,,,False
쌍용그린빌라나동,1997,2.3,36.307385244282976,127.4028454250436,대전광역시 중구 문화동 493-10,30140312133335,,,,False
쌍용그린빌라가동,1997,2.3,36.30736272992711,127.4026753144191,대전광역시 중구 문화동 493-34,30140312133336,,,,False
하모니빌,2018,2.3,36.307530075534245,127.40204885349917,대전광역시 중구 문화동 496-2,30140320362366,,,,False
쌍용그린빌리지,1998,2.3,36.30706155350969,127.40274508269052,대전광역시 중구 문화동 498-2,30140312133337,,,,False
천근빌라,2000,2.3,36.307011772503074,127.4025501045162,대전광역시 중구 문화동 498-4,30140312133338,,,,False
은혜연립,1981,2.3,36.307006152212224,127.40230516906354,대전광역시 중구 문화동 498-5,30140212133339,,,,False
금강B동,1991,2.3,36.30755700145963,127.40564852204868,대전광역시 중구 문화동 500-7,30140312133261,,,,False
베스티아빌9차,2019,2.3,36.30819232515559,127.40626250133792,대전광역시 중구 문화동 500-15,30140320393228,,,,False
금강A동,1991,2.3,36.30797004058287,127.40596530144384,대전광역시 중구 문화동 500-45,30140312133262,,,,False
대신(500-46),1989,2.3,36.30796130443966,127.40613510026272,대전광역시 중구 문화동 500-46,30140312133263,,,,False
문화,1989,2.3,36.30783212918294,127.4062165827346,대전광역시 중구 문화동 500-47,30140312133264,A45073015,0.0,"관리사무소, 노인정, 보육시설, 어린이놀이터, 휴게시설, 자전거보관소",False
대신,1990,2.3,36.308030621810985,127.40638604134706,대전광역시 중구 문화동 500-54,30140312133265,,,,False
미정연립A동,1990,2.3,36.30692173534182,127.40440269397456,대전광역시 중구 문화동 505-1,30140312133340,,,,False
미정연립B동,1990,2.3,36.30697282072407,127.40459090318244,대전광역시 중구 문화동 506,30140312133341,,,,False
미정연립C동,1990,2.3,36.30683360416799,127.40461527847644,대전광역시 중구 문화동 509-9,30140312133342,,,,False
좋은하루,2015,2.3,36.30610160845469,127.40376565964216,대전광역시 중구 문화동 541-2,30140220322073,,,,False
e편한빌,2020,2.3,36.30606739711092,127.40465150558632,대전광역시 중구 문화동 543-3,30140320399617,,,,False
은혜,1987,2.3,36.30697417626385,127.4039204227458,대전광역시 중구 문화동 548-3,30140212133343,,,,False
한민나동,1997,2.3,36.307075961256885,127.40365947018134,대전광역시 중구 문화동 552,30140312133344,,,,False
한민B동,1997,2.3,36.30688258798243,127.40366884325528,대전광역시 중구 문화동 552-3,30140312133345,,,,False
한민A동,1997,2.3,36.306761997509895,127.4037049416212,대전광역시 중구 문화동 552-4,30140312133346,,,,False
한민가동,1997,2.3,36.307258427704426,127.4036426700642,대전광역시 중구 문화동 553-1,30140312133347,,,,False
대진빌라트,1997,2.3,36.30636740597037,127.39734661584922,대전광역시 중구 문화동 559-2,30140212133348,,,,False
주은빌라,1998,2.3,36.3061815812664,127.39753930565618,대전광역시 중구 문화동 559-9,30140312133349,,,,False
도암빌리지(559-10),2006,2.3,36.30614080315745,127.397210028467,대전광역시 중구 문화동 559-10,30140320027403,,,,False
성진빌라,1997,2.3,36.30612506081626,127.39703315372998,대전광역시 중구 문화동 559-11,30140312133350,,,,False
도암빌리지(559-14),2006,2.3,36.3061605039005,127.39736866768708,대전광역시 중구 문화동 559-14,30140320027712,,,,False
동양맨션가동,1998,2.3,36.30596619898499,127.39792879366372,대전광역시 중구 문화동 560-6,30140200010959,,,,False
동양맨션마동,2000,2.3,36.3057620788496,127.39779619219198,대전광역시 중구 문화동 560-8,30140120396663,,,,False
동양맨션라동,2000,2.3,36.30577492153777,127.3981359077848,대전광역시 중구 문화동 560-15,30140120396662,,,,False
대송그린빌라나동,1998,2.3,36.30605905246374,127.39872590964605,대전광역시 중구 문화동 562-1,30140312133354,,,,False
동양맨션나동,2000,2.3,36.30583900929753,127.39871113534244,대전광역시 중구 문화동 562-6,30140100448931,,,,False
동양맨션다동,2000,2.3,36.30580822786264,127.3984191029106,대전광역시 중구 문화동 562-7,30140312133356,,,,False
대송그린빌라가동,1998,2.3,36.30601420199443,127.39846269106248,대전광역시 중구 문화동 562-8,30140312133357,,,,False
정빌리지,1997,2.3,36.30646196767599,127.39913116016564,대전광역시 중구 문화동 563-6,30140312133358,,,,False
진솔하이츠,1998,2.3,36.30627132121326,127.398448707158,대전광역시 중구 문화동 563-8,30140312133359,,,,False
리치빌,2016,2.3,36.30683193271628,127.39904225209332,대전광역시 중구 문화동 569-8,30140320334357,,,,False
열매빌라,2016,2.3,36.30693909810262,127.39881064258566,대전광역시 중구 문화동 569-12,30140320336747,,,,False
화목빌라,1998,2.3,36.30748694629731,127.39956510103444,대전광역시 중구 문화동 571-4,30140312133360,,,,False
대원주택,1994,2.3,36.30708133229676,127.39969787984586,대전광역시 중구 문화동 571-20,30140312133361,,,,False
"풍산빌라가,나동",1992,2.3,36.30660871627682,127.3997789603271,대전광역시 중구 문화동 572-1,30140312133362,,,,False
연흥목화빌라(572-6),1998,2.3,36.306103627856615,127.3994880861566,대전광역시 중구 문화동 572-6,30140312133363,,,,False
연흥목화빌라,1998,2.3,36.30656281628887,127.39940589311664,대전광역시 중구 문화동 572-8,30140300442537,,,,False
"풍산빌라다,라동",1991,2.3,36.306596877793176,127.39959562291412,대전광역시 중구 문화동 572-9,30140312133365,,,,False
극동,1992,2.3,36.306361446233154,127.40256590580452,대전광역시 중구 문화동 584-4,30140100010956,A30181402,79.0,"관리사무소, 노인정, 어린이놀이터, 자전거보관소",Needs Review
흥진빌라(584-10),2000,2.3,36.30611192839113,127.40175770433444,대전광역시 중구 문화동 584-10,30140312133367,,,,False
671-9,1989,2.3,36.31096234673706,127.39918778259344,대전광역시 중구 문화동 671-9,30140312133368,,,,False
모던빌,2020,2.3,36.31204584084973,127.39761993232612,대전광역시 중구 문화동 676-6,30140320412463,,,,False
주공3,1994,2.3,36.309977250266144,127.40038045468955,대전광역시 중구 문화동 757,30140100010963,,,,False
창일빌라,1998,2.3,36.30768818399086,127.40145227970518,대전광역시 중구 문화동 761,30140312133370,,,,False
주공2,1994,2.3,36.3090673239178,127.3996318654083,대전광역시 중구 문화동 775,30140100010962,,,,False
삼성푸른,1994,2.3,36.30831322056311,127.39816101320176,대전광역시 중구 문화동 777,30140100010960,A30572701,156.0,"관리사무소, 노인정, 어린이놀이터, 휴게시설, 자전거보관소",Needs Review
문화동주공1단지,1994,2.3,36.3076918032256,127.39701874721392,대전광역시 중구 문화동 779,30140100219535,,,,False
은성빌라(6-60),1990,2.3,36.31026095212686,127.39795467359838,대전광역시 중구 문화동 793-13,30140312133377,,,,False
은성빌라(6-61),1990,2.3,36.31016153768129,127.39783003966336,대전광역시 중구 문화동 793-14,30140312133378,,,,False
은성빌라(6-62),1990,2.3,36.310101924944405,127.39771436619728,대전광역시 중구 문화동 793-15,30140312133379,,,,False
은성빌라가동,1990,2.3,36.31006391319458,127.39759726519702,대전광역시 중구 문화동 793-16,30140312133380,,,,False
글로리아아파트,2024,2.7 (검증필요),36.319318065983694,127.41385114625491,대전광역시 중구 문화동 795,30140120451503,A10022225,,None,False
대운빌라,1996,2.3,36.30877898324793,127.3892702682758,대전광역시 중구 산성동 30-2,30140312133381,,,,False
잉꼬빌라A동,1989,2.3,36.3084012431698,127.38917535691144,대전광역시 중구 산성동 30-16,30140312133382,,,,False
잉꼬빌라B동,1990,2.3,36.30845229555479,127.3893571516192,대전광역시 중구 산성동 30-17,30140312133383,,,,False
성하빌라가동,1995,2.3,36.30859575042558,127.38912196838412,대전광역시 중구 산성동 30-19,30140312133384,,,,False
성하빌라나동,1995,2.3,36.30864240876636,127.38929832988384,대전광역시 중구 산성동 30-22,30140312133385,,,,False
문성빌라나동,1990,2.3,36.30807554547512,127.38958352924983,대전광역시 중구 산성동 31-3,30140312133386,,,,False
문성빌라가동,1990,2.3,36.3081841664396,127.38957309417805,대전광역시 중구 산성동 31-4,30140312133387,,,,False
대한빌라,1996,2.3,36.30819848025371,127.38978117801022,대전광역시 중구 산성동 31-5,30140212133388,,,,False
신성빌라,1991,2.3,36.3080410535441,127.38931082223016,대전광역시 중구 산성동 31-16,30140312133389,,,,False
우성,1989,2.3,36.30877595007321,127.3925190579498,대전광역시 중구 산성동 37-1,30140100010975,A54026002,92.0,None,Needs Review
궁전타운나동,1998,2.3,36.30958389143484,127.39433071405652,대전광역시 중구 산성동 38-3,30140312133391,,,,False
연흥빌라,1995,2.3,36.30964736259022,127.39471265597447,대전광역시 중구 산성동 38-5,30140312133392,,,,False
궁전타운가동,1998,2.3,36.30961657075424,127.39452712163536,대전광역시 중구 산성동 38-16,30140312133393,,,,False
성진빌리지,2000,2.3,36.309832570131135,127.39554660360504,대전광역시 중구 산성동 39-4,30140312133394,,,,False
성진아트빌라,1995,2.3,36.30968859141818,127.39556516035248,대전광역시 중구 산성동 39-9,30140312133395,,,,False
성진하이츠빌라,1996,2.3,36.30986533184297,127.39591422912316,대전광역시 중구 산성동 40-1,30140312133396,,,,False
미래빌라,2002,2.3,36.309402674131846,127.396216371861,대전광역시 중구 산성동 40-5,30140312133397,,,,False
성진주택,1994,2.3,36.30974890579709,127.39615026795074,대전광역시 중구 산성동 40-9,30140312133398,,,,False
"성진빌라A,B동",1994,2.3,36.3098396617847,127.39629260320734,대전광역시 중구 산성동 40-10,30140312133399,,,,False
"성진산성빌라가,나동",1993,2.3,36.309881438598055,127.39645834535906,대전광역시 중구 산성동 40-11,30140312133400,,,,False
성진빌라트,1997,2.3,36.3097340021223,127.39594708981204,대전광역시 중구 산성동 40-12,30140312133401,,,,False
도암촌,2005,2.3,36.30942207601604,127.39638105645714,대전광역시 중구 산성동 40-13,30140300442538,,,,False
도암촌(40-14),2005,2.3,36.30953179382942,127.39631164689229,대전광역시 중구 산성동 40-14,30140300442539,,,,False
황용빌라(나),2003,2.3,36.30951200717581,127.39657275266416,대전광역시 중구 산성동 40-15,30140312133402,,,,False
황용빌라(가),2003,2.3,36.30968621238213,127.3966972352174,대전광역시 중구 산성동 40-16,30140312133403,,,,False
풍산빌라(47-9),1995,2.3,36.304995749922654,127.39399850940067,대전광역시 중구 산성동 47-9,30140312133404,,,,False
한밭가든,1991,2.3,36.30697209313561,127.38504027255544,대전광역시 중구 산성동 78-5,30140100010977,,,,False
동양그린빌라라동,1995,2.3,36.307165172066064,127.3864219485144,대전광역시 중구 산성동 88-4,30140312133406,,,,False
동양그린빌라가동,1995,2.3,36.30706046874138,127.3858947070578,대전광역시 중구 산성동 96-1,30140312133407,,,,False
동양빌라트,1998,2.3,36.30655118671088,127.38653685515156,대전광역시 중구 산성동 96-4,30140212133408,,,,False
하모니2,2010,2.3,36.30667550532115,127.3862439202185,대전광역시 중구 산성동 96-5,30140120132556,,,,False
하모니1,2009,2.3,36.30677941708384,127.38600307270934,대전광역시 중구 산성동 96-6,30140120124789,,,,False
대영빌리지,2001,2.3,36.3068697109664,127.38582905972412,대전광역시 중구 산성동 96-7,30140312133409,,,,False
동양그린빌라나동,1995,2.3,36.30700926770336,127.38601884300492,대전광역시 중구 산성동 96-8,30140312133410,,,,False
동양그린빌라다동,1995,2.3,36.30694932270859,127.38615852973544,대전광역시 중구 산성동 96-9,30140312133411,,,,False
그린아트빌,2000,2.3,36.30648806043006,127.38583421350356,대전광역시 중구 산성동 97-3,30140312133412,,,,False
동양그린빌라마동,1995,2.3,36.3064395039633,127.38601050758874,대전광역시 중구 산성동 97-4,30140312133413,,,,False
홍진빌라,2014,2.3,36.31109088728286,127.39618791241313,대전광역시 중구 산성동 108-7,30140320305554,,,,False
산성연립(109-1),1984,2.3,36.310213048352736,127.39496242656682,대전광역시 중구 산성동 109-1,30140212133414,,,,False
갤러리씨티,2016,2.3,36.31002761472102,127.39522496289216,대전광역시 중구 산성동 109-18,30140320344183,,,,False
두림빌라A동,2006,2.3,36.31067150192085,127.3939585246868,대전광역시 중구 산성동 114-38,30140320029726,,,,False
두림빌라B,2006,2.3,36.31069705511457,127.3941216413883,대전광역시 중구 산성동 114-47,30140320040623,,,,False
115-11,1980,2.3,36.310690886713616,127.39338257257126,대전광역시 중구 산성동 115-11,30140212133415,,,,False
대광주택,1989,2.3,36.31053804323628,127.39374472892828,대전광역시 중구 산성동 115-15,30140312133416,,,,False
116-48,1981,2.3,36.31066802617791,127.3919639202294,대전광역시 중구 산성동 116-1,30140212133417,,,,False
한백빌라,2021,2.7 (검증필요),36.31038448342915,127.3924805195266,대전광역시 중구 산성동 116-6,30140320427887,,,,False
아성빌라(116-37),1990,2.3,36.310284285367175,127.39229202032138,대전광역시 중구 산성동 116-37,30140312133418,,,,False
대진빌라B동,1998,2.3,36.30520014184864,127.38577024173952,대전광역시 중구 산성동 117-8,30140312133419,,,,False
대진빌라A동,1998,2.3,36.30503772107913,127.38569767689904,대전광역시 중구 산성동 117-14,30140312133420,,,,False
아가페,2005,2.3,36.30538688216281,127.3858536253673,대전광역시 중구 산성동 117-15,30140100448932,,,,False
정다운,1998,2.3,36.30561737934764,127.3854932715112,대전광역시 중구 산성동 118-6,30140100010976,,,,False
사랑드림,2011,2.3,36.30505605308836,127.38527508772783,대전광역시 중구 산성동 118-8,30140120141001,,,,False
한수빌라나동,1990,2.3,36.303947598715965,127.38373004209788,대전광역시 중구 산성동 120-7,30140312133422,,,,False
한수빌라가동,1990,2.3,36.303938665820695,127.383859921697,대전광역시 중구 산성동 120-8,30140312133423,,,,False
유등천모아미래도리버뷰,2019,2.3,36.30329824040656,127.38314242713317,대전광역시 중구 산성동 120-15,30140120384212,,,,False
센트리움,2005,2.3,36.30395615049427,127.38571047973193,대전광역시 중구 산성동 121-16,30140100258106,,,,False
동양미소빌라,2003,2.3,36.30414556216823,127.38479233123591,대전광역시 중구 산성동 121-28,30140312133424,,,,False
부일빌라,1998,2.3,36.30398413719516,127.38449231525908,대전광역시 중구 산성동 122-2,30140312133425,,,,False
산성베아투스,2021,2.7 (검증필요),36.303762175637445,127.3846086422983,대전광역시 중구 산성동 122-3,30140220430093,,,,False
락희빌라가동,1989,2.3,36.30354340297938,127.38439705618336,대전광역시 중구 산성동 122-4,30140312133426,,,,False
락희빌라나동,1989,2.3,36.30348781778925,127.3845202861355,대전광역시 중구 산성동 122-6,30140312133427,,,,False
태양산수빌라,1996,2.3,36.30325667425724,127.3845174745793,대전광역시 중구 산성동 122-8,30140312133428,,,,False
대진산수빌라,1996,2.3,36.30319563642905,127.38436668486445,대전광역시 중구 산성동 122-15,30140312133429,,,,False
삼창빌라3동,1992,2.3,36.30310024170802,127.38537359978034,대전광역시 중구 산성동 124-11,30140312133430,,,,False
삼창빌라(124-18),1992,2.3,36.302946045879615,127.38522524095885,대전광역시 중구 산성동 124-18,30140312133431,,,,False
동서빌라,1991,2.3,36.30364289534222,127.38495390798724,대전광역시 중구 산성동 124-32,30140312133432,,,,False
동양아트빌라,1996,2.3,36.303161697951374,127.38561985355098,대전광역시 중구 산성동 125-19,30140312133433,,,,False
동양늘푸른빌라1동,1996,2.3,36.30315541871554,127.38379359290154,대전광역시 중구 산성동 126-1,30140312133434,,,,False
동호맨션,1997,2.3,36.3029043660546,127.3838217512396,대전광역시 중구 산성동 126-25,30140212133435,,,,False
쌍용빌라2동,1996,2.3,36.30309687875629,127.38394085258358,대전광역시 중구 산성동 126-26,30140312133436,,,,False
동양빌라3동,1996,2.3,36.30302765776224,127.38410472153024,대전광역시 중구 산성동 126-27,30140312133437,,,,False
동양늘푸른빌라4동,1996,2.3,36.30295845029353,127.38426852241496,대전광역시 중구 산성동 126-28,30140312133438,,,,False
동양늘푸른빌라5동,1996,2.3,36.302883360668446,127.3844043553089,대전광역시 중구 산성동 126-29,30140312133439,,,,False
은가비(128-3),2023,2.7 (검증필요),36.30263633813218,127.38451090950298,대전광역시 중구 산성동 128-3,30140320447514,,,,False
은가비하우스,2022,2.7 (검증필요),36.30259009481253,127.38472248731762,대전광역시 중구 산성동 128-33,30140320440816,,,,False
대명빌라(133-9),1995,2.3,36.31108212298159,127.3910273352173,대전광역시 중구 산성동 133-9,30140312133440,,,,False
남양빌라다동,1989,2.3,36.31138277846093,127.3908366233618,대전광역시 중구 산성동 133-10,30140312133441,,,,False
남양빌라(133-24),1990,2.3,36.31134709846114,127.39101857909044,대전광역시 중구 산성동 133-24,30140312133442,,,,False
남양빌라라동,1989,2.3,36.31122502463347,127.390895733465,대전광역시 중구 산성동 133-25,30140312133443,,,,False
풍산빌라(134-24),1995,2.3,36.31161103555222,127.39216423040722,대전광역시 중구 산성동 134-24,30140312133444,,,,False
대성빌라(135-6),1994,2.3,36.31215550187316,127.39155856028609,대전광역시 중구 산성동 135-6,30140312133445,,,,False
삼창(136-34),1986,2.3,36.31288723577347,127.3915702731,대전광역시 중구 산성동 136-34,30140100010972,,,,False
성원빌라,1990,2.3,36.31304941226794,127.39123092327176,대전광역시 중구 산성동 136-47,30140312133447,,,,False
남양주택B동,1990,2.3,36.31146933309893,127.3903958619454,대전광역시 중구 산성동 147-1,30140312133448,,,,False
남양주택A동,1990,2.3,36.31147262151056,127.3905324610765,대전광역시 중구 산성동 147-34,30140312133449,,,,False
수정빌라,1980,2.3,36.31082537020076,127.39069469174882,대전광역시 중구 산성동 152-2,30140212133450,,,,False
장미빌라(152-22),1980,2.3,36.31093358199244,127.39058053292872,대전광역시 중구 산성동 152-22,30140212133451,,,,False
필하모니아파트,2012,2.3,36.30973841193487,127.38880567540942,대전광역시 중구 산성동 158-7,30140120162973,,,,False
사랑드림(160-9),2012,2.3,36.30915213307269,127.38820972602956,대전광역시 중구 산성동 160-9,30140120162061,,,,False
태양빌라,1989,2.3,36.30780807890245,127.3875644557267,대전광역시 중구 산성동 162-16,30140312133452,,,,False
크로바아파트,2020,2.3,36.30881450283698,127.38738857971912,대전광역시 중구 산성동 164-2,30140120415309,A68082503,18.0,"관리사무소, 노인정, 자전거보관소",True
남성빌딩,1992,2.3,36.30838528761646,127.38722569685022,대전광역시 중구 산성동 164-6,30140300442540,,,,False
대진빌라(164-17),1992,2.3,36.3081156648291,127.38678983175438,대전광역시 중구 산성동 164-17,30140312133453,,,,False
은혜(165-10),1980,2.3,36.30953891204221,127.38733754975452,대전광역시 중구 산성동 165-10,30140212133454,,,,False
166-5,1989,2.3,36.30938861354126,127.38660911771828,대전광역시 중구 산성동 166-5,30140312133455,,,,False
레스트빌리지,2012,2.3,36.3015711558554,127.3841151743716,대전광역시 중구 산성동 246-2,30140120154655,,,,False
대청빌라,1997,2.3,36.30223207348581,127.38506176724934,대전광역시 중구 산성동 268-14,30140312133456,,,,False
강진빌라,1994,2.3,36.30245991255917,127.38558024979434,대전광역시 중구 산성동 270-22,30140312133457,,,,False
오성빌라(274-1),1991,2.3,36.30247215379281,127.38699936424898,대전광역시 중구 산성동 274-1,30140312133458,,,,False
동양주택,1992,2.3,36.30251515115462,127.38717962373828,대전광역시 중구 산성동 274-2,30140312133459,,,,False
금호빌라(274-3),1990,2.3,36.30251479631812,127.38735844711294,대전광역시 중구 산성동 274-3,30140312133460,,,,False
문성빌라다동,1990,2.3,36.3024006227456,127.3877926041406,대전광역시 중구 산성동 274-8,30140312133461,,,,False
문성빌라(274-10),1990,2.3,36.30228350085508,127.3876757735493,대전광역시 중구 산성동 274-10,30140312133462,,,,False
문성빌라라동,1990,2.3,36.30228722695084,127.38745040357486,대전광역시 중구 산성동 274-11,30140312133463,,,,False
대광빌라(274-12),1992,2.3,36.30232176756057,127.38735451008662,대전광역시 중구 산성동 274-12,30140312133464,,,,False
초원빌라(274-13),1993,2.3,36.30229080476841,127.38718574360584,대전광역시 중구 산성동 274-13,30140312133465,,,,False
번영빌라,1995,2.3,36.30210988309147,127.38702811486668,대전광역시 중구 산성동 274-16,30140312133466,,,,False
도림빌라,1994,2.3,36.30196996107824,127.3874160354736,대전광역시 중구 산성동 274-21,30140312133467,,,,False
덕림빌라,1994,2.3,36.30195827425611,127.38707849764695,대전광역시 중구 산성동 274-23,30140312133468,,,,False
대덕오월드101동,2012,2.3,36.30243672662,127.3882991778394,대전광역시 중구 산성동 275-1,30140220154949,,,,False
대덕오월드103동,2012,2.3,36.30199613710999,127.38829955223753,대전광역시 중구 산성동 275-2,30140220164797,,,,False
대덕오월드102동,2012,2.3,36.30223581222893,127.3882993464542,대전광역시 중구 산성동 275-5,30140220164062,,,,False
"진산빌라A,B동",1991,2.3,36.30234245737948,127.38892790250183,대전광역시 중구 산성동 276-1,30140312133469,,,,False
문성빌라1동,1993,2.3,36.30248928920345,127.38908683163878,대전광역시 중구 산성동 276-2,30140312133470,,,,False
경둔주택,1992,2.3,36.30235920709552,127.38916811949544,대전광역시 중구 산성동 276-3,30140312133471,,,,False
동양푸른빌라(276-4),1996,2.3,36.30222749998128,127.38916820591814,대전광역시 중구 산성동 276-4,30140312133472,,,,False
으뜸마을(276-5),2012,2.3,36.30209332031655,127.38900712877836,대전광역시 중구 산성동 276-5,30140220162067,,,,False
진산빌라C동(276-10),1991,2.3,36.30227291305719,127.38876681021584,대전광역시 중구 산성동 276-10,30140312133473,,,,False
문성빌라2동,1993,2.3,36.30247279377007,127.38924653464976,대전광역시 중구 산성동 276-11,30140312133474,,,,False
늘봄빌라,1991,2.3,36.30376452218567,127.38725806463904,대전광역시 중구 산성동 278-8,30140312133475,,,,False
미송빌라,1991,2.3,36.30389575301335,127.38743743242551,대전광역시 중구 산성동 278-9,30140312133476,,,,False
이화빌라,1995,2.3,36.304443406557496,127.38717645719896,대전광역시 중구 산성동 279-10,30140312133477,,,,False
가람빌리지,2004,2.3,36.30552363228767,127.38783628350328,대전광역시 중구 산성동 282-4,30140312133478,,,,False
근원빌라(283-13),2003,2.3,36.30599449899093,127.38811191963576,대전광역시 중구 산성동 283-13,30140312133479,,,,False
근원아트빌,2003,2.3,36.30593263968506,127.38793617885432,대전광역시 중구 산성동 283-17,30140312133480,,,,False
삼창금빛,1994,2.3,36.30637177346389,127.38749505246888,대전광역시 중구 산성동 285-3,30140100010974,,,,False
일심산성빌라사동,1994,2.3,36.30710427641293,127.38842710822246,대전광역시 중구 산성동 286-6,30140312133482,,,,False
삼창산성빌라바동,1994,2.3,36.30700184935106,127.38841400654798,대전광역시 중구 산성동 286-7,30140312133483,,,,False
행복빌라,1990,2.3,36.30693302117837,127.3879120527136,대전광역시 중구 산성동 286-14,30140312133484,,,,False
산성빌라나동(일심빌라),1994,2.3,36.306782484916944,127.38836253213026,대전광역시 중구 산성동 286-15,30140312133485,,,,False
삼창삼진빌라가동,1993,2.3,36.30675260824829,127.3878853742212,대전광역시 중구 산성동 286-21,30140312133486,,,,False
삼창산성빌라다동,1994,2.3,36.30673282550242,127.3885034786268,대전광역시 중구 산성동 286-33,30140312133487,,,,False
대진하모니프라임,2015,2.3,36.30707647615479,127.38914832135028,대전광역시 중구 산성동 287-2,30140120320000,,,,False
대성빌라(287-13),1991,2.3,36.30698887469092,127.39028068439758,대전광역시 중구 산성동 287-13,30140312133488,,,,False
신일빌라,1991,2.3,36.30684399129995,127.390072531237,대전광역시 중구 산성동 287-17,30140312133489,,,,False
해주그린하이츠,1995,2.3,36.30688443370765,127.3898703025593,대전광역시 중구 산성동 287-18,30140312133490,,,,False
대진빌라트,1999,2.3,36.30683038534895,127.3892870409311,대전광역시 중구 산성동 287-20,30140212133491,,,,False
삼진빌라라동,1994,2.3,36.30679158169527,127.38876007102128,대전광역시 중구 산성동 287-21,30140312133492,,,,False
삼창일심빌라마동,1994,2.3,36.30679915355855,127.388937227528,대전광역시 중구 산성동 287-22,30140312133493,,,,False
호성빌라가동,2004,2.3,36.307282135124446,127.39019471437967,대전광역시 중구 산성동 287-24,30140312133494,,,,False
호성빌라나동,2004,2.3,36.30712521950697,127.39024197536408,대전광역시 중구 산성동 287-25,30140312133495,,,,False
자연빌라,2002,2.3,36.30639887861758,127.38895364839576,대전광역시 중구 산성동 288-2,30140312133496,,,,False
대륜빌라(288-3),1994,2.3,36.30653668031376,127.3891087720176,대전광역시 중구 산성동 288-3,30140312133497,,,,False
잉꼬빌라(288-4),1995,2.3,36.30654610274201,127.38929877179912,대전광역시 중구 산성동 288-4,30140312133498,,,,False
쌍용빌라나동,1993,2.3,36.30652099831698,127.38946780658053,대전광역시 중구 산성동 288-5,30140312133499,,,,False
쌍용빌라가동,1993,2.3,36.30653425689032,127.38962383922592,대전광역시 중구 산성동 288-6,30140312133500,,,,False
"유진빌라1,2동",1990,2.3,36.3065412733699,127.38977266461632,대전광역시 중구 산성동 288-7,30140312133501,,,,False
유진빌라3동,1990,2.3,36.30651886888624,127.38990886913749,대전광역시 중구 산성동 288-8,30140312133502,,,,False
서강빌라A동B동,1992,2.3,36.30662517706084,127.3902511165415,대전광역시 중구 산성동 288-11,30140312133503,,,,False
문성빌라B동,1991,2.3,36.30608525684251,127.38912160967608,대전광역시 중구 산성동 292-3,30140312133504,,,,False
문성빌라A동,1991,2.3,36.30611601293246,127.3892521594066,대전광역시 중구 산성동 292-4,30140312133505,,,,False
대륜빌라,1996,2.3,36.30603836293754,127.38951314685472,대전광역시 중구 산성동 292-6,30140312133506,,,,False
유진빌라5동,1991,2.3,36.30614001325975,127.38990484805193,대전광역시 중구 산성동 292-8,30140312133507,,,,False
유진빌라6동,1991,2.3,36.306152466577146,127.39003292685535,대전광역시 중구 산성동 292-9,30140312133508,,,,False
양우주택,1992,2.3,36.30492637880688,127.39112433723656,대전광역시 중구 산성동 299-31,30140312133509,,,,False
보원빌리지,2004,2.3,36.304876287101614,127.39067909547124,대전광역시 중구 산성동 299-33,30140312133510,,,,False
삼창,1990,2.3,36.304333270063125,127.39090424904492,대전광역시 중구 산성동 301-5,30140100010973,,,,False
삼진빌라(303-10),1991,2.3,36.30466247225034,127.38825242443237,대전광역시 중구 산성동 303-10,30140312133512,,,,False
산성하이빌,2003,2.3,36.30503806660833,127.3902661557782,대전광역시 중구 산성동 303-58,30140312133513,,,,False
산성엔이빌,2003,2.3,36.30403903772696,127.39007885015393,대전광역시 중구 산성동 303-96,30140312133514,,,,False
그린힐빌리지1동,2019,2.3,36.30379496813066,127.3899544251539,대전광역시 중구 산성동 303-161,30140320384410,,,,False
그린힐빌리지2동,2019,2.3,36.30379766167672,127.39023109593784,대전광역시 중구 산성동 303-165,30140320384393,,,,False
삼화빌라(304-10),1991,2.3,36.30410592866584,127.39137755626956,대전광역시 중구 산성동 304-10,30140312133515,,,,False
대명빌라(304-12),2002,2.3,36.304120006913394,127.39163028007115,대전광역시 중구 산성동 304-12,30140312133516,,,,False
삼화빌라가동(304-13),1990,2.3,36.30410554662258,127.39181377921784,대전광역시 중구 산성동 304-13,30140312133517,,,,False
SB크로바,2016,2.3,36.304567955015,127.3920728055698,대전광역시 중구 산성동 304-21,30140320331362,,,,False
대명뉴아트빌(306-3),2012,2.3,36.303520367545744,127.3891041972492,대전광역시 중구 산성동 306-3,30140320164189,,,,False
자연과함께,2022,2.7 (검증필요),36.30343972619552,127.38997384893746,대전광역시 중구 산성동 306-4,30140320440872,,,,False
경원빌라A동,1991,2.3,36.30374655184525,127.38903508577732,대전광역시 중구 산성동 306-13,30140212133518,,,,False
산성빌라(306-21),1990,2.3,36.303831474751405,127.38865778610456,대전광역시 중구 산성동 306-21,30140312133519,,,,False
경원빌라B동,1992,2.3,36.3038496625082,127.38881510479278,대전광역시 중구 산성동 306-66,30140312133520,,,,False
현대그린빌리지A동,1999,2.3,36.30352826515694,127.3882560970979,대전광역시 중구 산성동 306-76,30140312133521,,,,False
현대그린빌리지B동,1998,2.3,36.303476157619855,127.38848459365416,대전광역시 중구 산성동 306-79,30140312133522,,,,False
대명아트빌,2011,2.3,36.303520990761264,127.38885232457896,대전광역시 중구 산성동 306-90,30140320142554,,,,False
메종포레스트(B동),2022,2.7 (검증필요),36.30383142112469,127.39077133982563,대전광역시 중구 산성동 306-96,30140320432957,,,,False
그린힐빌리지3동,2019,2.3,36.30336847519116,127.3901544000656,대전광역시 중구 산성동 306-99,30140320394865,,,,False
도담빌라B,2023,2.7 (검증필요),36.30337923006667,127.39054398115898,대전광역시 중구 산성동 306-101,30140320447025,,,,False
메종포레스트(A동),2022,2.7 (검증필요),36.303841286985325,127.39049722368868,대전광역시 중구 산성동 306-106,30140320432958,,,,False
도담빌라A,2023,2.7 (검증필요),36.30360413747856,127.39076758305576,대전광역시 중구 산성동 306-110,30140320447026,,,,False
스카이빌Ⅰ,2017,2.3,36.30360593828967,127.39046441041056,대전광역시 중구 산성동 306-111,30140320359877,,,,False
대명하늘채B동,2018,2.3,36.30360689001049,127.39020339183456,대전광역시 중구 산성동 306-113,30140320373767,,,,False
대명하늘채A동,2018,2.3,36.30360825207431,127.38993934825166,대전광역시 중구 산성동 306-114,30140320373768,,,,False
메종포레스트(C동),2022,2.7 (검증필요),36.30376016412514,127.39105297724883,대전광역시 중구 산성동 306-138,30140320432959,,,,False
(307-1),1989,2.3,36.3045919989966,127.39230545792428,대전광역시 중구 산성동 307-1,30140312133523,,,,False
풍산빌라(307-2),1990,2.3,36.3045681323668,127.39245402420444,대전광역시 중구 산성동 307-2,30140312133524,,,,False
성원빌라(307-3),1990,2.3,36.304552985373306,127.3928354521204,대전광역시 중구 산성동 307-3,30140312133525,,,,False
신대동빌라,1991,2.3,36.30452916397672,127.39309781321488,대전광역시 중구 산성동 307-4,30140312133526,,,,False
성원빌라3(307-11),1992,2.3,36.30442007849986,127.39291069863953,대전광역시 중구 산성동 307-11,30140312133527,,,,False
동산주택(307-18),2022,2.7 (검증필요),36.30417197256231,127.39288016507584,대전광역시 중구 산성동 307-18,30140320440521,,,,False
태평빌라(309-12),1990,2.3,36.30495434850376,127.39373996925748,대전광역시 중구 산성동 309-12,30140312133528,,,,False
백제빌라(309-31),1995,2.3,36.304795177636045,127.39307371391666,대전광역시 중구 산성동 309-31,30140312133529,,,,False
대광빌라(321-26),1995,2.3,36.30578358461372,127.39105503664584,대전광역시 중구 산성동 321-26,30140312133530,,,,False
대웅빌라B동,1989,2.3,36.307011749194885,127.39203543896072,대전광역시 중구 산성동 322-10,30140312133531,,,,False
대웅빌라A동,1989,2.3,36.30703608144152,127.39217528681904,대전광역시 중구 산성동 322-11,30140312133532,,,,False
대성타운,2002,2.3,36.30743460642468,127.3911563241981,대전광역시 중구 산성동 323-3,30140312133533,,,,False
황금빌라D동,2003,2.3,36.3071799218526,127.39162424034473,대전광역시 중구 산성동 323-34,30140312133534,,,,False
황금빌라(C동),2003,2.3,36.30721296497023,127.39177700824072,대전광역시 중구 산성동 323-35,30140312133535,,,,False
황금빌라B동,2003,2.3,36.30724601690328,127.39192976776408,대전광역시 중구 산성동 323-36,30140312133536,,,,False
황금빌라A동,2003,2.3,36.307293999371495,127.39207444827852,대전광역시 중구 산성동 323-37,30140312133537,,,,False
아성빌라,1990,2.3,36.30781555322773,127.39349733852116,대전광역시 중구 산성동 324-15,30140312133538,,,,False
대성빌라,1997,2.3,36.30741729908057,127.39270892448312,대전광역시 중구 산성동 324-25,30140312133539,,,,False
신한빌Ⅱ,2022,2.7 (검증필요),36.30732362618926,127.39236826457314,대전광역시 중구 산성동 324-27,30140320440046,,,,False
금강빌라,1991,2.3,36.30715892841376,127.39280899177824,대전광역시 중구 산성동 325-2,30140312133540,,,,False
대원빌라,1993,2.3,36.30725585618899,127.39330955167658,대전광역시 중구 산성동 325-6,30140312133541,,,,False
경둔주택(325-8),1991,2.3,36.30729880692103,127.39352574658623,대전광역시 중구 산성동 325-8,30140312133542,,,,False
삼구빌라B동,1997,2.3,36.30736080675682,127.39384481833892,대전광역시 중구 산성동 325-9,30140312133543,,,,False
세창빌라,1991,2.3,36.3069758698017,127.39263053609928,대전광역시 중구 산성동 325-20,30140312133544,,,,False
삼구빌라A동,1997,2.3,36.30732697382551,127.393681289342,대전광역시 중구 산성동 325-33,30140312133545,,,,False
대복아트빌라A동,1995,2.3,36.30661675321456,127.39397918499527,대전광역시 중구 산성동 327-14,30140312133546,,,,False
대복아트빌라B동,1995,2.3,36.30659697363491,127.39382435680344,대전광역시 중구 산성동 327-15,30140312133547,,,,False
윤이빌라,1991,2.3,36.306352390351535,127.39297734165322,대전광역시 중구 산성동 327-21,30140312133548,,,,False
대웅주택,1991,2.3,36.306268782743146,127.39358324818724,대전광역시 중구 산성동 328-8,30140312133549,,,,False
우석하이츠1동,1995,2.3,36.30615362188136,127.39399664073274,대전광역시 중구 산성동 328-16,30140312133550,,,,False
대성홈타운,2003,2.3,36.30589523465644,127.39305311113824,대전광역시 중구 산성동 328-27,30140312133551,,,,False
우석하이츠2동,1995,2.3,36.30619985534175,127.39416034028912,대전광역시 중구 산성동 328-32,30140312133552,,,,False
우석하이츠3동,1995,2.3,36.30625514969689,127.39429371154006,대전광역시 중구 산성동 328-33,30140312133553,,,,False
오성빌라,1993,2.3,36.30587863911909,127.39392460520072,대전광역시 중구 산성동 329-8,30140312133554,,,,False
풍산빌라(329-15가나동),1994,2.3,36.30564535031884,127.39443365385868,대전광역시 중구 산성동 329-15,30140312133555,,,,False
한울타리아파트,2017,2.3,36.30558112488447,127.39383140171056,대전광역시 중구 산성동 329-19,30140120354772,,,,False
풍산빌라(329-26가동나동),1995,2.3,36.30545104424989,127.39429412492,대전광역시 중구 산성동 329-26,30140312133556,,,,False
풍산빌라(329-28A동B동),1994,2.3,36.30556901333964,127.39399865044372,대전광역시 중구 산성동 329-28,30140312133557,,,,False
풍산빌라(329-29A동B동),1995,2.3,36.30575492528111,127.3941940642159,대전광역시 중구 산성동 329-29,30140312133558,,,,False
소망빌라나동,2003,2.3,36.30566367160854,127.3948959991454,대전광역시 중구 산성동 330-1,30140312133559,,,,False
공원,1997,2.3,36.3057442603147,127.39524038644632,대전광역시 중구 산성동 330-2,30140100010970,,,,False
소망빌라가동,2003,2.3,36.305707812319824,127.39501590855548,대전광역시 중구 산성동 330-13,30140312133561,,,,False
(333-13),1989,2.3,36.306472047982766,127.39505249428971,대전광역시 중구 산성동 333-13,30140312133562,,,,False
포렛빌,2016,2.3,36.30711593273833,127.39491177371832,대전광역시 중구 산성동 334-5,30140320343423,,,,False
335-2,1997,2.3,36.30784257631571,127.3944565925628,대전광역시 중구 산성동 335-2,30140312133563,,,,False
상당한솔빌라,1994,2.3,36.2941710292434,127.39014295589476,대전광역시 중구 사정동 343,30140212133564,,,,False
상당그린빌라,1997,2.3,36.294886920709885,127.39040494908184,대전광역시 중구 사정동 344-10,30140312133565,,,,False
백제빌라,1991,2.3,36.30067812025568,127.38454161501504,대전광역시 중구 사정동 358-10,30140312133601,,,,False
강변주택,2023,2.7 (검증필요),36.29950178631393,127.38444051621704,대전광역시 중구 사정동 361-3,30140220444132,,,,False
진보빌라104동,1992,2.3,36.29537047758965,127.38819871103028,대전광역시 중구 사정동 371,30140312133566,,,,False
진보빌라103동,1991,2.3,36.29539609060262,127.38833575957848,대전광역시 중구 사정동 371-3,30140312133567,,,,False
진보빌라102동,1991,2.3,36.29545530784579,127.38846719565996,대전광역시 중구 사정동 371-4,30140312133568,,,,False
진보빌라101동,1991,2.3,36.295540838205,127.38858261768964,대전광역시 중구 사정동 371-5,30140312133569,,,,False
산성오토1동2동(457-3),1991,2.3,36.29880226783998,127.38453195156426,대전광역시 중구 사정동 376-2,30140312133602,,,,False
산성오토B동C동(457-4),1991,2.3,36.29843910162434,127.38447230229492,대전광역시 중구 사정동 376-8,30140312133603,,,,False
밀레빌라가동,2013,2.3,36.297530912147245,127.38446260398176,대전광역시 중구 사정동 386-2,30140320180939,,,,False
밀레빌라나동,2013,2.3,36.29770567188584,127.38448751887468,대전광역시 중구 사정동 386-7,30140320180938,,,,False
삼화빌라,1990,2.3,36.29787056312669,127.38520403163292,대전광역시 중구 사정동 387-5,30140312133572,,,,False
류림빌리지,2004,2.3,36.2974941037119,127.38628548325036,대전광역시 중구 사정동 388-5,30140318229700,,,,False
엄지빌라,1991,2.3,36.29753334200166,127.38599353525922,대전광역시 중구 사정동 388-6,30140312133575,,,,False
드림타운3차,2021,2.7 (검증필요),36.29787995493561,127.3878321910343,대전광역시 중구 사정동 392-47,30140320427501,,,,False
드림타운Ⅱ,2016,2.3,36.29760419058292,127.38769550066618,대전광역시 중구 사정동 392-66,30140220341000,,,,False
드림타운,2014,2.3,36.29729722704978,127.38818144341572,대전광역시 중구 사정동 392-68,30140220293134,,,,False
삼창빌라3동(393-6),1992,2.3,36.296892203314414,127.38674717896292,대전광역시 중구 사정동 393-6,30140312133570,,,,False
삼창빌라1동2동,1991,2.3,36.29688284147525,127.38657638358956,대전광역시 중구 사정동 393-7,30140312133571,,,,False
하모니캐슬,2014,2.3,36.29718316072954,127.38570808920647,대전광역시 중구 사정동 394-11,30140220293017,,,,False
대상그린나래,2022,2.7 (검증필요),36.29729119013077,127.38499448029144,대전광역시 중구 사정동 395-1,30140120438389,,,,False
보원하이빌,2012,2.3,36.29717824305982,127.38375607596537,대전광역시 중구 사정동 396-2,30140320152110,,,,False
하모니301동,2007,2.3,36.29681199217137,127.3837063392716,대전광역시 중구 사정동 398-4,30140120073165,,,,False
하모니401동,2008,2.3,36.29673543211922,127.3839905657902,대전광역시 중구 사정동 398-5,30140120090269,,,,False
하모니빌,2007,2.3,36.29643999767001,127.38330019673556,대전광역시 중구 사정동 399-2,30140320065608,,,,False
대진하모니101동,2006,2.3,36.29643789026812,127.38353217672535,대전광역시 중구 사정동 399-4,30140120035624,,,,False
대진하모니201동,2006,2.3,36.29643323308196,127.38377229157352,대전광역시 중구 사정동 399-5,30140120055180,,,,False
하모니팰리스104동,2012,2.3,36.29850154353596,127.38548992515284,대전광역시 중구 사정동 413,30140320152100,,,,False
하모니팰리스,2012,2.3,36.297946396497046,127.38549236459066,대전광역시 중구 사정동 413-3,30140220166113,,,,False
더힐더블유,2011,2.3,36.296735953133535,127.38903977157564,대전광역시 중구 사정동 425-4,30140320136184,,,,False
동원가든,1992,2.3,36.29849637459972,127.38638352912471,대전광역시 중구 사정동 431-1,30140100010978,,,,False
산성빌라9동,1989,2.3,36.29905084447769,127.38650086960472,대전광역시 중구 사정동 433-2,30140312133577,,,,False
"공원맨션101,102동",1993,2.3,36.29943879181064,127.38705735386426,대전광역시 중구 사정동 433-15,30140312133578,,,,False
"광산그린빌라1,2동",1996,2.3,36.29887406036508,127.38704488160391,대전광역시 중구 사정동 433-16,30140312133579,,,,False
공원맨션110동,1993,2.3,36.29907108832555,127.38703520107477,대전광역시 중구 사정동 433-26,30140312133580,,,,False
"공원맨션108,109동",1993,2.3,36.2993348460808,127.387618327301,대전광역시 중구 사정동 433-30,30140312133581,,,,False
공원맨션114동,1993,2.3,36.298478225964914,127.38747788869308,대전광역시 중구 사정동 433-36,30140312133582,,,,False
산성빌라1동,1989,2.3,36.29914824792239,127.38678593851904,대전광역시 중구 사정동 433-43,30140312133583,,,,False
산성빌라8동,1989,2.3,36.299057052612525,127.38662562681068,대전광역시 중구 사정동 433-49,30140312133584,,,,False
산성빌라2동,1989,2.3,36.29905616883273,127.38678228079914,대전광역시 중구 사정동 433-51,30140312133585,,,,False
산성빌라3동,1989,2.3,36.29892819167389,127.3867922342666,대전광역시 중구 사정동 433-53,30140312133586,,,,False
산성빌라5동,1989,2.3,36.29874140967816,127.38678504817054,대전광역시 중구 사정동 433-56,30140312133587,,,,False
산성빌라6동,1989,2.3,36.29876196905714,127.3866194394598,대전광역시 중구 사정동 433-57,30140312133588,,,,False
산성빌라7동,1989,2.3,36.29890481261451,127.38663040819333,대전광역시 중구 사정동 433-58,30140312133589,,,,False
공원맨션111동,1993,2.3,36.29911694165023,127.38716657157016,대전광역시 중구 사정동 433-60,30140312133590,,,,False
공원맨션112동,1993,2.3,36.29912130510827,127.38730809826446,대전광역시 중구 사정동 433-61,30140312133591,,,,False
공원맨션113동,1993,2.3,36.2990658880835,127.38745400734008,대전광역시 중구 사정동 433-62,30140312133592,,,,False
"공원맨션103,104동",1993,2.3,36.29944924019981,127.3872110333686,대전광역시 중구 사정동 433-64,30140312133593,,,,False
"공원맨션105,106동",1993,2.3,36.29951330770294,127.38736688772572,대전광역시 중구 사정동 433-65,30140312133594,,,,False
공원맨션107동,1993,2.3,36.29952902537505,127.3875388705562,대전광역시 중구 사정동 433-66,30140312133595,,,,False
공원맨션116동,1993,2.3,36.29845265938701,127.38773771464508,대전광역시 중구 사정동 433-68,30140312133596,,,,False
"광산그린빌라6,7동",1995,2.3,36.29878591515156,127.38734995063322,대전광역시 중구 사정동 433-71,30140312133598,,,,False
"광산그린빌라8,9동",1995,2.3,36.29877845070166,127.38751513105734,대전광역시 중구 사정동 433-72,30140312133599,,,,False
샛뜸,2002,2.3,36.29999161500394,127.38644107791262,대전광역시 중구 사정동 439-14,30140100219543,,,,False
으뜸마을(440-4),2015,2.3,36.29596568903381,127.38858036659536,대전광역시 중구 사정동 440-4,30140320328880,,,,False
으뜸마을,2016,2.3,36.29597287517019,127.38717152059984,대전광역시 중구 사정동 441-1,30140320335478,,,,False
산성오토(468-2),1991,2.3,36.29875655832062,127.38416530410429,대전광역시 중구 사정동 468-2,30140312133604,,,,False
성산마을우남스타원,2006,2.3,36.29482480258318,127.38296268303618,대전광역시 중구 사정동 487,30140120029742,,,,False
강변아파트105동,2017,2.3,36.2945308019014,127.38152500979302,대전광역시 중구 사정동 516-1,30140120345506,,,,False
강변아파트104동,2017,2.3,36.29430845526158,127.38133493691564,대전광역시 중구 사정동 516-3,30140120355009,,,,False
강변아파트103동,2016,2.3,36.2940907365717,127.3811486787355,대전광역시 중구 사정동 516-5,30140120338886,,,,False
강변아파트102동,2016,2.3,36.29387018651309,127.3809600375584,대전광역시 중구 사정동 516-6,30140120337963,,,,False
강변아파트101동,2016,2.3,36.29365615193478,127.3807769984384,대전광역시 중구 사정동 516-7,30140120337964,,,,False
안영동하모니아파트(101동),2013,2.3,36.292814591961175,127.38150228003542,대전광역시 중구 안영동 643-5,30140120182157,,,,False
안영동하모니아파트102동,2013,2.3,36.29266903228572,127.38182102577711,대전광역시 중구 안영동 643-7,30140120182279,,,,False
대호하이츠3호5호6호(645-1),2014,2.3,36.29248527499759,127.38158022617336,대전광역시 중구 안영동 645-1,30140320293801,,,,False
대호하이츠1호2호(645-10),2014,2.3,36.29238847308071,127.38148437814726,대전광역시 중구 안영동 645-10,30140320293767,,,,False
필하모니1,2011,2.3,36.29263924560815,127.3810932847472,대전광역시 중구 안영동 646-1,30140320141245,,,,False
필하모니3,2011,2.3,36.2925948380141,127.38130235512742,대전광역시 중구 안영동 646-2,30140320144054,,,,False
필하모니4,2011,2.3,36.29247661373475,127.38117157612191,대전광역시 중구 안영동 646-3,30140320144055,,,,False
필하모니2,2011,2.3,36.29255599898416,127.38095982618822,대전광역시 중구 안영동 646-11,30140320141248,,,,False
필하모니5,2011,2.3,36.29280527457911,127.38082940357076,대전광역시 중구 안영동 647-2,30140320146199,,,,False
선운빌리지B,2003,2.3,36.291446062088994,127.37828126799414,대전광역시 중구 안영동 657-12,30140312133605,,,,False
선운빌리지A,2003,2.3,36.29162764842109,127.37843777913628,대전광역시 중구 안영동 657-13,30140312133606,,,,False
선운빌리지C,2003,2.3,36.2902964535065,127.37997754580996,대전광역시 중구 안영동 661-1,30140312133607,,,,False
영진빌리지,2003,2.3,36.2902265033534,127.37985431688534,대전광역시 중구 안영동 661-8,30140312133608,,,,False
오복,2011,2.3,36.29074678478107,127.37897904348806,대전광역시 중구 안영동 665-9,30140320135750,,,,False
보원빌리지나동,2002,2.3,36.28738086277852,127.37982881029704,대전광역시 중구 안영동 690-5,30140312133609,,,,False
보원빌리지다동,2003,2.3,36.28732503805608,127.37953282708796,대전광역시 중구 안영동 690-7,30140312133610,,,,False
보원빌리지가동,2002,2.3,36.287466062236064,127.37969249171364,대전광역시 중구 안영동 690-8,30140312133611,,,,False
보원빌리지라동,2003,2.3,36.28717936994003,127.37936932727952,대전광역시 중구 안영동 693-1,30140312133612,,,,False
창명빌라D동,2000,2.3,36.28601474451128,127.38118453098204,대전광역시 중구 안영동 696-1,30140312133613,,,,False
한울,2003,2.3,36.28579880526189,127.3815589759284,대전광역시 중구 안영동 696-2,30140100219545,A36071602,195.0,"관리사무소, 노인정, 어린이놀이터, 자전거보관소",Needs Review
창명빌라C동,2000,2.3,36.28599049305816,127.38140066940818,대전광역시 중구 안영동 696-14,30140312133615,,,,False
창명빌라B동,2000,2.3,36.28584835158302,127.38130089745673,대전광역시 중구 안영동 696-15,30140312133616,,,,False
창명빌라A동,2000,2.3,36.28592388567385,127.38101895257512,대전광역시 중구 안영동 696-16,30140312133617,,,,False
금빛마을105동,2012,2.3,36.2997050746561,127.3754318565586,대전광역시 서구 복수동 192,30170320162967,,,,False
금빛마을103동,2011,2.3,36.30010429820786,127.3747981577946,대전광역시 서구 복수동 195-3,30170320137791,,,,False
금빛마을101동,2010,2.3,36.29976972123586,127.37501356578385,대전광역시 서구 복수동 195-5,30170220133337,,,,False
"금빛마을104동,별동",2011,2.3,36.30008378703029,127.3752508906961,대전광역시 서구 복수동 195-6,30170320137834,,,,False
금빛마을102동,2010,2.3,36.299868021857854,127.37551770706416,대전광역시 서구 복수동 195-7,30170220133777,,,,False
"금빛마을(204,205,206동)",2012,2.3,36.30057309544593,127.37495928792084,대전광역시 서구 복수동 203,30170220156569,,,,False
금빛마을207동,2013,2.3,36.300599230908055,127.37566530761332,대전광역시 서구 복수동 203-3,30170220171617,,,,False
금빛마을203동,2012,2.3,36.30033527979094,127.375572544817,대전광역시 서구 복수동 203-4,30170220165378,,,,False
"금빛마을(A,B)",2012,2.3,36.30027568634863,127.37484101706428,대전광역시 서구 복수동 203-5,30170320153216,,,,False
오량마을마루미(그린채),2006,2.3,36.30680241845313,127.37687670743712,대전광역시 서구 복수동 270-1,30170120055124,A30284005,561.0,"관리사무소, 노인정, 보육시설, 문고, 주민공동시설, 어린이놀이터, 휴게시설, 자전거보관소",Needs Review
삼익목화,1993,2.3,36.3079033609036,127.37581451484706,대전광역시 서구 복수동 274-1,30170100011588,,,,False
계룡,1991,2.3,36.305455000384775,127.37358986863184,대전광역시 서구 복수동 275,30170100011587,A30184601,0.0,"관리사무소, 노인정, 어린이놀이터, 자전거보관소",False
삼익목화2,1998,2.3,36.30753735884208,127.37457189600208,대전광역시 서구 복수동 280,30170100011589,,,,False
대운빌라3동,1992,2.3,36.30928133091774,127.3765509246426,대전광역시 서구 복수동 283-36,30170312133626,,,,False
대진빌라,1993,2.3,36.30956870556355,127.37698866477274,대전광역시 서구 복수동 283-41,30170312133627,,,,False
대운빌라(A동),1990,2.3,36.308561007319824,127.37721929002124,대전광역시 서구 복수동 283-67,30170312133628,,,,False
복수빌라,1990,2.3,36.3083807578308,127.37744592205232,대전광역시 서구 복수동 283-81,30170312133629,,,,False
(283-119),1989,2.3,36.309134000580656,127.37659334871324,대전광역시 서구 복수동 283-119,30170312133631,,,,False
현대빌라(3동),1991,2.3,36.31026874773183,127.37676612330102,대전광역시 서구 복수동 283-125,30170312133632,,,,False
임영빌라,1994,2.3,36.31072112771292,127.37810767936946,대전광역시 서구 복수동 283-188,30170312133633,,,,False
용인아파트,1988,2.3,36.30893936590019,127.37712423726202,대전광역시 서구 복수동 283-301,30170212133634,,,,False
(283-350),1986,2.3,36.30877060408061,127.37634178969424,대전광역시 서구 복수동 283-350,30170312133635,,,,False
(283-371),1986,2.3,36.30941235714789,127.3765415658252,대전광역시 서구 복수동 283-371,30170312133636,,,,False
마라톤주택D동,1987,2.3,36.30871563644212,127.37678536358727,대전광역시 서구 복수동 283-377,30170312133637,,,,False
마라톤주택C동,1988,2.3,36.30869502014802,127.37694300054088,대전광역시 서구 복수동 283-378,30170312133638,,,,False
마라톤주택B동,1991,2.3,36.30872334329551,127.37712992512108,대전광역시 서구 복수동 283-379,30170312133639,,,,False
마라톤주택A동,1988,2.3,36.3085704079578,127.37705377460055,대전광역시 서구 복수동 283-383,30170312133640,,,,False
(283-400),1989,2.3,36.309104754178506,127.37668483953787,대전광역시 서구 복수동 283-400,30170312133630,,,,False
대운빌라B동,1990,2.3,36.30839670944964,127.37725943652458,대전광역시 서구 복수동 283-407,30170312133641,,,,False
대운빌라(가동),1990,2.3,36.30890200993856,127.3766404447018,대전광역시 서구 복수동 283-419,30170312133642,,,,False
대운빌라(나동),1991,2.3,36.30874135193002,127.37661944021292,대전광역시 서구 복수동 283-420,30170312133643,,,,False
현대빌라1동,1991,2.3,36.31027463110556,127.37635054944928,대전광역시 서구 복수동 283-426,30170312133644,,,,False
현대빌라2동,1991,2.3,36.31031860629077,127.37652951972105,대전광역시 서구 복수동 283-427,30170312133645,,,,False
대운빌라,1992,2.3,36.30908863953427,127.37682342579076,대전광역시 서구 복수동 283-434,30170312133646,,,,False
하모니하이츠빌,2017,2.3,36.3002495389358,127.37795472499408,대전광역시 서구 복수동 477,30170320348874,,,,False
금빛마을106동,2012,2.3,36.29948912139328,127.37541130414805,대전광역시 서구 복수동 530,30170320153452,,,,False
대동빌라Ⅱ,2013,2.3,36.29928722945951,127.37416205600968,대전광역시 서구 복수동 567,30170320182675,,,,False
초록마을5단지,2005,2.3,36.2979936564856,127.37374849539393,대전광역시 서구 복수동 576,30170100448933,A30221008,459.0,"관리사무소, 노인정, 보육시설, 어린이놀이터",Needs Review
초록마을1단지(예미지),2005,2.3,36.30355638148312,127.3797510776498,대전광역시 서구 복수동 611,30170120005432,A30284003,655.0,"관리사무소, 노인정, 주민공동시설, 어린이놀이터, 자전거보관소, 기타",Needs Review
현진에버빌,2005,2.3,36.301557123295055,127.38019763466252,대전광역시 서구 복수동 612,30170100448934,A10022217,108.0,None,Needs Review
초록마을3단지(베리굿),2004,2.3,36.30015323551902,127.37979392853184,대전광역시 서구 복수동 615,30170100219548,A30284001,124.0,"관리사무소, 노인정, 어린이놀이터, 자전거보관소",Needs Review
초록마을3단지(계룡리슈빌),2006,2.3,36.2999886837724,127.38120992987004,대전광역시 서구 복수동 616,30170120012025,A30284001,124.0,"관리사무소, 노인정, 어린이놀이터, 자전거보관소",Needs Review
하모니애프롬스,2019,2.3,36.2950170534929,127.37851745267336,대전광역시 서구 복수동 958,30170220396656,,,,False
복수센트럴자이,2019,2.3,36.306260899701,127.37202360941566,대전광역시 서구 복수동 1004,30170120401972,A10025327,1427.0,"관리사무소, 노인정, 보육시설, 문고, 주민공동시설, 어린이놀이터, 휴게시설, 커뮤니티공간, 자전거보관소, 기타",True
새한1,1984,2.3,36.32631087473884,127.38704758377318,대전광역시 서구 변동 1-3,30170200011616,,,,False
(1-22),1985,2.3,36.32591533602999,127.38656628172234,대전광역시 서구 변동 1-22,30170312133660,,,,False
서진빌라,1991,2.3,36.32747428380949,127.38588836668433,대전광역시 서구 변동 2-9,30170312133661,,,,False
서부,1989,2.3,36.3266876665669,127.38628206647084,대전광역시 서구 변동 3-4,30170100608958,,,,False
릭콘빌라,1991,2.3,36.32659237051308,127.38650771550157,대전광역시 서구 변동 3-5,30170312133663,,,,False
새한2차한진주택,1987,2.3,36.32628202806508,127.38609815790564,대전광역시 서구 변동 3-8,30170100011617,,,,False
승우빌라,1992,2.3,36.32710266096284,127.38563669713857,대전광역시 서구 변동 3-44,30170312133665,,,,False
미래,1992,2.3,36.327084695053685,127.38544932694262,대전광역시 서구 변동 3-45,30170312133666,,,,False
신대동빌라,1990,2.3,36.32740577744481,127.38514748186924,대전광역시 서구 변동 4-11,30170312133667,,,,False
정궁빌라,1990,2.3,36.32721271037978,127.38495164799778,대전광역시 서구 변동 4-14,30170312133668,,,,False
솔리움III(A동),2017,2.3,36.32774273108177,127.38416264996836,대전광역시 서구 변동 6-8,30170320349285,,,,False
솔리움III(B동),2017,2.3,36.3276836170088,127.38396109031112,대전광역시 서구 변동 6-19,30170320349286,,,,False
주택,1981,2.3,36.32739063973158,127.38198484308336,대전광역시 서구 변동 10-9,30170212133669,,,,False
"건우빌라(가,나)동",1989,2.3,36.329691180869006,127.37846207821792,대전광역시 서구 변동 15-7,30170312133670,,,,False
건우빌라(라)동,1989,2.3,36.32953727377104,127.37846654046146,대전광역시 서구 변동 15-19,30170312133671,,,,False
건우빌라(다)동,1989,2.3,36.329636576302,127.37829138405128,대전광역시 서구 변동 15-21,30170312133672,,,,False
태산빌라,1994,2.3,36.32895210639694,127.37821971569748,대전광역시 서구 변동 16-15,30170312133673,,,,False
(17-54),1988,2.3,36.32856863960339,127.37959098774812,대전광역시 서구 변동 17-54,30170312133674,,,,False
(17-55),1988,2.3,36.32856449648455,127.37946563926164,대전광역시 서구 변동 17-55,30170312133675,,,,False
평화빌라,1991,2.3,36.32862484076021,127.3779587420261,대전광역시 서구 변동 19-83,30170312133676,,,,False
변동빌라B동,1989,2.3,36.32839714922712,127.37650608616948,대전광역시 서구 변동 20-12,30170312133677,,,,False
세원아트빌라나동,1995,2.3,36.32793573322888,127.37683054833346,대전광역시 서구 변동 20-18,30170312133678,,,,False
변동빌라A동,1989,2.3,36.32828934564208,127.37643469755209,대전광역시 서구 변동 20-86,30170312133679,,,,False
세원아트빌라가동,1995,2.3,36.32780020690726,127.37681959347556,대전광역시 서구 변동 20-88,30170312133680,,,,False
대원빌라,1991,2.3,36.32796953561062,127.37584424935054,대전광역시 서구 변동 22-65,30170312133681,,,,False
(22-66),1989,2.3,36.327814355127934,127.37572754481133,대전광역시 서구 변동 22-66,30170312133682,,,,False
이레빌리지,2013,2.3,36.32798469352007,127.37540778864653,대전광역시 서구 변동 22-69,30170220183191,,,,False
진영빌라,1997,2.3,36.32630203271599,127.37695243271682,대전광역시 서구 변동 24-68,30170312133683,,,,False
대륙아트빌라102동,1990,2.3,36.32693747133504,127.3786635013238,대전광역시 서구 변동 27-2,30170312133684,,,,False
대륙아트빌라101동,1990,2.3,36.32689934087351,127.37878890973823,대전광역시 서구 변동 27-45,30170312133685,,,,False
신아빌리지(나동),1990,2.3,36.32750466046595,127.37830260745692,대전광역시 서구 변동 28-5,30170312133686,,,,False
신아빌리지(가동),1990,2.3,36.32741650033654,127.37846524390812,대전광역시 서구 변동 28-58,30170312133687,,,,False
신아빌리지(라동),1990,2.3,36.32725092625877,127.3783302718826,대전광역시 서구 변동 28-59,30170312133688,,,,False
신아빌리지(다동),1990,2.3,36.32731850980944,127.3781823445687,대전광역시 서구 변동 28-61,30170312133689,,,,False
신원럭키빌라,1996,2.3,36.3262804456313,127.38090358761008,대전광역시 서구 변동 32-7,30170312133690,,,,False
(32-27),1987,2.3,36.32609827716151,127.38152950518683,대전광역시 서구 변동 32-27,30170312133691,,,,False
(33-13),1986,2.3,36.32485865825326,127.3815243048615,대전광역시 서구 변동 33-13,30170300442544,,,,False
성하빌라(36-2),1994,2.3,36.325022886445424,127.38461452429668,대전광역시 서구 변동 36-2,30170312133693,,,,False
대복빌라,1994,2.3,36.32486204102848,127.38452645027456,대전광역시 서구 변동 36-47,30170312133694,,,,False
대한그린빌라(101),1995,2.3,36.32537131111953,127.38449566271422,대전광역시 서구 변동 37-4,30170312133695,,,,False
화이트빌가동,2006,2.3,36.3254960874801,127.3841518289561,대전광역시 서구 변동 37-5,30170320029574,,,,False
대한그린빌라(201),1995,2.3,36.32533196360792,127.38469827057254,대전광역시 서구 변동 37-37,30170312133696,,,,False
대한그린빌라(301),1995,2.3,36.32525483741989,127.3848641312305,대전광역시 서구 변동 37-39,30170312133697,,,,False
화이트빌나동,2006,2.3,36.32541258746048,127.38429163655547,대전광역시 서구 변동 37-40,30170320027600,,,,False
금성백조,1983,2.3,36.32631572341136,127.38501150146251,대전광역시 서구 변동 38-26,30170212133698,,,,False
성하빌라,1993,2.3,36.32406678016125,127.38526563667416,대전광역시 서구 변동 40-9,30170312133699,,,,False
(40-19),1989,2.3,36.3239397826274,127.385664739401,대전광역시 서구 변동 40-19,30170312133700,,,,False
용우빌라,1991,2.3,36.323347028455245,127.38402490136954,대전광역시 서구 변동 42-44,30170312133701,,,,False
로얄빌라(48-4),1990,2.3,36.32362711087222,127.38029266164004,대전광역시 서구 변동 48-4,30170312133702,,,,False
로얄빌라(48-71),1990,2.3,36.32355703645149,127.38042566768452,대전광역시 서구 변동 48-71,30170312133703,,,,False
변동종합시장,1983,2.3,36.32505476851704,127.37975148158922,대전광역시 서구 변동 49-1,30170300442545,,,,False
(49-5),1990,2.3,36.32423126497493,127.3791202152633,대전광역시 서구 변동 49-5,30170312133705,,,,False
(49-39),1983,2.3,36.32485350344571,127.37964682030882,대전광역시 서구 변동 49-39,30170320040843,,,,False
(49-51),1990,2.3,36.324101074740426,127.37907050505588,대전광역시 서구 변동 49-51,30170312133706,,,,False
휴안,2018,2.3,36.32560276485144,127.37767178254217,대전광역시 서구 변동 51-4,30170120361731,,,,False
은혜,1991,2.3,36.32551844095346,127.37628066064926,대전광역시 서구 변동 53-26,30170312133707,,,,False
대림(5동),1982,2.3,36.32351645843208,127.375378619562,대전광역시 서구 변동 56-1,30170212133708,A12283603,157.0,"관리사무소, 노인정, 어린이놀이터, 휴게시설",Needs Review
미성타운(B),1984,2.3,36.32306598278498,127.37537306079064,대전광역시 서구 변동 56-11,30170212133709,,,,False
미성타운(A),1984,2.3,36.32322974943085,127.37538137882264,대전광역시 서구 변동 56-12,30170212133710,,,,False
"대림(1,2동)",1982,2.3,36.32337975139459,127.37568084870486,대전광역시 서구 변동 56-17,30170212133711,A12283603,157.0,"관리사무소, 노인정, 어린이놀이터, 휴게시설",Needs Review
대림(3동),1982,2.3,36.323385288556295,127.3753722554877,대전광역시 서구 변동 56-18,30170212133712,A12283603,157.0,"관리사무소, 노인정, 어린이놀이터, 휴게시설",Needs Review
성암화인빌,2003,2.3,36.32256493097107,127.3760005428404,대전광역시 서구 변동 57-5,30170100052131,,,,False
(57-13),1989,2.3,36.32285921005841,127.37624447855627,대전광역시 서구 변동 57-13,30170312133714,,,,False
탑스빌,2012,2.3,36.32306054486736,127.37688189635446,대전광역시 서구 변동 58-2,30170120166134,A10020046,,None,False
포도힐,2011,2.3,36.32287708965927,127.37695979668122,대전광역시 서구 변동 58-3,30170120141135,,,,False
모닝빌,2009,2.3,36.32250187780559,127.37685150545306,대전광역시 서구 변동 58-4,30170120118070,,,,False
동기포에버,2010,2.3,36.32453359867544,127.37696383417617,대전광역시 서구 변동 59-1,30170120126640,A30283501,268.0,"관리사무소, 노인정, 어린이놀이터, 자전거보관소",Needs Review
변동동건,2003,2.3,36.323841533725385,127.37683622737056,대전광역시 서구 변동 59-6,30170100219551,,,,False
포도힐스Ⅴ,2012,2.3,36.32360846141605,127.37748317489437,대전광역시 서구 변동 60-12,30170220167490,,,,False
포도힐스Ⅲ,2013,2.3,36.32392385419192,127.37765629179285,대전광역시 서구 변동 60-18,30170120178728,,,,False
포도힐스Ⅳ,2012,2.3,36.32378981790024,127.37752770710708,대전광역시 서구 변동 60-24,30170220167492,,,,False
포도힐6차,2014,2.3,36.3229477682767,127.37777180939938,대전광역시 서구 변동 61-13,30170120306272,,,,False
만송빌라트,2018,2.3,36.32280545604164,127.3774103664782,대전광역시 서구 변동 61-17,30170120362358,,,,False
포도힐스Ⅱ,2012,2.3,36.32336304378868,127.37776946535674,대전광역시 서구 변동 61-22,30170220151719,,,,False
초원,1980,2.3,36.323022646223166,127.37862787188295,대전광역시 서구 변동 62-8,30170212133717,A54509003,0.0,"관리사무소, 노인정, 보육시설, 문고, 주민공동시설, 어린이놀이터, 휴게시설, 유치원, 커뮤니티공간, 자전거보관소, 기타",False
더집빌라,2021,2.7 (검증필요),36.32358290672431,127.37908799628444,대전광역시 서구 변동 62-29,30170320420907,,,,False
선인빌라,1991,2.3,36.32182713422253,127.3815295888459,대전광역시 서구 변동 65-3,30170312133718,,,,False
그레이스k3,2021,2.7 (검증필요),36.32297035923132,127.3818316891288,대전광역시 서구 변동 66-8,30170320418091,,,,False
태진빌라,1991,2.3,36.32307119703784,127.38140812119644,대전광역시 서구 변동 66-19,30170312133719,,,,False
성하하이츠,1995,2.3,36.32233631003102,127.38398560706602,대전광역시 서구 변동 67-1,30170312133720,,,,False
변동GH그린빌1차,2016,2.3,36.32219507935256,127.38355994620956,대전광역시 서구 변동 67-3,30170220340115,,,,False
성진아트빌가동,2002,2.3,36.32257201818955,127.38298009752047,대전광역시 서구 변동 67-6,30170312133721,,,,False
성진아트빌나동,2002,2.3,36.32259198000129,127.38315474757174,대전광역시 서구 변동 67-54,30170312133722,,,,False
성진아트빌다동,2002,2.3,36.3225413397726,127.38331236669576,대전광역시 서구 변동 67-55,30170312133723,,,,False
만년빌라,1991,2.3,36.32196902826225,127.38326222864109,대전광역시 서구 변동 68-12,30170312133724,,,,False
천일월드빌,2002,2.3,36.32214495882791,127.3844608489426,대전광역시 서구 변동 69-1,30170100011618,A30283702,117.0,"관리사무소, 주민공동시설, 어린이놀이터, 휴게시설, 자전거보관소",Needs Review
삼덕빌라트나동,1998,2.3,36.3215515739908,127.38415866650602,대전광역시 서구 변동 69-6,30170212133726,,,,False
삼덕빌라트가동,1998,2.3,36.32138280881109,127.3841134203785,대전광역시 서구 변동 69-15,30170212133727,,,,False
엔에스빌(가동),2003,2.3,36.329757773568765,127.3753709449851,대전광역시 서구 변동 73-9,30170312133728,,,,False
(73-64),1988,2.3,36.329300929095226,127.3747454821952,대전광역시 서구 변동 73-64,30170312133729,,,,False
엔에스빌(나동),2003,2.3,36.32970013208344,127.37524441027963,대전광역시 서구 변동 73-69,30170312133730,,,,False
엔에스빌(다동),2003,2.3,36.32958288601793,127.37519223469488,대전광역시 서구 변동 73-70,30170312133731,,,,False
반도빌라,1991,2.3,36.32954296366155,127.37431352873251,대전광역시 서구 변동 74-3,30170312133732,,,,False
봉산빌라A동,2001,2.3,36.33030419113204,127.37421135347424,대전광역시 서구 변동 74-14,30170312133733,,,,False
에이스빌주택,2001,2.3,36.3304537897955,127.374529576484,대전광역시 서구 변동 74-56,30170312133734,,,,False
대웅빌라A동,2003,2.3,36.33013001608335,127.37410488188024,대전광역시 서구 변동 74-74,30170312133735,,,,False
봉산빌라B동,2000,2.3,36.330217151144,127.37439107531534,대전광역시 서구 변동 74-82,30170312133736,,,,False
대웅빌라(B동),2003,2.3,36.33005229698945,127.37429218369364,대전광역시 서구 변동 74-84,30170312133737,,,,False
(77-19),1989,2.3,36.3294722894825,127.37226803958836,대전광역시 서구 변동 77-19,30170312133738,,,,False
우미팰리스,2017,2.3,36.32912888075347,127.3721821116375,대전광역시 서구 변동 77-32,30170320356356,,,,False
성우,1989,2.3,36.32849521677823,127.37207609137998,대전광역시 서구 변동 80-20,30170312133739,A10028004,,"관리사무소, 노인정, 주민공동시설, 어린이놀이터",False
우성빌라,1990,2.3,36.32815201222492,127.37168117417312,대전광역시 서구 변동 81-1,30170312133740,,,,False
성우아트빌라,1995,2.3,36.32843145070849,127.37102651588238,대전광역시 서구 변동 81-5,30170312133741,,,,False
청암빌라,1994,2.3,36.32785331880381,127.3716739861651,대전광역시 서구 변동 81-12,30170312133742,,,,False
대영빌라,1994,2.3,36.32968553331433,127.37026541296724,대전광역시 서구 변동 251-3,30170312133743,,,,False
장수빌라,1989,2.3,36.328487802615456,127.36748491635214,대전광역시 서구 변동 252-67,30170312133744,,,,False
미림빌라,1989,2.3,36.32854885949065,127.36763317987008,대전광역시 서구 변동 252-68,30170312133745,,,,False
태평빌라,1990,2.3,36.32858799959676,127.36779418878612,대전광역시 서구 변동 252-69,30170312133746,,,,False
삼양,1991,2.3,36.32854840945333,127.36827714319044,대전광역시 서구 변동 252-72,30170312133747,,,,False
목운수정,1990,2.3,36.32878994718601,127.36790864473852,대전광역시 서구 변동 252-76,30170312133748,,,,False
청우빌라,1991,2.3,36.32891794391338,127.36810306293776,대전광역시 서구 변동 252-80,30170312133749,,,,False
방주빌라,1993,2.3,36.32840836676476,127.36818251871554,대전광역시 서구 변동 252-113,30170312133750,,,,False
(254-131),1989,2.3,36.33325866663438,127.36771855428222,대전광역시 서구 변동 254-131,30170312133751,,,,False
(254-229),1989,2.3,36.33197093979408,127.36668852893256,대전광역시 서구 변동 254-229,30170312133752,,,,False
태형빌라,1995,2.3,36.330191207023645,127.36755133414783,대전광역시 서구 변동 254-258,30170312133753,,,,False
궁전하이츠,2000,2.3,36.33039447217096,127.36986947167672,대전광역시 서구 변동 254-331,30170312133754,,,,False
용진빌라,1991,2.3,36.32892638061367,127.36791732075623,대전광역시 서구 변동 254-412,30170312133755,,,,False
중원,1991,2.3,36.32890278618986,127.36853970022032,대전광역시 서구 변동 304-6,30170312133756,,,,False
도마스토아(15-1),1996,2.3,36.327304032938144,127.37189234303816,대전광역시 서구 도마동 15-1,30170212133767,,,,False
도마스토아(15-2),1996,2.3,36.32722063953168,127.37150570063784,대전광역시 서구 도마동 15-2,30170200442547,,,,False
성지빌라2동,1990,2.3,36.32682467262181,127.37293137262112,대전광역시 서구 도마동 16-3,30170312133768,,,,False
진보빌라107동,1991,2.3,36.32656159114215,127.37241984931376,대전광역시 서구 도마동 16-5,30170312133769,,,,False
"진보빌라102,103,105동",1990,2.3,36.32668031493172,127.37221713540026,대전광역시 서구 도마동 16-6,30170312133770,,,,False
성지빌라1동,1990,2.3,36.32681961750989,127.37307182343244,대전광역시 서구 도마동 16-43,30170312133771,,,,False
진보빌라106동,1991,2.3,36.32674326194008,127.37243509267154,대전광역시 서구 도마동 16-53,30170312133772,,,,False
진보빌라101동,1990,2.3,36.32642896647127,127.37219831423516,대전광역시 서구 도마동 16-55,30170312133773,,,,False
미래빌리지,1997,2.3,36.326436994061645,127.37197707867809,대전광역시 서구 도마동 16-59,30170312133774,,,,False
(17-28),1989,2.3,36.32755293511657,127.37362292273482,대전광역시 서구 도마동 17-28,30170312133775,,,,False
한국연립,1985,2.3,36.32736720827714,127.37489024804782,대전광역시 서구 도마동 17-49,30170312133777,,,,False
푸루내리,2006,2.3,36.32522873868949,127.37405999223476,대전광역시 서구 도마동 19-45,30170120057183,,,,False
산들에,2012,2.3,36.325516519801496,127.37277525831576,대전광역시 서구 도마동 20-14,30170320166432,,,,False
일신그린빌라,1991,2.3,36.32627483060264,127.37157472867874,대전광역시 서구 도마동 22-1,30170312133778,,,,False
복음맨션,1989,2.3,36.32525589539282,127.37145752347338,대전광역시 서구 도마동 22-6,30170100011598,,,,False
성우,1989,2.3,36.32559409121052,127.37148267531568,대전광역시 서구 도마동 22-10,30170312133780,A10028004,,"관리사무소, 노인정, 주민공동시설, 어린이놀이터",False
(22-20),1989,2.3,36.3262389688801,127.37171570031455,대전광역시 서구 도마동 22-20,30170312133781,,,,False
세림,1989,2.3,36.324740558108815,127.3709845066724,대전광역시 서구 도마동 24-17,30170312133783,,,,False
영일빌라가동,1989,2.3,36.324972964882825,127.37104065480705,대전광역시 서구 도마동 24-40,30170312133784,,,,False
영일빌라나동,1989,2.3,36.32499265479729,127.3709239906564,대전광역시 서구 도마동 24-45,30170312133785,,,,False
영일빌라다동,1989,2.3,36.32499620245022,127.3707975996754,대전광역시 서구 도마동 24-46,30170312133786,,,,False
한양빌라,1991,2.3,36.32363368524009,127.37214100975228,대전광역시 서구 도마동 29-1,30170312133790,,,,False
협신빌라,1991,2.3,36.32416304228687,127.37247106590196,대전광역시 서구 도마동 31-12,30170312133791,,,,False
(31-46),1990,2.3,36.32395219531079,127.37246210965267,대전광역시 서구 도마동 31-46,30170312133792,,,,False
삼우빌라,1992,2.3,36.32423849916988,127.37343242314572,대전광역시 서구 도마동 33-12,30170312133793,,,,False
영일나동,1991,2.3,36.324072191700125,127.37346939487068,대전광역시 서구 도마동 33-40,30170312133794,,,,False
영일가동,1990,2.3,36.32394476621253,127.37346369912348,대전광역시 서구 도마동 33-41,30170312133795,,,,False
삼경빌라,1991,2.3,36.32330528193639,127.3741475658412,대전광역시 서구 도마동 35-11,30170312133796,,,,False
승진하이츠,2014,2.3,36.32395995449089,127.37436346559537,대전광역시 서구 도마동 37-4,30170320304175,,,,False
삼정하이츠(38),1986,2.3,36.32405901757672,127.37486565558392,대전광역시 서구 도마동 38,30170100011601,A10021902,0.0,None,False
희망플러스,2002,2.3,36.32202779936036,127.37396133888392,대전광역시 서구 도마동 40-6,30170312133798,,,,False
현대빌라,1980,2.3,36.32186657645197,127.375479004307,대전광역시 서구 도마동 41-18,30170312133799,,,,False
부광아트빌라,1995,2.3,36.32082421926651,127.37622166189712,대전광역시 서구 도마동 43-6,30170312133800,,,,False
용진주택,1990,2.3,36.32096784649842,127.37613945532622,대전광역시 서구 도마동 43-43,30170312133801,,,,False
(45-3),1988,2.3,36.32131201302212,127.37479827479694,대전광역시 서구 도마동 45-3,30170312133802,,,,False
쌍용빌라나동,1994,2.3,36.32171491635291,127.37418730545724,대전광역시 서구 도마동 46-1,30170312133803,,,,False
쌍용빌라가동,1994,2.3,36.321650461162506,127.3743152195601,대전광역시 서구 도마동 46-45,30170312133804,,,,False
약수빌라,1981,2.3,36.32165691118953,127.37320646844688,대전광역시 서구 도마동 47-12,30170312133805,,,,False
중원빌라,1989,2.3,36.32217597019586,127.37139770099569,대전광역시 서구 도마동 50-4,30170312133807,,,,False
남양주택(51-9),1987,2.3,36.321718506098144,127.37178510952693,대전광역시 서구 도마동 51-9,30170312133808,,,,False
신한빌라,1991,2.3,36.320504474891166,127.3716743810257,대전광역시 서구 도마동 52-14,30170312133811,,,,False
세종빌3,2019,2.3,36.32032162387365,127.37202534367408,대전광역시 서구 도마동 52-18,30170320395984,,,,False
(53-37),1987,2.3,36.31995613085526,127.37236481057664,대전광역시 서구 도마동 53-37,30170312133812,,,,False
인성빌라,1991,2.3,36.31962682207899,127.37320998033177,대전광역시 서구 도마동 60-6,30170312133813,,,,False
대림(62-1),1982,2.3,36.320294242524895,127.37482098859826,대전광역시 서구 도마동 62-1,30170312133814,A12283603,157.0,"관리사무소, 노인정, 어린이놀이터, 휴게시설",Needs Review
에코빌,2022,2.7 (검증필요),36.32047696057434,127.37540246354452,대전광역시 서구 도마동 63-1,30170320432874,,,,False
삼창,1988,2.3,36.32020296790112,127.37516658153794,대전광역시 서구 도마동 63-6,30170100011603,,,,False
신한빌라(63-15),1992,2.3,36.32033511511207,127.3755653819534,대전광역시 서구 도마동 63-15,30170312133816,,,,False
궁전빌리지,1997,2.3,36.319583578510176,127.37637479111967,대전광역시 서구 도마동 64-6,30170312133817,,,,False
(64-8),1981,2.3,36.31971022119068,127.37599598276216,대전광역시 서구 도마동 64-8,30170312133818,,,,False
수정빌라,1996,2.3,36.31987856547268,127.37584303181596,대전광역시 서구 도마동 64-9,30170312133819,,,,False
트윈빌B동,2003,2.3,36.3204151405412,127.37583533827215,대전광역시 서구 도마동 64-10,30170312133820,,,,False
트윈빌A동,2003,2.3,36.320429303283966,127.37603911897916,대전광역시 서구 도마동 64-11,30170312133821,,,,False
그린빌라,1988,2.3,36.31984614542812,127.3760463579542,대전광역시 서구 도마동 64-12,30170312133822,A15271602,0.0,"관리사무소, 노인정, 보육시설, 문고, 주민공동시설, 어린이놀이터, 휴게시설, 유치원, 커뮤니티공간, 자전거보관소, 기타",False
무지개1동,1982,2.3,36.319545106328114,127.37578981538392,대전광역시 서구 도마동 64-16,30170312133823,,,,False
무지개2동,1982,2.3,36.31970368157802,127.3757909498384,대전광역시 서구 도마동 64-21,30170312133824,,,,False
"트윈빌C,D동",2004,2.3,36.32021575832557,127.37592831764414,대전광역시 서구 도마동 64-57,30170312133825,,,,False
"트윈빌E,F동",2004,2.3,36.32008388374832,127.37592194791266,대전광역시 서구 도마동 64-58,30170312133826,,,,False
서림,1980,2.3,36.31968268649751,127.3781906859826,대전광역시 서구 도마동 66-28,30170212133827,A10021434,22.0,"관리사무소, 어린이놀이터, 휴게시설, 자전거보관소",Needs Review
대건,1981,2.3,36.32138201823705,127.37677399500885,대전광역시 서구 도마동 68-1,30170212133828,A60474204,0.0,"관리사무소, 노인정, 어린이놀이터",False
에이스빌라A동,2002,2.3,36.32092701352849,127.37660523413902,대전광역시 서구 도마동 68-3,30170312133829,,,,False
에이스빌라B동,2002,2.3,36.32080982136671,127.3765992135761,대전광역시 서구 도마동 68-28,30170312133830,,,,False
삼정하이츠(69-4),1992,2.3,36.3221647242287,127.3769353206437,대전광역시 서구 도마동 69-4,30170100011602,A10021902,0.0,None,False
스카이빌,2016,2.3,36.32196688000065,127.37863667073134,대전광역시 서구 도마동 70-1,30170320345263,A10021581,49.0,"관리사무소, 자전거보관소, 기타",Needs Review
화이트빌,2006,2.3,36.32162771987903,127.37867872872424,대전광역시 서구 도마동 70-24,30170320057184,A46381002,436.0,"관리사무소, 노인정, 어린이놀이터, 휴게시설, 자전거보관소",Needs Review
동양행복빌라,1997,2.3,36.32095238005911,127.3783691736498,대전광역시 서구 도마동 70-35,30170312133832,,,,False
코디팰리스,2018,2.3,36.32191254294162,127.3791130558084,대전광역시 서구 도마동 74-9,30170120373606,,,,False
PENTA,2020,2.3,36.32187593994372,127.37949938416608,대전광역시 서구 도마동 74-11,30170320415429,,,,False
FRAZIUM(프라지움),2020,2.3,36.32177167395572,127.3796967579392,대전광역시 서구 도마동 74-12,30170320411604,,,,False
아리랑,1989,2.3,36.32174637655886,127.37948264558908,대전광역시 서구 도마동 74-32,30170312133833,,,,False
"신원양지빌라C,D동",1997,2.3,36.32083901567679,127.38067397013762,대전광역시 서구 도마동 77-4,30170312133834,,,,False
"신원양지빌라A,B동",1997,2.3,36.32069735734346,127.3806611653052,대전광역시 서구 도마동 77-38,30170312133835,,,,False
한남빌리지B동,2001,2.3,36.32051791918025,127.37956667251456,대전광역시 서구 도마동 79-10,30170312133836,,,,False
대덕,1980,2.3,36.32052293642653,127.37941817012468,대전광역시 서구 도마동 79-24,30170212133837,,,,False
한남빌리지D동,2001,2.3,36.32055751553733,127.37975062259952,대전광역시 서구 도마동 79-56,30170312133838,,,,False
한남빌리지C동,2001,2.3,36.32030003784633,127.37971257443216,대전광역시 서구 도마동 79-57,30170312133839,,,,False
한남빌리지A동,2001,2.3,36.32025832699582,127.37954685778844,대전광역시 서구 도마동 79-58,30170312133840,,,,False
에이스빌B동,2003,2.3,36.31972746886128,127.38017326879168,대전광역시 서구 도마동 80-1,30170312133841,,,,False
대림(80-9),1980,2.3,36.319877867378864,127.37933512934087,대전광역시 서구 도마동 80-9,30170312133842,A12283603,157.0,"관리사무소, 노인정, 어린이놀이터, 휴게시설",Needs Review
에이스빌A동,2003,2.3,36.31986445757356,127.38017374215936,대전광역시 서구 도마동 80-35,30170312133843,,,,False
(81-2),1980,2.3,36.3196110215583,127.38171655461385,대전광역시 서구 도마동 81-2,30170312133844,,,,False
대명아트빌,2000,2.3,36.32080060235005,127.38267659099957,대전광역시 서구 도마동 82-8,30170312133845,,,,False
원일,1992,2.3,36.32100293577931,127.38329275005005,대전광역시 서구 도마동 83-24,30170100555476,,,,False
(83-31),1987,2.3,36.321235548683376,127.38260249673512,대전광역시 서구 도마동 83-31,30170312133847,,,,False
대림7차,1984,2.3,36.32053927521763,127.38403819305005,대전광역시 서구 도마동 84-13,30170212133848,,,,False
필타운,2017,2.3,36.31983805231181,127.38215564171124,대전광역시 서구 도마동 85-18,30170320348488,,,,False
삼창맨션,1988,2.3,36.319720356479785,127.38271701011944,대전광역시 서구 도마동 85-19,30170100011604,,,,False
청명,1980,2.3,36.31695745900761,127.3809173188686,대전광역시 서구 도마동 87-5,30170312133850,,,,False
이화빌리지,1997,2.3,36.317106937386015,127.37949943673482,대전광역시 서구 도마동 88-15,30170312133851,,,,False
미림빌라A동,1978,2.3,36.31831621987244,127.3808878809714,대전광역시 서구 도마동 91-13,30170212133852,,,,False
삼성,1980,2.3,36.318151503501184,127.38059261409973,대전광역시 서구 도마동 91-28,30170212133853,A53035010,0.0,"노인정, 어린이놀이터",False
미림빌라B동,1978,2.3,36.31813116465743,127.38088658298572,대전광역시 서구 도마동 91-43,30170312133854,,,,False
대상아우룸(201동202동),2017,2.3,36.31834475407359,127.38177058485012,대전광역시 서구 도마동 92-4,30170320351143,,,,False
대상아우룸,2016,2.3,36.31800057158616,127.38176753182448,대전광역시 서구 도마동 92-18,30170320338885,,,,False
도마더힐,2018,2.3,36.31864607219636,127.38231295465567,대전광역시 서구 도마동 93-46,30170120381081,,,,False
반석시티2차,2020,2.3,36.319081865462685,127.37964725127942,대전광역시 서구 도마동 95-10,30170320413308,,,,False
GraceKIV,2021,2.7 (검증필요),36.31907320830592,127.37915286927074,대전광역시 서구 도마동 95-13,30170320427623,,,,False
장미주택,1978,2.3,36.31849606880937,127.37887809659438,대전광역시 서구 도마동 96-14,30170312133855,,,,False
승진하이츠Ⅱ,2020,2.3,36.31821566682005,127.37836001973596,대전광역시 서구 도마동 97-12,30170320411605,,,,False
금성백조,1982,2.3,36.31856811582992,127.37854572847294,대전광역시 서구 도마동 97-13,30170212133856,,,,False
(100-11),1981,2.3,36.31809328865688,127.37748824336524,대전광역시 서구 도마동 100-11,30170312133857,,,,False
"명성C,D동",1991,2.3,36.31741289221749,127.37700549379642,대전광역시 서구 도마동 101-5,30170312133858,,,,False
"명성A,B동",1990,2.3,36.31743806616216,127.37681808155688,대전광역시 서구 도마동 101-26,30170312133859,,,,False
은행빌라,1994,2.3,36.318070989931634,127.37665266908832,대전광역시 서구 도마동 102-21,30170312133860,,,,False
(102-42),1980,2.3,36.31768642900098,127.37640414429916,대전광역시 서구 도마동 102-42,30170312133861,,,,False
한국,1983,2.3,36.31906124758844,127.37585209286571,대전광역시 서구 도마동 103-1,30170212133862,A50183101,68.0,"관리사무소, 노인정, 어린이놀이터, 자전거보관소",Needs Review
대운,1983,2.3,36.31906234673684,127.37565357477644,대전광역시 서구 도마동 103-30,30170212133863,,,,False
(105-2),1981,2.3,36.318368273611725,127.37480600511157,대전광역시 서구 도마동 105-2,30170312133864,,,,False
삼우,1979,2.3,36.31852862918071,127.37443835292233,대전광역시 서구 도마동 105-20,30170212133865,,,,False
산성프린스A동,1990,2.3,36.31825218307006,127.37435545389452,대전광역시 서구 도마동 105-61,30170312133866,,,,False
대성,1981,2.3,36.31830976970946,127.37510839783268,대전광역시 서구 도마동 105-63,30170312133867,A10020920,,None,False
산성프린스B동,1990,2.3,36.318261612821296,127.37454000685698,대전광역시 서구 도마동 105-72,30170312133868,,,,False
배재주택,1979,2.3,36.31738757458724,127.37370972533574,대전광역시 서구 도마동 106-13,30170212133869,,,,False
영광빌라,1989,2.3,36.31820937403175,127.3728365554031,대전광역시 서구 도마동 108-9,30170312133870,,,,False
대운1동,1994,2.3,36.31785711447794,127.37259542915046,대전광역시 서구 도마동 110-3,30170312133871,,,,False
배재,1989,2.3,36.31709945192159,127.37228933532438,대전광역시 서구 도마동 110-39,30170312133873,,,,False
대운2동,1994,2.3,36.31771593791834,127.3725883908718,대전광역시 서구 도마동 110-40,30170312133874,,,,False
무궁화(113-7),1982,2.3,36.31692754317795,127.37157112598722,대전광역시 서구 도마동 113-7,30170312133875,A10021585,0.0,"관리사무소, 어린이놀이터, 자전거보관소",False
대림,1983,2.3,36.31749560185452,127.37162519167464,대전광역시 서구 도마동 113-9,30170312133876,A12283603,157.0,"관리사무소, 노인정, 어린이놀이터, 휴게시설",Needs Review
배재나동,1981,2.3,36.31590210500602,127.37211729821074,대전광역시 서구 도마동 119-6,30170312133877,,,,False
배재가동,1980,2.3,36.31574442294548,127.37210879497673,대전광역시 서구 도마동 119-11,30170312133878,,,,False
동심연립,1981,2.3,36.31577391277656,127.37251647888633,대전광역시 서구 도마동 119-13,30170312133879,,,,False
신일주택(가)5동,1979,2.3,36.31667536029431,127.37280473977388,대전광역시 서구 도마동 120-3,30170312133880,,,,False
신일주택(가)4동,1979,2.3,36.31667124393432,127.3729256806611,대전광역시 서구 도마동 120-17,30170312133881,,,,False
신일주택(가)3동,1979,2.3,36.31666716489882,127.37304614949092,대전광역시 서구 도마동 120-18,30170312133882,,,,False
신일주택(가)2동,1979,2.3,36.31666309161929,127.3731680351912,대전광역시 서구 도마동 120-19,30170312133883,,,,False
신일주택(가)1동,1979,2.3,36.31665905476872,127.37329013971464,대전광역시 서구 도마동 120-20,30170312133884,,,,False
신일주택(나),1979,2.3,36.3164830184468,127.3730388842384,대전광역시 서구 도마동 120-21,30170312133885,,,,False
대동빌라,1997,2.3,36.31630231992111,127.37383073477665,대전광역시 서구 도마동 121-16,30170312133887,,,,False
목련(123-2),1979,2.3,36.31633955055466,127.37591323849789,대전광역시 서구 도마동 123-2,30170312133888,A30212006,993.0,"관리사무소, 노인정, 어린이놀이터",Needs Review
서구,1980,2.3,36.31623716840031,127.3754837029074,대전광역시 서구 도마동 123-22,30170312133889,,,,False
호연아우룸,2020,2.3,36.31692658001552,127.37501582517402,대전광역시 서구 도마동 124-9,30170320413228,,,,False
(124-26),1979,2.3,36.31680502367425,127.375715202961,대전광역시 서구 도마동 124-26,30170312133890,,,,False
성우2동,1990,2.3,36.31672374428156,127.3774435648928,대전광역시 서구 도마동 125-5,30170312133892,,,,False
대림(126-13),1981,2.3,36.31638311219544,127.37696581217092,대전광역시 서구 도마동 126-13,30170312133893,A12283603,157.0,"관리사무소, 노인정, 어린이놀이터, 휴게시설",Needs Review
야베스빌,2007,2.3,36.31622321378269,127.37788634340812,대전광역시 서구 도마동 127-12,30170320086113,,,,False
금강,1980,2.3,36.31593149927309,127.3799473444771,대전광역시 서구 도마동 130-7,30170312133896,A10021670,123.0,None,Needs Review
청운A동,1982,2.3,36.31549959989762,127.38124227962824,대전광역시 서구 도마동 134-99,30170212133898,,,,False
은혜빌라,1993,2.3,36.31509250928383,127.3817133289438,대전광역시 서구 도마동 134-101,30170312133899,,,,False
청운B동,1982,2.3,36.31551336432801,127.38147915394376,대전광역시 서구 도마동 134-131,30170212133901,,,,False
태성빌,2013,2.3,36.314086220975454,127.3805213950854,대전광역시 서구 도마동 142-9,30170320181042,,,,False
신원빌,2013,2.3,36.31417410845388,127.38036662243954,대전광역시 서구 도마동 142-10,30170320182224,,,,False
대림B동,1980,2.3,36.31484386206128,127.38098637839414,대전광역시 서구 도마동 143-2,30170212133903,,,,False
대림A동,1980,2.3,36.314783677060426,127.38112887967434,대전광역시 서구 도마동 143-32,30170212133904,,,,False
복음하이츠,1988,2.3,36.31527649095679,127.38021172173023,대전광역시 서구 도마동 144-5,30170100011599,,,,False
대도,1979,2.3,36.31403737376224,127.37509872592696,대전광역시 서구 도마동 152-8,30170312133916,A10020990,,None,False
미림주택,1994,2.3,36.31442730934698,127.374637698556,대전광역시 서구 도마동 152-39,30170212133917,,,,False
대명아트빌(도솔로50),2020,2.3,36.31499741432698,127.37367240551696,대전광역시 서구 도마동 153-10,30170320410738,,,,False
푸른맨션,1979,2.3,36.31458361423606,127.3738219669438,대전광역시 서구 도마동 154-9,30170212133918,,,,False
태양빌,2004,2.3,36.31466394843736,127.37199422905977,대전광역시 서구 도마동 156-1,30170318233200,,,,False
양지,1979,2.3,36.31436049913489,127.373493630927,대전광역시 서구 도마동 156-50,30170212133919,,,,False
로즈아트빌라,2001,2.3,36.31540292601224,127.3723403676504,대전광역시 서구 도마동 157-29,30170312133920,,,,False
유창빌라B동,1990,2.3,36.31485272549635,127.37102765889816,대전광역시 서구 도마동 159-2,30170312133921,,,,False
도마빌라,1989,2.3,36.31465829003308,127.37109229575086,대전광역시 서구 도마동 159-3,30170212133922,,,,False
유창빌라A동,1990,2.3,36.314830405167626,127.37117586629546,대전광역시 서구 도마동 159-12,30170312133923,,,,False
태양빌리지A동,1997,2.3,36.31391840535299,127.37098687839976,대전광역시 서구 도마동 160-2,30170312133924,,,,False
유진쉐르빌,2019,2.3,36.31329500660836,127.37102301510672,대전광역시 서구 도마동 160-4,30170320385079,,,,False
태양빌리지B동,1997,2.3,36.31386771251207,127.37113387453796,대전광역시 서구 도마동 160-16,30170312133925,,,,False
행복한빌라,1981,2.3,36.311923955229794,127.37389060069744,대전광역시 서구 도마동 163-7,30170312133926,,,,False
중도,1980,2.3,36.311431170751945,127.37464307511569,대전광역시 서구 도마동 164-16,30170312133927,,,,False
목련,1991,2.3,36.31331768905756,127.37433248225403,대전광역시 서구 도마동 164-37,30170312133928,A30212006,993.0,"관리사무소, 노인정, 어린이놀이터",Needs Review
(164-67),1989,2.3,36.31189236494977,127.3749785300063,대전광역시 서구 도마동 164-67,30170312133929,,,,False
삼보B동,1993,2.3,36.31371457122332,127.37633310827964,대전광역시 서구 도마동 167-1,30170312133930,,,,False
대진빌라3동,1993,2.3,36.31352734129476,127.37562597796608,대전광역시 서구 도마동 167-7,30170312133931,,,,False
쌍용빌라,1993,2.3,36.31374285333132,127.37651214468488,대전광역시 서구 도마동 167-27,30170312133932,,,,False
삼부빌라,1994,2.3,36.31361084834229,127.37654367145484,대전광역시 서구 도마동 167-28,30170312133933,,,,False
삼보A동,1993,2.3,36.31367242514808,127.37618928878332,대전광역시 서구 도마동 167-49,30170312133934,,,,False
유천빌라,1990,2.3,36.31295005094977,127.37561956029585,대전광역시 서구 도마동 167-55,30170312133935,,,,False
대진빌라1동,1993,2.3,36.313582119436745,127.37585050240574,대전광역시 서구 도마동 167-58,30170312133936,,,,False
성산아트빌라,1994,2.3,36.31359514750605,127.37600939504784,대전광역시 서구 도마동 167-59,30170312133937,,,,False
대진빌라2동,1993,2.3,36.31354722114884,127.37571533718028,대전광역시 서구 도마동 167-61,30170312133938,,,,False
희망빌라,1991,2.3,36.31281488941886,127.3760873109886,대전광역시 서구 도마동 168-9,30170312133939,,,,False
제일빌라,1990,2.3,36.31278967114916,127.37596658452586,대전광역시 서구 도마동 168-11,30170312133940,,,,False
성우3빌라,1991,2.3,36.3127528594234,127.37567226666938,대전광역시 서구 도마동 168-14,30170312133941,,,,False
(168-31),1989,2.3,36.312938870681336,127.37641134417264,대전광역시 서구 도마동 168-31,30170312133942,,,,False
대진로얄,1992,2.3,36.31269940681477,127.37553645520116,대전광역시 서구 도마동 168-40,30170312133944,A10021454,0.0,"관리사무소, 자전거보관소",False
써머스빌,2005,2.3,36.31257812135117,127.37978074191084,대전광역시 서구 도마동 173-1,30170120020622,,,,False
솔리움VI,2018,2.3,36.31227828573128,127.38044427796386,대전광역시 서구 도마동 174-2,30170320383019,,,,False
효성타운,1997,2.3,36.31050332251221,127.38327436750642,대전광역시 서구 도마동 180-2,30170100011607,A70575102,0.0,"관리사무소, 노인정, 어린이놀이터, 기타",False
글래드스톤,2020,2.3,36.31141447625439,127.38304593307132,대전광역시 서구 도마동 180-9,30170120402757,A10021240,,None,False
대신주택,1980,2.3,36.311957183507175,127.37954311567356,대전광역시 서구 도마동 184-1,30170312133956,,,,False
(184-7),1979,2.3,36.31193237822311,127.3793920521046,대전광역시 서구 도마동 184-7,30170312133957,,,,False
(184-14),1981,2.3,36.311976779355845,127.37971758947415,대전광역시 서구 도마동 184-14,30170312133958,,,,False
잉꼬빌라,1990,2.3,36.31194143921917,127.3787989564896,대전광역시 서구 도마동 185-28,30170312133959,,,,False
신원주택,1984,2.3,36.311587295125136,127.375700671124,대전광역시 서구 도마동 190-7,30170212133960,,,,False
대명빌라,2003,2.3,36.31105513493604,127.37312632635124,대전광역시 서구 도마동 191-8,30170312133961,,,,False
"대운빌라A,B동",1996,2.3,36.31104170488096,127.37279075669302,대전광역시 서구 도마동 191-13,30170312133962,,,,False
대운빌라1동,1996,2.3,36.31105745079701,127.37297050828909,대전광역시 서구 도마동 191-15,30170312133963,,,,False
대운빌라2동,1996,2.3,36.31110067111162,127.372611634742,대전광역시 서구 도마동 191-17,30170312133964,,,,False
도원빌(192-2),2019,2.3,36.31235172919207,127.37189841284128,대전광역시 서구 도마동 192-2,30170320396156,,,,False
신성빌라,1995,2.3,36.3124621157147,127.37177064705092,대전광역시 서구 도마동 192-5,30170312133965,,,,False
경남4차,1990,2.3,36.323371659890746,127.36947507273295,대전광역시 서구 도마동 193,30170100011593,,,,False
경남1차,1984,2.3,36.321565371332895,127.37048491216228,대전광역시 서구 도마동 205,30170100011590,,,,False
경남2차,1986,2.3,36.32178148634915,127.3690056752082,대전광역시 서구 도마동 211,30170100011591,,,,False
경남5차,1990,2.3,36.32051529063942,127.3696629796116,대전광역시 서구 도마동 214,30170100011594,,,,False
(312-77),1981,2.3,36.31221057164545,127.37207947249752,대전광역시 서구 도마동 312-77,30170312133970,,,,False
녹산빌라마동,1995,2.3,36.312903713347104,127.37063141506816,대전광역시 서구 도마동 312-183,30170312133971,,,,False
녹산빌라라동,1994,2.3,36.3128988432678,127.37078260694778,대전광역시 서구 도마동 312-190,30170312133972,,,,False
녹산빌라다동,1994,2.3,36.31287824679417,127.37094395891587,대전광역시 서구 도마동 312-191,30170312133973,,,,False
"녹산빌라가,나동",1994,2.3,36.31271549578869,127.37078885570824,대전광역시 서구 도마동 312-193,30170312133974,,,,False
삼육빌라,1992,2.3,36.314418378171474,127.37080128296007,대전광역시 서구 도마동 316-1,30170312133975,,,,False
태령빌라,1992,2.3,36.31329578033582,127.37079580102888,대전광역시 서구 도마동 317-23,30170312133976,,,,False
호광빌라,1992,2.3,36.31295770129471,127.37038323362658,대전광역시 서구 도마동 317-32,30170312133977,,,,False
삼원,1986,2.3,36.314091517510526,127.37007421267926,대전광역시 서구 도마동 317-44,30170100011600,,,,False
솔밭빌라,1991,2.3,36.3137157194688,127.3695682432703,대전광역시 서구 도마동 317-74,30170312133979,,,,False
광산주택,2003,2.3,36.313992179067725,127.36967974421268,대전광역시 서구 도마동 317-97,30170312133980,,,,False
한움빌리지A동,1998,2.3,36.31487157497575,127.37082431480692,대전광역시 서구 도마동 320-3,30170312133981,,,,False
한움빌리지B동,1998,2.3,36.31472330769343,127.37081675076034,대전광역시 서구 도마동 320-4,30170312133982,,,,False
럭키도마,1984,2.3,36.31670798702748,127.36888277438852,대전광역시 서구 도마동 328-4,30170100011596,A10021729,0.0,"관리사무소, 노인정, 어린이놀이터, 자전거보관소",False
성신,1979,2.3,36.31702961954291,127.37063867473232,대전광역시 서구 도마동 334-2,30170212133985,,,,False
무궁화가동,1981,2.3,36.31675396426498,127.37088211220951,대전광역시 서구 도마동 334-11,30170312133986,,,,False
무궁화나동,1981,2.3,36.31655512180416,127.3710335604876,대전광역시 서구 도마동 334-16,30170312133987,,,,False
대부공원맨션(335-10),1994,2.3,36.31609677507415,127.3702091570945,대전광역시 서구 도마동 335-10,30170312133988,,,,False
대부공원맨션(335-11),1994,2.3,36.31614001597521,127.37038527418858,대전광역시 서구 도마동 335-11,30170312133989,,,,False
계룡파크빌,2004,2.3,36.3153335146431,127.37107235048542,대전광역시 서구 도마동 335-35,30170100448936,,,,False
복음로얄,1991,2.3,36.31868539271802,127.37088058289724,대전광역시 서구 도마동 359-10,30170100011597,A30276305,44.0,"관리사무소, 노인정, 어린이놀이터, 자전거보관소",Needs Review
양지타운,1992,2.3,36.31873276515337,127.3683681748564,대전광역시 서구 도마동 359-20,30170100011605,A30276304,213.0,"관리사무소, 노인정, 어린이놀이터, 자전거보관소",Needs Review
대아,1992,2.3,36.32489673798088,127.3692024108076,대전광역시 서구 도마동 409-9,30170100011595,A50182801,22.0,"관리사무소, 노인정, 어린이놀이터, 자전거보관소, 기타",Needs Review
대륙청운맨션,1993,2.3,36.32317293624629,127.368073863396,대전광역시 서구 도마동 429-2,30170100011606,,,,False
이지아트빌,2004,2.3,36.31276991841701,127.36947332243764,대전광역시 서구 도마동 550-1,30170318234480,,,,False
현대그린하우스,2020,2.3,36.31120283863362,127.36936108034988,대전광역시 서구 도마동 557-9,30170320410887,,,,False
프라임빌,2021,2.7 (검증필요),36.31118912468959,127.3691491500137,대전광역시 서구 도마동 558-4,30170320416358,,,,False
대명빌라(558-9),1995,2.3,36.31178858342736,127.36929651100982,대전광역시 서구 도마동 558-9,30170312134045,,,,False
창성빌라,1994,2.3,36.31175724775065,127.36878816453016,대전광역시 서구 도마동 559-12,30170312134039,,,,False
제일빌라(560-10),1992,2.3,36.31061759424741,127.36925298475398,대전광역시 서구 도마동 560-10,30170312134040,,,,False
신원양지빌라(226-223),1999,2.3,36.31062642893978,127.36939662500788,대전광역시 서구 도마동 560-11,30170312134041,,,,False
신원양지빌라(226-225),1998,2.3,36.310636940488365,127.36959801391016,대전광역시 서구 도마동 560-12,30170312134042,,,,False
대덕빌라,1979,2.3,36.31086144284289,127.37190911023691,대전광역시 서구 도마동 564-6,30170212134032,,,,False
가원아트빌라,1992,2.3,36.31084396362156,127.37127738390048,대전광역시 서구 도마동 564-10,30170312134030,,,,False
(226-93),1986,2.3,36.31084660318472,127.37114694926714,대전광역시 서구 도마동 564-11,30170312134034,,,,False
한밭빌라C동,1990,2.3,36.310615690677565,127.37008037472486,대전광역시 서구 도마동 565-2,30170312134038,,,,False
한밭빌라B동,1990,2.3,36.31061665406905,127.37023586726082,대전광역시 서구 도마동 565-3,30170312134037,,,,False
한밭빌라A동,1990,2.3,36.31057047630746,127.37039530278604,대전광역시 서구 도마동 565-4,30170312134036,,,,False
임광하이츠105동,1995,2.3,36.31060907887421,127.37120453779032,대전광역시 서구 도마동 565-13,30170312134031,,,,False
임광하이츠103동,1995,2.3,36.31062524419716,127.3713632007828,대전광역시 서구 도마동 565-14,30170312134035,,,,False
임광하이츠102동,1995,2.3,36.310625536522856,127.37151609858368,대전광역시 서구 도마동 565-15,30170312134043,,,,False
임광하이츠101동,1995,2.3,36.31057300486803,127.3716678405932,대전광역시 서구 도마동 565-16,30170312134044,,,,False
정림(565-25),1980,2.3,36.31039612255073,127.3721174220454,대전광역시 서구 도마동 565-25,30170212134033,A10021545,66.0,"관리사무소, 노인정, 어린이놀이터",Needs Review
(565-57),2020,2.3,36.31025078559827,127.37130154682114,대전광역시 서구 도마동 565-57,30170320399862,,,,False
아토빌라,2020,2.3,36.318200181571456,127.37694495031724,대전광역시 서구 도마동 568,30170320400304,,,,False
어번던스힐,2020,2.3,36.32791828452885,127.37384667503346,대전광역시 서구 도마동 570,30170120400103,,,,False
리치캐슬3차(B동),2020,2.3,36.31861425789842,127.37398508673732,대전광역시 서구 도마동 571,30170320413406,,,,False
리치캐슬3차(A동),2020,2.3,36.31856848463711,127.37413585094428,대전광역시 서구 도마동 572,30170320413407,,,,False
리치캐슬2차(1동),2020,2.3,36.31916481945885,127.37317000316376,대전광역시 서구 도마동 573,30170320413408,,,,False
리치캐슬2차(2동),2020,2.3,36.31916288995737,127.37329472789249,대전광역시 서구 도마동 574,30170320413409,,,,False
리치캐슬1차(1동),2020,2.3,36.31888409421664,127.37456692459423,대전광역시 서구 도마동 575,30170320414677,,,,False
리치캐슬1차(2동),2020,2.3,36.3187493154997,127.37456731493783,대전광역시 서구 도마동 576,30170320414678,,,,False
아토빌2차,2020,2.3,36.31858480853066,127.3756640442396,대전광역시 서구 도마동 577,30170320413582,,,,False
도마동EM주택,2020,2.3,36.31845008941748,127.3756575317081,대전광역시 서구 도마동 578,30170320413583,,,,False
아토빌3차,2020,2.3,36.31688027846074,127.37486554592252,대전광역시 서구 도마동 579,30170320415196,,,,False
(124-17),2020,2.3,36.31676360815946,127.37491056747788,대전광역시 서구 도마동 580,30170320415197,,,,False
도마e편한세상포레나,2022,2.7 (검증필요),36.31309016065961,127.38342776946214,대전광역시 서구 도마동 584,30170120438408,A10023716,2303.0,"관리사무소, 노인정, 보육시설, 문고, 주민공동시설, 어린이놀이터, 휴게시설, 유치원, 커뮤니티공간, 자전거보관소",True
장미빌라,1989,2.3,36.30915315346455,127.36719125751056,대전광역시 서구 정림동 5-32,30170312133996,,,,False
비전타운B동,2000,2.3,36.30851820219183,127.36869473087492,대전광역시 서구 정림동 6-2,30170312133997,,,,False
삼원빌라4동,1993,2.3,36.30794364918401,127.3692869673439,대전광역시 서구 정림동 6-8,30170212133998,,,,False
삼원빌라1동,1991,2.3,36.308277282833416,127.3687985769948,대전광역시 서구 정림동 6-16,30170312133999,,,,False
삼원빌라3동,1991,2.3,36.3083344450834,127.36896697238198,대전광역시 서구 정림동 6-17,30170312134000,,,,False
삼원빌라7동,1994,2.3,36.30824085059157,127.36918926142438,대전광역시 서구 정림동 6-20,30170212134001,,,,False
삼원빌라2동,1991,2.3,36.30813365303224,127.36887233972304,대전광역시 서구 정림동 6-22,30170312134002,,,,False
삼원빌라5동,1993,2.3,36.30806961543749,127.36872371132904,대전광역시 서구 정림동 6-23,30170312134003,,,,False
비전타운A동,2000,2.3,36.30849252942189,127.36852080727368,대전광역시 서구 정림동 6-27,30170312134004,,,,False
라온빌라,2021,2.7 (검증필요),36.307939353542174,127.3664875191523,대전광역시 서구 정림동 13-6,30170320430860,,,,False
신일빌라A동,1991,2.3,36.30755561609716,127.36809711806276,대전광역시 서구 정림동 18-6,30170312134005,,,,False
신일빌라B동,1991,2.3,36.30744243053197,127.36815518818447,대전광역시 서구 정림동 18-30,30170312134006,,,,False
명진로얄,1991,2.3,36.30269343689696,127.36926537678336,대전광역시 서구 정림동 27-8,30170312134007,,,,False
세운빌라A동,1995,2.3,36.30287241173694,127.36951932665684,대전광역시 서구 정림동 27-14,30170312134008,,,,False
세운빌라B동,1995,2.3,36.30280291807997,127.36962925763832,대전광역시 서구 정림동 27-15,30170312134009,,,,False
평화빌라,2016,2.3,36.30221355516002,127.36857343992476,대전광역시 서구 정림동 28-5,30170320339493,,,,False
동신빌라AB동,1994,2.3,36.3022002671878,127.36783334653468,대전광역시 서구 정림동 118-2,30170312134010,,,,False
동신빌라다동,1993,2.3,36.30240862789661,127.36794935326728,대전광역시 서구 정림동 118-24,30170312134011,,,,False
"동신빌라가,나동",1993,2.3,36.302109775840265,127.36797246023194,대전광역시 서구 정림동 118-26,30170312134012,,,,False
공영빌라,1990,2.3,36.30697919847879,127.36668353344022,대전광역시 서구 정림동 123-4,30170312134013,,,,False
우정빌라가동,1990,2.3,36.30714575585512,127.36689220848824,대전광역시 서구 정림동 123-14,30170312134014,,,,False
우정빌라나동,1990,2.3,36.30708064655265,127.36698022371264,대전광역시 서구 정림동 123-32,30170312134015,,,,False
정든,1999,2.3,36.30650148053873,127.3672778058532,대전광역시 서구 정림동 124-4,30170100219562,A10020106,93.0,"관리사무소, 노인정, 어린이놀이터, 휴게시설, 자전거보관소, 기타",Needs Review
대미리치빌2차(102동),2012,2.3,36.30508113462572,127.36782886592088,대전광역시 서구 정림동 126-38,30170120151691,,,,False
우성빌라다동,1989,2.3,36.30488333449933,127.369030809549,대전광역시 서구 정림동 128-3,30170312134017,,,,False
영신빌라,2001,2.3,36.304549840151424,127.36909311886043,대전광역시 서구 정림동 128-4,30170312134018,,,,False
한아름빌라,1989,2.3,36.30516614058325,127.36896659128531,대전광역시 서구 정림동 128-6,30170312134019,,,,False
우성빌라나동,1989,2.3,36.3047655530999,127.36905756221456,대전광역시 서구 정림동 128-12,30170312134020,,,,False
우성빌라가동,1989,2.3,36.30464836842367,127.36908418778732,대전광역시 서구 정림동 128-14,30170312134021,,,,False
구산,1994,2.3,36.30473265884022,127.36875425268993,대전광역시 서구 정림동 129-3,30170212134022,,,,False
정림빌라,1990,2.3,36.30427255802584,127.36886291917936,대전광역시 서구 정림동 129-25,30170312134023,,,,False
성진빌라,1999,2.3,36.30437542052874,127.36786753387892,대전광역시 서구 정림동 131-22,30170312134024,,,,False
청림,1981,2.3,36.304166961476014,127.3682758153456,대전광역시 서구 정림동 131-32,30170312134025,,,,False
세원빌리지(가동),2000,2.3,36.30409366150491,127.36759794437512,대전광역시 서구 정림동 162-26,30170312134026,,,,False
세원빌리지(나동),2000,2.3,36.303962789537465,127.36763258783498,대전광역시 서구 정림동 162-38,30170312134027,,,,False
대미리치빌(101동),2011,2.3,36.30336490319255,127.36818654132686,대전광역시 서구 정림동 197-5,30170120146018,A30172202,147.0,"관리사무소, 노인정, 주민공동시설, 자전거보관소",Needs Review
유일빌라,1991,2.3,36.30373188695528,127.36854800360368,대전광역시 서구 정림동 197-11,30170312134028,,,,False
리치빌103동,2012,2.3,36.30347879993914,127.36884099962636,대전광역시 서구 정림동 197-14,30170220163574,,,,False
도솔타운101동,2014,2.3,36.31202611903183,127.36821873877204,대전광역시 서구 정림동 228,30170320301791,,,,False
"도솔타운301동,302동",2014,2.3,36.31165513717306,127.36802203851737,대전광역시 서구 정림동 229,30170320291978,,,,False
삼정하이츠,1992,2.3,36.29811978828012,127.36340299782204,대전광역시 서구 정림동 290-1,30170100011611,A10021902,0.0,None,False
"도솔타운201동,202동,203동",2016,2.3,36.31192792418703,127.36796862069905,대전광역시 서구 정림동 307,30170320336508,,,,False
정림,1988,2.3,36.30585169542613,127.36180001815328,대전광역시 서구 정림동 409,30170100011613,A10021545,66.0,"관리사무소, 노인정, 어린이놀이터",Needs Review
드림애3차,2017,2.3,36.30529488079352,127.36211614449152,대전광역시 서구 정림동 421,30170320348103,,,,False
드림애2차,2015,2.3,36.30504601895173,127.36233614065812,대전광역시 서구 정림동 422,30170320313694,,,,False
드림애,2014,2.3,36.30626874310512,127.36256037205784,대전광역시 서구 정림동 582,30170320284994,,,,False
우성,1993,2.3,36.30489770187695,127.3641903307377,대전광역시 서구 정림동 584,30170100011612,A54026002,92.0,None,Needs Review
강변들보람,1996,2.3,36.30121391695653,127.36453310095322,대전광역시 서구 정림동 641,30170100011609,A30285604,244.0,"관리사무소, 노인정, 보육시설, 어린이놀이터, 자전거보관소, 기타",Needs Review
늘푸른,1996,2.3,36.30143886732471,127.36572842798056,대전광역시 서구 정림동 641-1,30170100011614,A30183101,130.0,"관리사무소, 노인정, 어린이놀이터, 자전거보관소",Needs Review
백목련,1992,2.3,36.29986883839343,127.36494520497936,대전광역시 서구 정림동 642,30170100011610,A30277003,0.0,"관리사무소, 노인정, 어린이놀이터, 자전거보관소",False
강변들금성백조,1996,2.3,36.30041382703253,127.36610840658972,대전광역시 서구 정림동 683,30170100011608,,,,False
서원그린빌라,1997,2.3,36.29924129101679,127.36393873067443,대전광역시 서구 정림동 695,30170312134053,,,,False
평화로운아파트,2016,2.3,36.30190408402097,127.3683869298756,대전광역시 서구 정림동 717,30170120334178,A30676004,142.0,"관리사무소, 노인정, 어린이놀이터, 자전거보관소, 기타",Needs Review
현대에코타운,2019,2.3,36.34209686999631,127.39956489109912,대전광역시 서구 용문동 213-6,30170120392062,,,,False
동양아트빌라A동,1994,2.3,36.342485937294576,127.39996509238163,대전광역시 서구 용문동 213-16,30170312134060,,,,False
동양아트빌라B동,1994,2.3,36.34241022601015,127.4000568954641,대전광역시 서구 용문동 213-28,30170312134061,,,,False
리버빌(214-19),2022,2.7 (검증필요),36.343015910664704,127.40075700160396,대전광역시 서구 용문동 214-19,30170320437282,,,,False
대동빌라A동,1995,2.3,36.34297495476892,127.40151701281376,대전광역시 서구 용문동 215-3,30170312134062,,,,False
소망,1981,2.3,36.34231875392102,127.40148875294,대전광역시 서구 용문동 215-7,30170312134063,,,,False
대동빌라B동,1996,2.3,36.342879636016285,127.40151297071208,대전광역시 서구 용문동 215-27,30170312134064,,,,False
대광빌라B동,1994,2.3,36.34162730145454,127.40144436533352,대전광역시 서구 용문동 216-3,30170312134065,,,,False
다솜,1997,2.3,36.34151461218985,127.40117262273864,대전광역시 서구 용문동 216-10,30170100011619,A46779111,126.0,"관리사무소, 노인정, 보육시설, 어린이놀이터, 자전거보관소",Needs Review
대광빌라A동,1994,2.3,36.341510792374166,127.40143275873824,대전광역시 서구 용문동 216-36,30170312134067,,,,False
계룡빌라,1991,2.3,36.34125204952042,127.40083623629084,대전광역시 서구 용문동 217-11,30170312134068,,,,False
중부빌라(217-15),1990,2.3,36.34117057719629,127.40070074368566,대전광역시 서구 용문동 217-15,30170312134069,,,,False
청운연립,1982,2.3,36.341811910058986,127.40015018669168,대전광역시 서구 용문동 218-9,30170212134070,,,,False
대성빌라,1991,2.3,36.34218970687198,127.4005570944503,대전광역시 서구 용문동 218-19,30170312134071,,,,False
theh용문,2022,2.7 (검증필요),36.341592331534734,127.3989649915434,대전광역시 서구 용문동 219-25,30170320437487,,,,False
우경빌라,1991,2.3,36.3412492979649,127.39943513673018,대전광역시 서구 용문동 220-13,30170312134072,,,,False
정안빌라,1991,2.3,36.34056420066317,127.40006083964944,대전광역시 서구 용문동 221-5,30170312134073,,,,False
한양6동,1992,2.3,36.34065529547128,127.40114251902337,대전광역시 서구 용문동 222-2,30170312134074,,,,False
"한양3,5동",1992,2.3,36.34050535396384,127.40123171559776,대전광역시 서구 용문동 222-30,30170312134075,,,,False
"한양1,2동",1992,2.3,36.34037926105741,127.40112030242628,대전광역시 서구 용문동 222-31,30170312134076,,,,False
(240-19),1990,2.3,36.3386669271554,127.39620712830312,대전광역시 서구 용문동 240-19,30170312134100,,,,False
대진하이츠,1995,2.3,36.33858291962474,127.39609889521586,대전광역시 서구 용문동 240-20,30170300442558,,,,False
중부빌라,1994,2.3,36.33802566899256,127.39481343397873,대전광역시 서구 용문동 244-61,30170312134101,,,,False
아이누리,2006,2.3,36.33478897350237,127.39616232240672,대전광역시 서구 용문동 250-5,30170120029576,A30284501,182.0,"관리사무소, 노인정, 주민공동시설, 어린이놀이터, 자전거보관소",Needs Review
서우,1992,2.3,36.335480243883225,127.39480178665148,대전광역시 서구 용문동 255-4,30170100011621,,,,False
용문동리베라아이누리아파트(1단지),2006,2.3,36.33521491536281,127.395555300181,대전광역시 서구 용문동 255-7,30170120416735,,,,False
"거산빌라101,102동",1992,2.3,36.33464824217232,127.39496786630176,대전광역시 서구 용문동 255-11,30170312134105,,,,False
성림그린빌라(255-13),1996,2.3,36.33481866167642,127.39463838352128,대전광역시 서구 용문동 255-13,30170312134106,,,,False
왕성빌리지,1995,2.3,36.33484461679268,127.39436153209576,대전광역시 서구 용문동 255-18,30170212134107,,,,False
"거산빌라103,104동",1991,2.3,36.334521548704814,127.39487977675545,대전광역시 서구 용문동 255-47,30170312134108,,,,False
거산빌라105동,1992,2.3,36.33444004849208,127.39468754010424,대전광역시 서구 용문동 255-48,30170312134109,,,,False
초원빌라,2001,2.3,36.33512615321083,127.39439915967634,대전광역시 서구 용문동 255-54,30170312134110,,,,False
진원주택,2000,2.3,36.33503883047506,127.39423225313,대전광역시 서구 용문동 255-55,30170312134111,,,,False
성림빌라가동,1996,2.3,36.3345279641301,127.39458226771116,대전광역시 서구 용문동 255-68,30170312134112,,,,False
성림빌라나동,1996,2.3,36.33466151108552,127.39441629567348,대전광역시 서구 용문동 255-70,30170312134113,,,,False
"무지개6,7동",1982,2.3,36.33733950408496,127.39290892005374,대전광역시 서구 용문동 258-6,30170212134114,,,,False
"무지개1,2,3,4동",1981,2.3,36.33705214671261,127.39280042719489,대전광역시 서구 용문동 258-16,30170212134115,,,,False
(258-17),1981,2.3,36.336713316747336,127.39311966598412,대전광역시 서구 용문동 258-17,30170312134116,,,,False
"무지개8,9동",1982,2.3,36.33712246893997,127.39316532379598,대전광역시 서구 용문동 258-21,30170312134117,,,,False
무지개10동,1982,2.3,36.33696185904176,127.39335508154386,대전광역시 서구 용문동 258-22,30170212134118,,,,False
무지개11동,1982,2.3,36.33685254435319,127.39344598256967,대전광역시 서구 용문동 258-23,30170212134119,,,,False
한밭하이츠,1989,2.3,36.33584755977057,127.39278750995008,대전광역시 서구 용문동 260-9,30170100011622,,,,False
대운하이츠2동,1999,2.3,36.33610356619381,127.39246774747645,대전광역시 서구 용문동 260-63,30170212134121,,,,False
대운하이츠1동,1999,2.3,36.33601915338119,127.39290209138892,대전광역시 서구 용문동 260-64,30170100219568,,,,False
아름주택,1991,2.3,36.33541111376808,127.39386104766488,대전광역시 서구 용문동 261-9,30170312134123,,,,False
한진,1978,2.3,36.33537092565604,127.39313506386972,대전광역시 서구 용문동 261-36,30170312134124,,,,False
씨티캐슬,2023,2.7 (검증필요),36.33550119154867,127.39194643417189,대전광역시 서구 용문동 262-5,30170220446476,,,,False
한밭주택,1982,2.3,36.33606251173754,127.39133558053284,대전광역시 서구 용문동 263-3,30170212134125,,,,False
한진주택나동,1980,2.3,36.335350396083946,127.39047292056188,대전광역시 서구 용문동 263-7,30170212134126,,,,False
한진주택가동,1980,2.3,36.33549566167558,127.39037559190068,대전광역시 서구 용문동 263-8,30170212134127,,,,False
태평주택,1980,2.3,36.33585739005454,127.39086245001074,대전광역시 서구 용문동 263-11,30170212134128,,,,False
용문빌라,1979,2.3,36.33607734182268,127.39095049110443,대전광역시 서구 용문동 263-12,30170312134129,,,,False
누림,2021,2.7 (검증필요),36.33681454497428,127.3888990027666,대전광역시 서구 용문동 269-7,30170220429522,,,,False
성림그린빌라,1995,2.3,36.33639311206913,127.38827369584344,대전광역시 서구 용문동 270-6,30170312134130,,,,False
옥수훼밀리빌라,1997,2.3,36.33627204549144,127.38842032714794,대전광역시 서구 용문동 270-11,30170312134131,,,,False
용문빌라(270-40),1990,2.3,36.33648953367289,127.3885133003754,대전광역시 서구 용문동 270-40,30170312134132,,,,False
새롬빌라트,2000,2.3,36.33646482295166,127.38877915025174,대전광역시 서구 용문동 270-43,30170312134133,,,,False
신우빌라B동,1991,2.3,36.33654710562447,127.3875517017591,대전광역시 서구 용문동 272-3,30170312134134,,,,False
신우빌라A동,1991,2.3,36.33645400386746,127.38766223987037,대전광역시 서구 용문동 272-21,30170312134136,,,,False
덕진빌라,1991,2.3,36.33636361120844,127.38777018443508,대전광역시 서구 용문동 272-22,30170312134137,,,,False
협신맨션,1984,2.3,36.33648533861341,127.38983535274534,대전광역시 서구 용문동 276-8,30170100011624,,,,False
한밭주택B동,1984,2.3,36.336835662340576,127.39028477722049,대전광역시 서구 용문동 276-20,30170312134140,,,,False
한밭주택A동,1984,2.3,36.33674104270391,127.39016408079088,대전광역시 서구 용문동 276-21,30170312134141,,,,False
복음맨션,1989,2.3,36.33382719331833,127.39098180831324,대전광역시 서구 용문동 278-6,30170100011620,,,,False
제일주택,1980,2.3,36.33405746596223,127.39034875927464,대전광역시 서구 용문동 278-16,30170212134143,,,,False
청용주택,1980,2.3,36.33418083019674,127.39001966865092,대전광역시 서구 용문동 278-18,30170312134144,,,,False
정명빌라,1996,2.3,36.33440713811662,127.3898874192947,대전광역시 서구 용문동 278-21,30170312134145,,,,False
지엠빌리지,2003,2.3,36.33336559881759,127.39104154690142,대전광역시 서구 용문동 280-11,30170312134146,,,,False
대광빌라,2001,2.3,36.33303827777667,127.39118051125776,대전광역시 서구 용문동 280-39,30170312134147,,,,False
"대운빌라A,B동",1993,2.3,36.33394712308606,127.39226803489208,대전광역시 서구 용문동 280-75,30170312134148,,,,False
"대운빌라가,나동",1994,2.3,36.333829494186695,127.39233130366516,대전광역시 서구 용문동 280-76,30170312134149,,,,False
대운빌라다동,1993,2.3,36.33373862620709,127.39209002627324,대전광역시 서구 용문동 280-77,30170312134150,,,,False
한진빌라,1989,2.3,36.33397273432784,127.39352410483156,대전광역시 서구 용문동 282-1,30170100011623,,,,False
힐링마을,2015,2.3,36.33354574864864,127.3940517364276,대전광역시 서구 용문동 282-3,30170320319249,,,,False
아성빌라A동,1991,2.3,36.33338571961168,127.39359705609476,대전광역시 서구 용문동 282-14,30170312134152,,,,False
아성빌라B동,1991,2.3,36.33358513706443,127.3935031070135,대전광역시 서구 용문동 282-18,30170312134153,,,,False
신우빌라다동,1991,2.3,36.33349309130728,127.39423467275498,대전광역시 서구 용문동 282-37,30170312134154,,,,False
신우빌라라동,1991,2.3,36.3333798195725,127.39411835726132,대전광역시 서구 용문동 282-38,30170312134155,,,,False
"신우빌라가,나동",1991,2.3,36.3333510970171,127.39433267700964,대전광역시 서구 용문동 282-39,30170312134156,,,,False
리버빌,2013,2.3,36.33246863814067,127.39354533428336,대전광역시 서구 용문동 282-54,30170320182682,,,,False
동양빌리지다동,1997,2.3,36.33250339779197,127.39253705160743,대전광역시 서구 용문동 285-1,30170212134157,,,,False
한마음,2000,2.3,36.33219854505201,127.39283559818335,대전광역시 서구 용문동 285-3,30170100219570,A67680101,51.0,"관리사무소, 노인정, 어린이놀이터",Needs Review
삼덕빌라트,1997,2.3,36.33236616147882,127.39234506673998,대전광역시 서구 용문동 285-6,30170212134159,,,,False
동양빌리지가동,1997,2.3,36.332235643437656,127.3921694149273,대전광역시 서구 용문동 285-7,30170212134160,,,,False
리체스트,2023,2.7 (검증필요),36.338721342141774,127.39204867313472,대전광역시 서구 용문동 589-14,30170120449002,,,,False
용문동임대공동주택,2024,2.7 (검증필요),36.33859006782957,127.39132033308404,대전광역시 서구 용문동 590-9,30170120453639,,,,False
아이스테이하우스,2012,2.3,36.338308194212544,127.3916432000146,대전광역시 서구 용문동 590-12,30170120148805,,,,False
라임해피트리1차,2018,2.3,36.33874434468758,127.39027306149325,대전광역시 서구 용문동 591-1,30170120362432,,,,False
연정,1981,2.3,36.33852182547275,127.39050246817412,대전광역시 서구 용문동 591-3,30170212134161,,,,False
신영미소랑,2010,2.3,36.33804465346515,127.39003421095512,대전광역시 서구 용문동 591-10,30170120128187,A10022029,,"관리사무소, 노인정, 주민공동시설",False
나이스타운,2012,2.3,36.33789514838913,127.3910664782269,대전광역시 서구 용문동 592-6,30170120152510,,,,False
"장미1,2,3동",1983,2.3,36.33782111659612,127.39045152649176,대전광역시 서구 용문동 592-12,30170212134163,,,,False
건국오딧세이1,2014,2.3,36.33737333708617,127.39044865886592,대전광역시 서구 용문동 592-19,30170120291993,,,,False
대전용문행복1단지,2022,2.7 (검증필요),36.33421072817667,127.39432285793973,대전광역시 서구 용문동 599,30170120441740,,,,False
엘아이지건영리가,2008,2.3,36.34281033355414,127.38912593081108,대전광역시 서구 탄방동 53-1,30170120096789,,,,False
아이앤,2002,2.3,36.34243415312635,127.3895065894699,대전광역시 서구 탄방동 54-25,30170312134166,,,,False
승신아트빌라(나동),1992,2.3,36.34279304783347,127.39143781697068,대전광역시 서구 탄방동 57-3,30170312134167,,,,False
궁전빌리지,1997,2.3,36.342867052714105,127.39163663527938,대전광역시 서구 탄방동 57-24,30170312134168,,,,False
승신아트빌라(가동),1992,2.3,36.3426925375404,127.39152730677404,대전광역시 서구 탄방동 57-30,30170312134169,,,,False
(63-38),2012,2.3,36.34448828098704,127.39352072769094,대전광역시 서구 탄방동 63-38,30170320161290,,,,False
선경빌라,1997,2.3,36.34388933680862,127.3954220221428,대전광역시 서구 탄방동 65-8,30170312134171,,,,False
선경빌라(가동),1991,2.3,36.34353315170408,127.39353586154304,대전광역시 서구 탄방동 66-21,30170312134172,,,,False
비전빌라,2001,2.3,36.34327500759433,127.39457035917016,대전광역시 서구 탄방동 66-30,30170312134173,,,,False
선경빌라(다동),1991,2.3,36.34346680671972,127.3938458717126,대전광역시 서구 탄방동 66-33,30170312134174,,,,False
선경빌라(나동),1991,2.3,36.34349775120194,127.39366847665426,대전광역시 서구 탄방동 66-40,30170312134175,,,,False
한솔빌리지,1998,2.3,36.34287259305327,127.3954747476408,대전광역시 서구 탄방동 69-13,30170312134177,A62191902,247.0,"관리사무소, 노인정, 주민공동시설, 어린이놀이터, 휴게시설, 자전거보관소",Needs Review
(69-14),2003,2.3,36.34299321475571,127.3953307815396,대전광역시 서구 탄방동 69-14,30170312134178,,,,False
풍진,1981,2.3,36.340303613330846,127.3946125659344,대전광역시 서구 탄방동 77-7,30170212134179,,,,False
(78-4),1981,2.3,36.339489304350046,127.3941499597812,대전광역시 서구 탄방동 78-4,30170312134180,,,,False
유화연립,1981,2.3,36.33940668285986,127.393656614631,대전광역시 서구 탄방동 78-10,30170312134182,,,,False
다복연립,1981,2.3,36.33967679957125,127.39412834650464,대전광역시 서구 탄방동 78-23,30170212134183,,,,False
루미너스,2024,2.7 (검증필요),36.33992195929012,127.39333416573476,대전광역시 서구 탄방동 80-5,30170320449937,,,,False
온화연립(83-6),1981,2.3,36.33974923619397,127.39215338009092,대전광역시 서구 탄방동 83-6,30170312134185,,,,False
온화연립(83-28),1981,2.3,36.33966695563197,127.3922509483105,대전광역시 서구 탄방동 83-28,30170312134186,,,,False
우정빌라(나동),1994,2.3,36.34069615006432,127.3929023347962,대전광역시 서구 탄방동 85-9,30170312134188,,,,False
탄방주택(85-13),1980,2.3,36.340666561154265,127.39333900707967,대전광역시 서구 탄방동 85-13,30170312134189,,,,False
우정빌라(가동),1994,2.3,36.34060040078788,127.39301682128828,대전광역시 서구 탄방동 85-26,30170312134191,,,,False
그린타워,2006,2.3,36.34074628719297,127.39378305208484,대전광역시 서구 탄방동 86-9,30170120055125,,,,False
대영빌라(가동),1989,2.3,36.34099117104002,127.39383523027249,대전광역시 서구 탄방동 86-20,30170312134192,,,,False
대영빌라(나동),1989,2.3,36.34106966180356,127.39374358637713,대전광역시 서구 탄방동 86-21,30170312134193,,,,False
대림빌라,2004,2.3,36.34220811247404,127.39219651982228,대전광역시 서구 탄방동 87-9,30170312134194,,,,False
다온채,2019,2.3,36.34609079536574,127.38258665029008,대전광역시 서구 탄방동 601,30170120393198,,,,False
시티빌1차,2004,2.3,36.34469507462271,127.38116061589557,대전광역시 서구 탄방동 610,30170100051900,A30285801,129.0,관리사무소,Needs Review
개나리,1994,2.3,36.34532167735922,127.38303381043038,대전광역시 서구 탄방동 626,30170100011625,A30276504,140.0,"관리사무소, 노인정, 어린이놀이터, 자전거보관소",Needs Review
주안에쉐르,2004,2.3,36.344428531622285,127.38142761959608,대전광역시 서구 탄방동 634,30170100051869,A10020157,63.0,None,Needs Review
시티빌Ⅱ,2003,2.3,36.3442755055963,127.38166556588617,대전광역시 서구 탄방동 635,30170100051975,,,,False
리베라스위트빌Ⅱ,2004,2.3,36.34410705926308,127.38206812908048,대전광역시 서구 탄방동 636,30170100051870,,,,False
시티빌3차,2005,2.3,36.34394374113521,127.38261510258148,대전광역시 서구 탄방동 638,30170120010183,A30285903,293.0,"관리사무소, 자전거보관소",Needs Review
메이저타운,2004,2.3,36.34374053789678,127.38344628608192,대전광역시 서구 탄방동 641,30170100219576,,,,False
시티빌4차,2004,2.3,36.34320249796564,127.38602002259309,대전광역시 서구 탄방동 674,30170100219577,,,,False
탑스빌,2003,2.3,36.34309632480964,127.38641630803536,대전광역시 서구 탄방동 675,30170100052047,A10020046,,None,False
시티빌5차,2004,2.3,36.34300491677426,127.38681784664652,대전광역시 서구 탄방동 677,30170100219578,,,,False
더퍼스트주상복합아파트,2018,2.3,36.34294701919488,127.3870682248222,대전광역시 서구 탄방동 678,30170120362064,,,,False
태양빌딩,2002,2.3,36.34321287585684,127.38716237091803,대전광역시 서구 탄방동 685,30170212134207,,,,False
산호,1996,2.3,36.34479261662732,127.38668979567832,대전광역시 서구 탄방동 689,30170100011627,A44594201,0.0,"관리사무소, 노인정, 어린이놀이터, 자전거보관소",False
한우리,1994,2.3,36.34523120620936,127.3884183153922,대전광역시 서구 탄방동 765,30170100011630,A30276806,142.0,"관리사무소, 노인정, 보육시설, 문고, 어린이놀이터, 자전거보관소",Needs Review
원스탑,2011,2.3,36.34377853266541,127.38851798849414,대전광역시 서구 탄방동 767,30170220146257,,,,False
에코빌,2016,2.3,36.34354778414539,127.38816985090467,대전광역시 서구 탄방동 769,30170220339494,,,,False
갤러리빌6차,2011,2.3,36.343946188711456,127.3891858440828,대전광역시 서구 탄방동 776,30170220135768,,,,False
젠트리움,2006,2.3,36.34387353477608,127.38974706128748,대전광역시 서구 탄방동 778,30170120057189,,,,False
위즈,2005,2.3,36.34398231565642,127.39000580866964,대전광역시 서구 탄방동 779,30170100448937,,,,False
수팰리스,2018,2.3,36.344419340961245,127.39004380620769,대전광역시 서구 탄방동 781,30170120383020,,,,False
럭시드,2012,2.3,36.34424990881028,127.3893423464972,대전광역시 서구 탄방동 783,30170220155443,A10021401,0.0,None,False
타워렉스,2006,2.3,36.34641861065111,127.38990705891425,대전광역시 서구 탄방동 792,30170120040149,,,,False
미드림,2006,2.3,36.34590276005248,127.38994980720764,대전광역시 서구 탄방동 794,30170120040150,A10020237,0.0,None,False
네스트빌,2004,2.3,36.34571275125781,127.38994894676318,대전광역시 서구 탄방동 795,30170100219582,,,,False
한가람,1991,2.3,36.34785657097751,127.3915111052288,대전광역시 서구 탄방동 834,30170100011629,A14072701,1794.0,"관리사무소, 노인정, 어린이놀이터, 유치원, 커뮤니티공간, 자전거보관소",Needs Review
공작한양,1992,2.3,36.34803480398144,127.39383341974876,대전광역시 서구 탄방동 835,30170100011626,A70285008,196.0,"관리사무소, 노인정, 어린이놀이터, 자전거보관소",Needs Review
미래빌라,2001,2.3,36.3463896519476,127.40103937427888,대전광역시 서구 탄방동 1478-15,30170312134213,,,,False
e편한세상둔산1단지,2020,2.3,36.342648005749965,127.3934678404412,대전광역시 서구 탄방동 1485,30170120408037,,,,False
e편한세상둔산2단지,2020,2.3,36.34227447321155,127.39478322821893,대전광역시 서구 탄방동 1486,30170120401992,,,,False
진주빌,2015,2.3,36.34121299864623,127.38607374874412,대전광역시 서구 괴정동 2-5,30170320323538,,,,False
삼영빌딩,2022,2.7 (검증필요),36.34188798735376,127.3867154009991,대전광역시 서구 괴정동 3-1,30170120433192,,,,False
궁전빌리지,1997,2.3,36.34162707906292,127.3862540790087,대전광역시 서구 괴정동 3-21,30170312134221,,,,False
대복빌라,1995,2.3,36.34172774898858,127.38609444151584,대전광역시 서구 괴정동 3-22,30170312134222,,,,False
시온빌딩,2003,2.3,36.34071450784833,127.386512052104,대전광역시 서구 괴정동 4-12,30170312134223,,,,False
대명주택,1997,2.3,36.34211331362741,127.38389216600945,대전광역시 서구 괴정동 10-12,30170312134224,,,,False
자산하이츠,1998,2.3,36.34234999766237,127.38382725993377,대전광역시 서구 괴정동 10-26,30170312134225,,,,False
세광빌라,1990,2.3,36.340685230496845,127.3829111062715,대전광역시 서구 괴정동 11-5,30170100608999,,,,False
(11-13),1980,2.3,36.34045782619245,127.38197234465324,대전광역시 서구 괴정동 11-13,30170212134227,,,,False
장미맨션,1979,2.3,36.34122755755198,127.38445325425866,대전광역시 서구 괴정동 43-13,30170312134230,,,,False
우경아트빌라1동,1994,2.3,36.33938181212821,127.3855067141653,대전광역시 서구 괴정동 47-1,30170312134231,,,,False
성수그린나동,1995,2.3,36.33903664207198,127.38518708055868,대전광역시 서구 괴정동 47-5,30170312134232,,,,False
우경아트빌라2동,1994,2.3,36.33929807461352,127.38560878295678,대전광역시 서구 괴정동 47-18,30170312134233,,,,False
성수그린가동,1995,2.3,36.33893285363754,127.3850853047652,대전광역시 서구 괴정동 47-19,30170312134234,,,,False
지초,1980,2.3,36.339202610474686,127.38738407648238,대전광역시 서구 괴정동 48-2,30170212134235,,,,False
우진빌라,1980,2.3,36.33935787526661,127.38687449032156,대전광역시 서구 괴정동 48-9,30170212134236,,,,False
한성하이츠맨숀,1992,2.3,36.33807241717355,127.3878473753472,대전광역시 서구 괴정동 50-6,30170312134237,,,,False
한성백조,1993,2.3,36.33795822407805,127.38798403245582,대전광역시 서구 괴정동 50-74,30170312134238,,,,False
괴정빌라,1981,2.3,36.337501202252014,127.3869700321596,대전광역시 서구 괴정동 51-11,30170200442561,,,,False
서일빌라,1991,2.3,36.33781344923055,127.38657905656952,대전광역시 서구 괴정동 51-14,30170212134239,,,,False
연흥빌라,1991,2.3,36.33728281835451,127.3866700218988,대전광역시 서구 괴정동 52-3,30170312134240,,,,False
평화로운나날,2018,2.3,36.33722495576616,127.3863111064246,대전광역시 서구 괴정동 52-11,30170120365950,A33117006,57.0,관리사무소,Needs Review
영승뉴빌라나동,1998,2.3,36.33749884928375,127.38641502800164,대전광역시 서구 괴정동 52-37,30170312134241,,,,False
영승뉴빌라가동,1998,2.3,36.337377793652166,127.38655829972568,대전광역시 서구 괴정동 52-46,30170312134242,,,,False
신일빌라B동,1992,2.3,36.338700208769424,127.38606735918636,대전광역시 서구 괴정동 53-2,30170312134243,,,,False
신일빌라A동,1991,2.3,36.33852716052228,127.38598958104345,대전광역시 서구 괴정동 53-11,30170312134244,,,,False
한강빌라,1991,2.3,36.338598661489016,127.38618856938828,대전광역시 서구 괴정동 53-48,30170312134245,,,,False
새한빌라,1992,2.3,36.33963634259523,127.38467025565257,대전광역시 서구 괴정동 60-2,30170312134246,,,,False
영승두루미,2003,2.3,36.33961242646529,127.38260471210718,대전광역시 서구 괴정동 66-2,30170100052130,,,,False
대성빌라,1991,2.3,36.33988159896706,127.38021423312446,대전광역시 서구 괴정동 68-13,30170312134249,,,,False
청우그린빌리지C,1998,2.3,36.33837073770569,127.38166402993416,대전광역시 서구 괴정동 70-44,30170312134250,,,,False
청우그린빌리지B,1998,2.3,36.33842232355718,127.38184889355216,대전광역시 서구 괴정동 70-45,30170312134251,,,,False
청우그린빌리지A,1998,2.3,36.33852105787329,127.38195765052151,대전광역시 서구 괴정동 70-46,30170312134252,,,,False
대륙아트빌라101동,1990,2.3,36.33743760537812,127.38071913574504,대전광역시 서구 괴정동 73-27,30170312134253,,,,False
대륙아트빌라102동,1990,2.3,36.33729451829258,127.38086803040164,대전광역시 서구 괴정동 73-28,30170312134254,,,,False
초원빌라,1987,2.3,36.33855906651471,127.38362929102976,대전광역시 서구 괴정동 77-24,30170312134255,,,,False
거상,1989,2.3,36.33864873766821,127.38370685959006,대전광역시 서구 괴정동 77-26,30170312134256,,,,False
광진빌라1동,1991,2.3,36.335676740399975,127.38432052674251,대전광역시 서구 괴정동 84-3,30170312134257,,,,False
광진빌라3동,1991,2.3,36.33537280081039,127.38467938150325,대전광역시 서구 괴정동 84-28,30170312134258,,,,False
광진빌라2동,1991,2.3,36.33557494164502,127.3844408379978,대전광역시 서구 괴정동 84-54,30170312134259,,,,False
양지,1979,2.3,36.33709984909932,127.38257489492972,대전광역시 서구 괴정동 86-7,30170212134260,,,,False
다솜빌,2016,2.3,36.33715033076245,127.38271747708993,대전광역시 서구 괴정동 86-20,30170320345264,,,,False
장미,1980,2.3,36.33519424692085,127.38214617783788,대전광역시 서구 괴정동 87-51,30170212134261,A13114003,,None,False
수정주택,1991,2.3,36.33438670999149,127.38272806287456,대전광역시 서구 괴정동 90-4,30170312134262,,,,False
나이스타운9차,2014,2.3,36.33436430053473,127.38131013787228,대전광역시 서구 괴정동 92-5,30170120287989,,,,False
영승골드빌라,1997,2.3,36.33587641557693,127.38030194228092,대전광역시 서구 괴정동 93-5,30170312134263,,,,False
다솔팰리스,2017,2.3,36.33504249577949,127.38050049005489,대전광역시 서구 괴정동 93-49,30170320356584,,,,False
건양로얄빌라,1996,2.3,36.33586496568705,127.38097696500093,대전광역시 서구 괴정동 94-5,30170312134264,,,,False
성하로얄빌라,1996,2.3,36.33574883144807,127.38085767226588,대전광역시 서구 괴정동 94-31,30170312134265,,,,False
신진상가,1981,2.3,36.33635723529266,127.38051962128102,대전광역시 서구 괴정동 97-1,30170200442562,,,,False
우경로즈빌라가동,1995,2.3,36.33607864878611,127.3807136107172,대전광역시 서구 괴정동 97-4,30170312134266,,,,False
우경로즈빌라1동,1995,2.3,36.335978972823085,127.3805868180145,대전광역시 서구 괴정동 97-10,30170312134267,,,,False
리베라아트빌라(98-6),1993,2.3,36.336744367817694,127.3797461964236,대전광역시 서구 괴정동 98-6,30170312134268,,,,False
리베라아트빌라(98-24),1993,2.3,36.33666532948719,127.3796328524286,대전광역시 서구 괴정동 98-24,30170312134269,,,,False
리베라아트빌라(98-25),1993,2.3,36.33663114413645,127.37948681717268,대전광역시 서구 괴정동 98-25,30170312134270,,,,False
리베라아트빌라1동,1994,2.3,36.3364467259851,127.37936257897348,대전광역시 서구 괴정동 110-7,30170312134271,,,,False
리베라아트빌라2동,1994,2.3,36.336341457233225,127.37944842953225,대전광역시 서구 괴정동 110-41,30170312134272,,,,False
리베라아트빌라3동,1994,2.3,36.33625417893903,127.37955745935145,대전광역시 서구 괴정동 110-42,30170312134273,,,,False
(111-37),1990,2.3,36.33745542739157,127.3797947018358,대전광역시 서구 괴정동 111-37,30170312134274,,,,False
진성빌라(116-28),1989,2.3,36.3385069684187,127.37903518332377,대전광역시 서구 괴정동 116-28,30170312134275,,,,False
한움빌라(119-2),1994,2.3,36.3390021837606,127.37877518807022,대전광역시 서구 괴정동 119-2,30170312134276,,,,False
한움빌라(119-34),1994,2.3,36.33890522940777,127.37889259209668,대전광역시 서구 괴정동 119-34,30170312134277,,,,False
토르,2021,2.7 (검증필요),36.339835284639946,127.3772766556929,대전광역시 서구 괴정동 123-7,30170220416359,,,,False
"우경그린빌라(1,2동)",1990,2.3,36.33972780694424,127.37740367961382,대전광역시 서구 괴정동 123-8,30170312134278,,,,False
"우경그린빌라(A,B동)",1990,2.3,36.33963422746233,127.37751475685631,대전광역시 서구 괴정동 123-13,30170312134279,,,,False
"우경그린빌라(가,나동)",1990,2.3,36.33954282414472,127.37762500078114,대전광역시 서구 괴정동 123-14,30170312134280,,,,False
우경로얄빌라,1991,2.3,36.33953716251071,127.37668162228852,대전광역시 서구 괴정동 124-6,30170312134281,,,,False
진성빌라(124-8),1993,2.3,36.339360691520014,127.37690949558686,대전광역시 서구 괴정동 124-8,30170312134282,,,,False
진성빌라(124-32),1993,2.3,36.33917431076847,127.37691969799606,대전광역시 서구 괴정동 124-32,30170312134283,,,,False
진성빌라(124-35),1993,2.3,36.33916783013649,127.37715365523567,대전광역시 서구 괴정동 124-35,30170312134284,,,,False
서우빌라,1992,2.3,36.34005223871508,127.3762025745118,대전광역시 서구 괴정동 125-38,30170312134285,,,,False
국민,1979,2.3,36.34075085203848,127.37589283597477,대전광역시 서구 괴정동 126-5,30170200442563,,,,False
태양빌라,1998,2.3,36.34051791197564,127.37530911667834,대전광역시 서구 괴정동 126-17,30170312134286,,,,False
대호하이츠,2015,2.3,36.33963174702743,127.37555532263391,대전광역시 서구 괴정동 128-4,30170320317463,,,,False
대호하이츠(128-13),2015,2.3,36.339516849674425,127.37569179214194,대전광역시 서구 괴정동 128-13,30170320317590,,,,False
건양그린빌라,1995,2.3,36.33843995219818,127.37665343421756,대전광역시 서구 괴정동 129-13,30170312134287,,,,False
케이지빌,1982,2.3,36.33836245935591,127.37515886398342,대전광역시 서구 괴정동 135-6,30170100219587,,,,False
씨티캐슬,2021,2.7 (검증필요),36.33816028036918,127.37587304468688,대전광역시 서구 괴정동 135-7,30170220430705,,,,False
진영빌라,1997,2.3,36.33705037358797,127.3770370728176,대전광역시 서구 괴정동 136-9,30170312134289,,,,False
대광빌라,1992,2.3,36.33478972098209,127.37398471516336,대전광역시 서구 괴정동 268-12,30170312134291,,,,False
진성빌라,1991,2.3,36.33465174551574,127.37441605637096,대전광역시 서구 괴정동 268-16,30170312134292,,,,False
한신,1991,2.3,36.34170017254025,127.38279302419276,대전광역시 서구 괴정동 418,30170100011640,A55005001,61.0,"관리사무소, 노인정, 어린이놀이터, 자전거보관소",Needs Review
나이스팰리스,2019,2.3,36.33925278668889,127.39027248033597,대전광역시 서구 괴정동 423-6,30170120394357,,,,False
리베라아이누리,2009,2.3,36.33952948801323,127.38890927784472,대전광역시 서구 괴정동 426-1,30170120121666,A30279401,199.0,관리사무소,Needs Review
BLCastle,2021,2.7 (검증필요),36.33677096924141,127.38033957559834,대전광역시 서구 괴정동 431,30170220430275,,,,False
행복한가,2021,2.7 (검증필요),36.33663059326531,127.38016319901688,대전광역시 서구 괴정동 432,30170220430276,,,,False
베스티빌B,2012,2.3,36.33169572313085,127.39208938934188,대전광역시 서구 가장동 17-5,30170220167489,,,,False
베스트빌A,2012,2.3,36.331581718171854,127.39226839624384,대전광역시 서구 가장동 17-6,30170220167488,,,,False
(19-7),1989,2.3,36.33230746695252,127.38996573865,대전광역시 서구 가장동 19-7,30170312134297,,,,False
신진빌라,1980,2.3,36.33129073101682,127.39157153075496,대전광역시 서구 가장동 20-4,30170312134298,,,,False
삼보빌라1동(22-5),1991,2.3,36.33160916543926,127.39010936741757,대전광역시 서구 가장동 22-5,30170312134299,,,,False
"미도씨티빌101동,102동",2022,2.7 (검증필요),36.33120299801512,127.39013353469196,대전광역시 서구 가장동 22-7,30170320437241,,,,False
삼보빌라2동(22-37),1991,2.3,36.33152219921054,127.39021528769356,대전광역시 서구 가장동 22-37,30170312134300,,,,False
삼보빌라3동(22-38),1991,2.3,36.33146053688539,127.3903520063234,대전광역시 서구 가장동 22-38,30170312134301,,,,False
삼창,1990,2.3,36.33009331813646,127.38959082513506,대전광역시 서구 가장동 26-1,30170100011641,,,,False
AppleTown,2016,2.3,36.330009819538105,127.39006350633797,대전광역시 서구 가장동 26-4,30170320334731,,,,False
대광빌라,1996,2.3,36.32929277225158,127.38928530355416,대전광역시 서구 가장동 27-5,30170312134303,,,,False
신우빌라(28-5),1991,2.3,36.32883302257679,127.38893733499104,대전광역시 서구 가장동 28-5,30170312134304,A10021809,0.0,"어린이놀이터, 기타",False
신우빌라(28-32),1991,2.3,36.32874657814571,127.389091318498,대전광역시 서구 가장동 28-32,30170312134305,A10021809,0.0,"어린이놀이터, 기타",False
상진빌라A동(29-10),1992,2.3,36.33005990760504,127.38740645646728,대전광역시 서구 가장동 29-10,30170312134306,,,,False
상진빌라B동(29-39),1992,2.3,36.32996989146956,127.38753399077046,대전광역시 서구 가장동 29-39,30170312134307,,,,False
수정빌라,1992,2.3,36.33025992411003,127.38668145936546,대전광역시 서구 가장동 41-3,30170312134315,,,,False
흙림빌라(43-43),2003,2.3,36.33101179557477,127.38689905254776,대전광역시 서구 가장동 43-43,30170312134316,,,,False
신도빌라,1995,2.3,36.33162805090101,127.38562714494827,대전광역시 서구 가장동 45-6,30170312134317,,,,False
아트빌라107동(49-32),1990,2.3,36.333312519130345,127.38788927245298,대전광역시 서구 가장동 49-32,30170312134318,,,,False
아트빌라105동(49-33),1990,2.3,36.33308288567889,127.38754620208304,대전광역시 서구 가장동 49-33,30170312134319,,,,False
아트빌라103동(49-40),1990,2.3,36.33318474412643,127.38794449360825,대전광역시 서구 가장동 49-40,30170312134320,,,,False
아트빌라106동(49-42),1990,2.3,36.333179738030736,127.38772146900558,대전광역시 서구 가장동 49-42,30170312134321,,,,False
아트빌라102동(49-46),1990,2.3,36.33306995850733,127.38780052131966,대전광역시 서구 가장동 49-46,30170312134322,,,,False
아트빌라101동(49-47),1990,2.3,36.33295455333037,127.38765734391036,대전광역시 서구 가장동 49-47,30170312134323,,,,False
(51-26),1987,2.3,36.33245362389238,127.38870909076032,대전광역시 서구 가장동 51-26,30170312134324,,,,False
동명빌라,1995,2.3,36.33376327297809,127.38845346301648,대전광역시 서구 가장동 54-5,30170312134325,,,,False
삼성래미안2,2002,2.3,36.33350260015439,127.38373474084332,대전광역시 서구 가장동 55,30170100011642,,,,False
유락주택가동(57-8),1989,2.3,36.33496344709904,127.38672740353188,대전광역시 서구 가장동 57-8,30170212134327,,,,False
대원주택,1980,2.3,36.33507440209344,127.38659629422772,대전광역시 서구 가장동 57-11,30170312134328,,,,False
올리브하우스,2012,2.3,36.33519108283015,127.3869190292163,대전광역시 서구 가장동 57-16,30170320162986,,,,False
유락주택나동(57-50),1989,2.3,36.33482045014408,127.3868962047758,대전광역시 서구 가장동 57-50,30170212134329,,,,False
맑은아침,2004,2.3,36.33280829510088,127.38217226247248,대전광역시 서구 내동 2,30170100219592,A30281705,2018.0,"관리사무소, 노인정, 보육시설, 주민공동시설, 어린이놀이터, 유치원, 자전거보관소",Needs Review
잉꼬빌라,1990,2.3,36.329476773876486,127.3813693585394,대전광역시 서구 내동 8-21,30170312134334,,,,False
대동빌라,2012,2.3,36.33078710457502,127.3815412799469,대전광역시 서구 내동 10-4,30170320165336,,,,False
세명빌라,1996,2.3,36.330441285727375,127.38139533327052,대전광역시 서구 내동 10-6,30170312134335,,,,False
한울빌라,1992,2.3,36.33089643095606,127.38060727158891,대전광역시 서구 내동 10-8,30170312134336,,,,False
아트빌,2013,2.3,36.3303247918256,127.3815685674011,대전광역시 서구 내동 10-11,30170220183869,A36391405,97.0,"관리사무소, 노인정, 보육시설, 주민공동시설, 어린이놀이터",Needs Review
한빛맨션(12-5),1997,2.3,36.32966878644582,127.38081371996152,대전광역시 서구 내동 12-5,30170312134337,,,,False
한빛맨션(12-42),1997,2.3,36.32957393752776,127.38094703199104,대전광역시 서구 내동 12-42,30170312134338,,,,False
탑스빌,2001,2.3,36.33209589562608,127.37955736057124,대전광역시 서구 내동 17-1,30170100219593,A10020046,,None,False
홍익타운가동(17-9),2000,2.3,36.33177445701492,127.38003915181643,대전광역시 서구 내동 17-9,30170100219594,,,,False
홍익타운나동(17-10),2000,2.3,36.331639262650825,127.3802521064457,대전광역시 서구 내동 17-10,30170100219595,,,,False
전원아트빌라(17-14),2000,2.3,36.33137386287277,127.37995133149536,대전광역시 서구 내동 17-14,30170312134342,,,,False
전원아트빌(17-15),2000,2.3,36.33147617576584,127.3797002088004,대전광역시 서구 내동 17-15,30170212134343,,,,False
홍익타운라동(17-16),2000,2.3,36.33158809983579,127.37947167724327,대전광역시 서구 내동 17-16,30170100219596,,,,False
홍익타운다동,2000,2.3,36.33169052453508,127.37924129120032,대전광역시 서구 내동 17-17,30170100219597,,,,False
용진하이트,1991,2.3,36.33383494885115,127.37803278632144,대전광역시 서구 내동 20-2,30170312134346,,,,False
호성빌라나동(20-3),1983,2.3,36.3337397197854,127.37777248001498,대전광역시 서구 내동 20-3,30170212134347,,,,False
대우빌라,1991,2.3,36.333891562265606,127.37736825647652,대전광역시 서구 내동 20-11,30170312134348,,,,False
조광빌라,1990,2.3,36.333785699879286,127.37753463578176,대전광역시 서구 내동 20-33,30170312134349,,,,False
호성빌라가동(20-37),1983,2.3,36.33362583158231,127.37792018280304,대전광역시 서구 내동 20-37,30170212134350,,,,False
삼구빌라,1996,2.3,36.334025225084325,127.37772393300324,대전광역시 서구 내동 20-43,30170312134351,,,,False
성하아트빌라,1996,2.3,36.33251836646139,127.37673285089927,대전광역시 서구 내동 21-8,30170312134352,,,,False
대진빌라,1997,2.3,36.332965125719234,127.37666136273404,대전광역시 서구 내동 21-14,30170312134353,,,,False
리베라,1995,2.3,36.33224381806631,127.37575911268752,대전광역시 서구 내동 22-7,30170212134354,,,,False
금강빌라(22-11),1989,2.3,36.332057401420506,127.376875399438,대전광역시 서구 내동 22-11,30170312134355,,,,False
삼보빌라,2012,2.3,36.33250123121549,127.37583046929907,대전광역시 서구 내동 22-28,30170320162974,,,,False
구룡빌라,1992,2.3,36.33241869303656,127.37621001123912,대전광역시 서구 내동 22-34,30170312134356,,,,False
신도아트빌,2006,2.3,36.33232988636034,127.3763679328132,대전광역시 서구 내동 22-38,30170320055914,,,,False
세안주택,2019,2.3,36.33321803310254,127.37459650145703,대전광역시 서구 내동 23-4,30170220392544,A10020347,0.0,None,False
다우주택,1996,2.3,36.33321785999087,127.37484939919466,대전광역시 서구 내동 23-5,30170312134357,,,,False
(23-7),1989,2.3,36.333025128004856,127.37505777447257,대전광역시 서구 내동 23-7,30170312134358,,,,False
(23-34),1988,2.3,36.3325592918999,127.37532119910604,대전광역시 서구 내동 23-34,30170312134359,,,,False
시티빌라,2002,2.3,36.33357159013194,127.3754829921052,대전광역시 서구 내동 24-44,30170312134360,,,,False
대한아트빌라,1994,2.3,36.334454792560415,127.37456417614948,대전광역시 서구 내동 25-1,30170312134361,,,,False
한라아트빌라,1994,2.3,36.334364149034805,127.37474863001223,대전광역시 서구 내동 25-55,30170312134362,,,,False
세원빌라(26-4),1997,2.3,36.33212709957336,127.373040657804,대전광역시 서구 내동 26-4,30170312134363,,,,False
세원빌라(26-5),1997,2.3,36.33197825527456,127.3729442629043,대전광역시 서구 내동 26-5,30170312134364,,,,False
초원빌리지,1998,2.3,36.3322340006813,127.37258113795004,대전광역시 서구 내동 26-11,30170312134365,,,,False
쌍용빌라(26-20),1998,2.3,36.33240399539551,127.37280516255004,대전광역시 서구 내동 26-20,30170312134366,,,,False
원일빌라(26-47),1990,2.3,36.33259125475983,127.3732904459076,대전광역시 서구 내동 26-47,30170312134368,,,,False
원일빌라(26-48),1990,2.3,36.332749883110594,127.37291834653834,대전광역시 서구 내동 26-48,30170312134369,,,,False
미래빌리지,1998,2.3,36.33219751884419,127.37276473139116,대전광역시 서구 내동 26-57,30170312134370,,,,False
대웅아트빌라(27-2),1990,2.3,36.33219376913274,127.37392394807284,대전광역시 서구 내동 27-2,30170312134371,,,,False
신성,1979,2.3,36.33152036948202,127.3734220668609,대전광역시 서구 내동 27-3,30170100011647,A12208203,0.0,"관리사무소, 노인정, 어린이놀이터, 휴게시설, 자전거보관소",False
영승빌리지,1995,2.3,36.33237954551753,127.37372540476817,대전광역시 서구 내동 27-11,30170212134373,,,,False
대웅아트빌라(27-36),1990,2.3,36.33214650944835,127.37406568654887,대전광역시 서구 내동 27-36,30170312134374,,,,False
대웅아트빌라(27-37),1990,2.3,36.332089493037614,127.3742001976706,대전광역시 서구 내동 27-37,30170312134375,,,,False
신일빌라,1991,2.3,36.3317789935259,127.37478798687012,대전광역시 서구 내동 28-3,30170312134376,,,,False
동진빌라A동(28-10),1998,2.3,36.33195153384155,127.37457466036554,대전광역시 서구 내동 28-10,30170312134377,,,,False
동진빌라B동(28-48),1998,2.3,36.331956152996206,127.37437032629316,대전광역시 서구 내동 28-48,30170312134378,,,,False
동신빌라,1997,2.3,36.33104807838028,127.37530197393102,대전광역시 서구 내동 29-4,30170312134379,,,,False
정명빌라(29-5),1996,2.3,36.33086257913305,127.3751800331704,대전광역시 서구 내동 29-5,30170312134380,,,,False
승진하이츠,2018,2.3,36.33113407884073,127.37477916935585,대전광역시 서구 내동 29-6,30170320361293,,,,False
세진빌라,1986,2.3,36.33106145695199,127.3749614880116,대전광역시 서구 내동 29-43,30170312134381,,,,False
(30-4),1987,2.3,36.33068452619804,127.37584028515656,대전광역시 서구 내동 30-4,30170312134382,,,,False
대명빌라(32-11),2004,2.3,36.33428340087359,127.37864423776657,대전광역시 서구 내동 32-11,30170312134383,,,,False
센터포레,2018,2.3,36.33503560619634,127.37859975737749,대전광역시 서구 내동 33-11,30170320362724,,,,False
(33-19),1990,2.3,36.334410272186005,127.3781235864222,대전광역시 서구 내동 33-19,30170312134384,,,,False
대호빌라,1994,2.3,36.33492043693632,127.37748131855498,대전광역시 서구 내동 34-12,30170312134385,,,,False
경성빌라,1991,2.3,36.33619131981909,127.3769882057274,대전광역시 서구 내동 37-5,30170312134386,,,,False
서일,1990,2.3,36.3362050052919,127.37662190531924,대전광역시 서구 내동 37-15,30170100591053,,,,False
(38-6),1981,2.3,36.33561061552943,127.37780163632928,대전광역시 서구 내동 38-6,30170312134388,,,,False
정명빌라,1998,2.3,36.33557598648351,127.37747267589722,대전광역시 서구 내동 38-9,30170312134389,,,,False
한양빌라,1982,2.3,36.33535343321782,127.37733902338996,대전광역시 서구 내동 38-11,30170212134390,,,,False
내동빌라(39-1),1982,2.3,36.33432345714266,127.37736383949654,대전광역시 서구 내동 39-1,30170212134391,,,,False
대중,1980,2.3,36.33448107607289,127.377214831896,대전광역시 서구 내동 39-20,30170212134392,,,,False
한양B동(40-2),1983,2.3,36.33497137197124,127.37646111109208,대전광역시 서구 내동 40-2,30170212134393,,,,False
한양A동(40-3),1983,2.3,36.33489558322407,127.37668566594958,대전광역시 서구 내동 40-3,30170212134394,,,,False
우성빌라,1988,2.3,36.33453746235914,127.37637096420409,대전광역시 서구 내동 40-7,30170312134395,,,,False
금강빌라(41-11),1992,2.3,36.33461805585237,127.37517550468414,대전광역시 서구 내동 41-11,30170312134396,,,,False
임광빌라가동(41-14),1991,2.3,36.33482840843695,127.37502323858826,대전광역시 서구 내동 41-14,30170312134397,,,,False
임광빌라나동(41-24),1991,2.3,36.33492110348213,127.37516649632308,대전광역시 서구 내동 41-24,30170312134398,,,,False
거목드림파크,2015,2.3,36.33515051490245,127.37572332742232,대전광역시 서구 내동 41-37,30170320316429,,,,False
금강빌라C동(41-52),1992,2.3,36.334658877733546,127.3753329883058,대전광역시 서구 내동 41-52,30170312134399,,,,False
코오롱,1990,2.3,36.33588277760151,127.37010832060726,대전광역시 서구 내동 151,30170100011648,A61203028,551.0,"관리사무소, 노인정, 보육시설, 어린이놀이터, 기타",Needs Review
태양빌라,2012,2.3,36.3351138238158,127.36931688982732,대전광역시 서구 내동 152-14,30170320149785,,,,False
서우1단지,1989,2.3,36.33335689293105,127.37119763240293,대전광역시 서구 내동 165,30170100011644,,,,False
서우2단지,1990,2.3,36.33302322694669,127.37230429391708,대전광역시 서구 내동 167,30170100011645,,,,False
서우3단지,1990,2.3,36.33278493010073,127.37101644156104,대전광역시 서구 내동 172-4,30170100011646,,,,False
대명빌라(172-11),1995,2.3,36.33258878606711,127.37117471234151,대전광역시 서구 내동 172-11,30170312134404,,,,False
대명빌라(172-15),1995,2.3,36.33233316653767,127.37107792395716,대전광역시 서구 내동 172-15,30170312134405,,,,False
태진빌라,1991,2.3,36.332313201952935,127.37238820595616,대전광역시 서구 내동 186,30170312134406,,,,False
삼우빌리지(186-13),2003,2.3,36.332288513809445,127.37186894694337,대전광역시 서구 내동 186-13,30170312134407,,,,False
창호빌라,2003,2.3,36.33187339621118,127.372075701197,대전광역시 서구 내동 186-16,30170312134408,,,,False
흙림빌라(186-17),2003,2.3,36.33132699888732,127.37236469937464,대전광역시 서구 내동 186-17,30170312134409,,,,False
드림빌라,2002,2.3,36.33117075618169,127.37189747122548,대전광역시 서구 내동 186-44,30170312134410,,,,False
내동빌라(186-52),2000,2.3,36.33127137392252,127.37177149962224,대전광역시 서구 내동 186-52,30170312134411,,,,False
삼우빌라,2002,2.3,36.33173073335912,127.37156487884155,대전광역시 서구 내동 186-58,30170312134412,,,,False
태영빌라,2002,2.3,36.33156368118647,127.37180132757506,대전광역시 서구 내동 186-60,30170312134413,,,,False
흙림빌라(186-63),2002,2.3,36.33138662727566,127.37222126731992,대전광역시 서구 내동 186-63,30170312134414,,,,False
삼우빌리지(186-103),2003,2.3,36.33222112218784,127.37206394284796,대전광역시 서구 내동 186-103,30170312134415,,,,False
롯데,1994,2.3,36.33893109599301,127.3676251042592,대전광역시 서구 내동 220,30170100011643,A50086516,983.0,"관리사무소, 노인정, 보육시설, 주민공동시설, 어린이놀이터, 휴게시설, 기타",Needs Review
더리치빌,2006,2.3,36.338653412770384,127.36627431207592,대전광역시 서구 내동 220-11,30170120029577,,,,False
아성빌라,1995,2.3,36.35489691858968,127.36981520887552,대전광역시 서구 갈마동 262-11,30170312134433,,,,False
청자D동(262-22),2000,2.3,36.354407340275934,127.36959648331263,대전광역시 서구 갈마동 262-22,30170312134434,,,,False
연흥빌라B동,1994,2.3,36.3543347733894,127.36975924696756,대전광역시 서구 갈마동 262-23,30170312134435,,,,False
연흥빌라A동,1994,2.3,36.354326845663714,127.36994405479206,대전광역시 서구 갈마동 262-42,30170312134436,,,,False
청자(262-45),1987,2.3,36.35463046053886,127.3697653210198,대전광역시 서구 갈마동 262-45,30170312134437,A10021703,,None,False
임광하이츠(264-1),1994,2.3,36.35492742907388,127.37032395424096,대전광역시 서구 갈마동 264-1,30170312134438,,,,False
무궁화(264-2),1983,2.3,36.35466456310087,127.37032207530552,대전광역시 서구 갈마동 264-2,30170212134439,A10021585,0.0,"관리사무소, 어린이놀이터, 자전거보관소",False
무궁화빌라(264-3),1992,2.3,36.35443036432824,127.37017150304492,대전광역시 서구 갈마동 264-3,30170312134440,,,,False
동남빌라(264-7),1995,2.3,36.35487696994412,127.37134453857178,대전광역시 서구 갈마동 264-7,30170100442565,,,,False
갈마,1987,2.3,36.35457225911068,127.37113187948862,대전광역시 서구 갈마동 264-15,30170312134441,A30275501,0.0,"관리사무소, 노인정, 보육시설, 주민공동시설, 어린이놀이터, 유치원",False
다우빌라,1995,2.3,36.35426838502069,127.37060758975936,대전광역시 서구 갈마동 264-30,30170312134442,,,,False
무궁화,1982,2.3,36.35421405391418,127.37031252282222,대전광역시 서구 갈마동 264-31,30170312134443,A10021585,0.0,"관리사무소, 어린이놀이터, 자전거보관소",False
동림빌라,1991,2.3,36.35514673205534,127.37118044430494,대전광역시 서구 갈마동 264-34,30170212134444,,,,False
삼익빌라,1990,2.3,36.35484782581051,127.37111304834843,대전광역시 서구 갈마동 264-37,30170312134445,,,,False
무궁화빌라,1992,2.3,36.35456637312836,127.37060137560012,대전광역시 서구 갈마동 264-41,30170312134446,,,,False
무궁화빌라(264-42),1992,2.3,36.354354983619,127.37044811011916,대전광역시 서구 갈마동 264-42,30170312134447,,,,False
무궁화빌라(264-43),1992,2.3,36.35441823950904,127.37030429890544,대전광역시 서구 갈마동 264-43,30170312134448,,,,False
무궁화빌라(264-44),1992,2.3,36.35484217943025,127.37061584638732,대전광역시 서구 갈마동 264-44,30170312134449,,,,False
임광하이츠,1994,2.3,36.35481915679792,127.37032386205344,대전광역시 서구 갈마동 264-45,30170312134450,,,,False
(265-33),1983,2.3,36.35368124797991,127.36945136506093,대전광역시 서구 갈마동 265-33,30170300442566,,,,False
(265-34),1983,2.3,36.353678603607136,127.36929689381604,대전광역시 서구 갈마동 265-34,30170312134452,,,,False
(273-4),2014,2.3,36.35177450227967,127.37207519707188,대전광역시 서구 갈마동 273-3,30170320294384,,,,False
(291-13),1990,2.3,36.35383719618496,127.36595603085092,대전광역시 서구 갈마동 291-13,30170312134453,,,,False
(292-4),2013,2.3,36.353489303286906,127.3675970878525,대전광역시 서구 갈마동 292-4,30170320182681,,,,False
목화빌라,1997,2.3,36.35250907356818,127.36734953150813,대전광역시 서구 갈마동 294-6,30170312134454,,,,False
삼덕빌라트,1997,2.3,36.35282417333205,127.36691626073954,대전광역시 서구 갈마동 294-8,30170100219601,,,,False
동건빌리지,1997,2.3,36.35257022231529,127.36702805186889,대전광역시 서구 갈마동 294-12,30170100609015,,,,False
두원빌라,1997,2.3,36.35270638080217,127.36561255726238,대전광역시 서구 갈마동 295-21,30170312134457,,,,False
대일빌라,1989,2.3,36.35295279734788,127.36559548407024,대전광역시 서구 갈마동 295-22,30170100609016,,,,False
영승빌라다동(295-23),1991,2.3,36.35310848837763,127.3654382096273,대전광역시 서구 갈마동 295-23,30170312134459,,,,False
영승빌라나동,1991,2.3,36.35312878413593,127.36557901285867,대전광역시 서구 갈마동 295-24,30170312134460,,,,False
영승빌라가동(295-25),1991,2.3,36.35317977548984,127.36572218822133,대전광역시 서구 갈마동 295-25,30170312134461,,,,False
공신빌라,1997,2.3,36.35252846501817,127.36562489876565,대전광역시 서구 갈마동 295-26,30170312134462,,,,False
(296-1),1990,2.3,36.35314550006028,127.36497621238917,대전광역시 서구 갈마동 296-1,30170100609017,,,,False
갈마빌라,1987,2.3,36.352657288886974,127.3650128525878,대전광역시 서구 갈마동 296-2,30170212134464,,,,False
반도빌라,1990,2.3,36.352452783724246,127.3650372051143,대전광역시 서구 갈마동 296-3,30170312134465,,,,False
반도빌라,1990,2.3,36.35245535992598,127.36526240564466,대전광역시 서구 갈마동 296-12,30170312134466,,,,False
다익빌라,1991,2.3,36.35252384055689,127.36405842449877,대전광역시 서구 갈마동 297-3,30170312134467,,,,False
다익빌라,1991,2.3,36.35256760899835,127.36440090271752,대전광역시 서구 갈마동 297-5,30170312134468,,,,False
우정빌라가동(297-24),1994,2.3,36.352338760027,127.36423552563411,대전광역시 서구 갈마동 297-24,30170312134469,,,,False
우정빌라나동(297-25),1994,2.3,36.35234336577248,127.36439700218804,대전광역시 서구 갈마동 297-25,30170312134470,,,,False
사랑아트빌라(297-26),1994,2.3,36.35236413177786,127.36456051987868,대전광역시 서구 갈마동 297-26,30170312134471,,,,False
대호빌라(298-1),1995,2.3,36.3530197579441,127.3633040489477,대전광역시 서구 갈마동 298-1,30170312134472,,,,False
대호빌라(298-2),1995,2.3,36.35298656952734,127.36359431753706,대전광역시 서구 갈마동 298-2,30170312134473,,,,False
대호빌라,1992,2.3,36.35304074930268,127.36344009514052,대전광역시 서구 갈마동 298-26,30170312134474,,,,False
사랑아트빌라(300-2),1994,2.3,36.35210380024025,127.36440438841828,대전광역시 서구 갈마동 300-2,30170312134420,,,,False
현대빌라,1998,2.3,36.35126866565216,127.36454147242408,대전광역시 서구 갈마동 300-4,30170212134421,,,,False
정남빌라,1991,2.3,36.35175838715504,127.36416795184124,대전광역시 서구 갈마동 300-6,30170312134422,,,,False
대웅빌라(300-8),1991,2.3,36.35160087667012,127.36417825485726,대전광역시 서구 갈마동 300-8,30170312134423,,,,False
대웅빌라(300-9),1991,2.3,36.35146532872012,127.36418710460713,대전광역시 서구 갈마동 300-9,30170312134424,,,,False
대웅빌라,1991,2.3,36.3512623483399,127.3642003772738,대전광역시 서구 갈마동 300-10,30170312134425,,,,False
대웅빌라(300-12),1991,2.3,36.35112538673524,127.36428280511258,대전광역시 서구 갈마동 300-12,30170312134426,,,,False
사랑아트빌라(300-14),1995,2.3,36.352094740892085,127.36457489182108,대전광역시 서구 갈마동 300-14,30170312134427,,,,False
소망빌라(300-15),1991,2.3,36.35198894464039,127.36449660201902,대전광역시 서구 갈마동 300-15,30170312134428,,,,False
소망빌라(300-16),1991,2.3,36.35177118114552,127.3645101688824,대전광역시 서구 갈마동 300-16,30170312134429,,,,False
소망빌라(300-17),1991,2.3,36.35158246701398,127.36452193906716,대전광역시 서구 갈마동 300-17,30170312134430,,,,False
대풍빌라,1991,2.3,36.351938557812886,127.3642480721384,대전광역시 서구 갈마동 300-18,30170312134431,,,,False
유진빌라(300-19),1991,2.3,36.35192263643731,127.36407523874831,대전광역시 서구 갈마동 300-19,30170312134432,,,,False
한솔빌라트,1997,2.3,36.351334206568566,127.36494360926056,대전광역시 서구 갈마동 301-7,30170312134475,,,,False
호성빌라,1991,2.3,36.35186812177525,127.3649148835897,대전광역시 서구 갈마동 301-10,30170312134476,,,,False
현대,2003,2.3,36.35117812713278,127.36495461451052,대전광역시 서구 갈마동 301-11,30170100052265,A12208105,119.0,"관리사무소, 노인정, 어린이놀이터, 자전거보관소",Needs Review
삼보빌라,1994,2.3,36.35167908103687,127.36491054551384,대전광역시 서구 갈마동 301-23,30170312134478,,,,False
대명빌라A동,1993,2.3,36.35209977960393,127.3655214678822,대전광역시 서구 갈마동 304-2,30170312134479,,,,False
동건빌라,1997,2.3,36.351720398644375,127.36603472292585,대전광역시 서구 갈마동 304-3,30170212134480,,,,False
건강주택,1997,2.3,36.35118651710282,127.36567427758068,대전광역시 서구 갈마동 304-7,30170212134481,,,,False
아성아트빌라,1997,2.3,36.35192840011303,127.36561320956106,대전광역시 서구 갈마동 304-25,30170312134482,,,,False
대명빌라B동(304-26),1993,2.3,36.35212003982133,127.36569032135674,대전광역시 서구 갈마동 304-26,30170312134483,,,,False
리베라,1997,2.3,36.35192840011303,127.36602721323617,대전광역시 서구 갈마동 304-27,30170100591065,,,,False
아성빌라(305-3),1994,2.3,36.35213707646541,127.36674652238898,대전광역시 서구 갈마동 305-3,30170312134485,,,,False
청우빌라,1997,2.3,36.35169282004655,127.3668665019643,대전광역시 서구 갈마동 305-30,30170312134486,,,,False
인성빌라,1993,2.3,36.351647065624064,127.36664771997457,대전광역시 서구 갈마동 305-32,30170312134487,,,,False
대호빌라(306-32),1990,2.3,36.35160896863021,127.36778481154766,대전광역시 서구 갈마동 306-32,30170312134488,,,,False
(307-28),1991,2.3,36.35191020258984,127.3687922948885,대전광역시 서구 갈마동 307-28,30170312134489,,,,False
한움빌리지,1998,2.3,36.35126814478858,127.36962188221744,대전광역시 서구 갈마동 308-12,30170312134490,,,,False
갈마동다세대주택,2003,2.3,36.351155645743006,127.36973217542648,대전광역시 서구 갈마동 308-13,30170312134491,,,,False
"프렌즈시티(102,103동)",2013,2.3,36.35004711785728,127.37002607648976,대전광역시 서구 갈마동 313-11,30170320181037,,,,False
시티팰리스,2014,2.3,36.3501785045108,127.36983477979854,대전광역시 서구 갈마동 313-12,30170120306430,,,,False
프렌즈시티(101동),2013,2.3,36.34993489536642,127.36984637378475,대전광역시 서구 갈마동 313-18,30170320181036,,,,False
시티팰리스,2015,2.3,36.35031538923708,127.36954682884225,대전광역시 서구 갈마동 313-21,30170120324147,,,,False
덕진빌라,1990,2.3,36.35042822643548,127.36757701618085,대전광역시 서구 갈마동 316-13,30170312134493,,,,False
삼동빌라1동(320-12),1989,2.3,36.35001186701794,127.36604722924852,대전광역시 서구 갈마동 320-12,30170312134495,,,,False
삼동빌라2동(320-29),1990,2.3,36.3500342237456,127.36625563192248,대전광역시 서구 갈마동 320-29,30170312134496,,,,False
진호빌라,1991,2.3,36.35057270920094,127.36591958771022,대전광역시 서구 갈마동 320-36,30170312134497,,,,False
백제빌라,1989,2.3,36.35054834006976,127.36576743446945,대전광역시 서구 갈마동 320-37,30170312134498,,,,False
거성빌라(320-48),1993,2.3,36.35096106066544,127.36593120329678,대전광역시 서구 갈마동 320-48,30170312134499,,,,False
거성빌라(320-49),1993,2.3,36.3508491980821,127.36606704759382,대전광역시 서구 갈마동 320-49,30170312134500,,,,False
정일빌라,1997,2.3,36.350095126896846,127.36507823991433,대전광역시 서구 갈마동 321-17,30170312134501,,,,False
우정빌라(328-1),1995,2.3,36.35085542744807,127.3641328969091,대전광역시 서구 갈마동 328-1,30170312134502,,,,False
해주빌라트,1998,2.3,36.35015078954432,127.36432486005717,대전광역시 서구 갈마동 328-13,30170312134503,,,,False
대영빌라2동(328-14),1992,2.3,36.350273594008485,127.36436363001611,대전광역시 서구 갈마동 328-14,30170312134504,,,,False
대영빌라1동(328-39),1992,2.3,36.35029366939101,127.36423257814862,대전광역시 서구 갈마동 328-39,30170312134505,,,,False
우정빌라,1995,2.3,36.35088600895833,127.36430198705516,대전광역시 서구 갈마동 328-42,30170312134506,,,,False
베버리힐스유엔빌리,1999,2.3,36.34927455555977,127.36448988347053,대전광역시 서구 갈마동 329-8,30170100011653,,,,False
복음맨션,1990,2.3,36.34877593715902,127.36468277061314,대전광역시 서구 갈마동 329-9,30170100011654,,,,False
두원빌리지(329-10),1998,2.3,36.34876080190972,127.36425065464267,대전광역시 서구 갈마동 329-10,30170312134509,,,,False
두원빌리지(329-14),1998,2.3,36.34875197857997,127.3644143345206,대전광역시 서구 갈마동 329-14,30170312134510,,,,False
사랑아트빌라(330-1),1994,2.3,36.34955266198924,127.3649761450007,대전광역시 서구 갈마동 330-1,30170312134511,,,,False
사랑아트빌라(330-13),1994,2.3,36.34957459276244,127.36512860203048,대전광역시 서구 갈마동 330-13,30170312134512,,,,False
사랑아트빌라(330-14),1994,2.3,36.3496006296719,127.365293834083,대전광역시 서구 갈마동 330-14,30170312134513,,,,False
동광빌라,2001,2.3,36.34959776848944,127.36565561651804,대전광역시 서구 갈마동 333-1,30170312134514,,,,False
동건씨티빌2차,1998,2.3,36.34945045948032,127.36672371846808,대전광역시 서구 갈마동 336-7,30170100609019,,,,False
성호빌라,1999,2.3,36.34914654815722,127.36746252981897,대전광역시 서구 갈마동 337-21,30170312134516,,,,False
시티팰리스8차(103동),2019,2.3,36.349479850738525,127.36862859440023,대전광역시 서구 갈마동 338-1,30170120394924,A10024996,34.0,"관리사무소, 주민공동시설, 어린이놀이터, 휴게시설, 자전거보관소, 기타",True
디안더블레스,2020,2.3,36.34909001229456,127.36975542441752,대전광역시 서구 갈마동 339-3,30170120401088,A10024949,0.0,"관리사무소, 자전거보관소, 기타",False
동산아파트2,1989,2.3,36.34963597168513,127.37133551718377,대전광역시 서구 갈마동 343-1,30170100011652,,,,False
유진빌라,2000,2.3,36.34924624884307,127.37263143292112,대전광역시 서구 갈마동 344-28,30170312134518,,,,False
에버그린빌,2000,2.3,36.34662062834833,127.372716295702,대전광역시 서구 갈마동 345-22,30170312134519,,,,False
우진빌라,2001,2.3,36.34632047586311,127.37272189838092,대전광역시 서구 갈마동 345-24,30170312134520,,,,False
해영빌라,2003,2.3,36.3467482514839,127.37217315287256,대전광역시 서구 갈마동 348-9,30170312134521,,,,False
대영빌라,1991,2.3,36.3465531381388,127.37231595432324,대전광역시 서구 갈마동 348-16,30170312134522,,,,False
임광빌라(348-19),1990,2.3,36.34613074070256,127.3722375619129,대전광역시 서구 갈마동 348-19,30170312134523,,,,False
영일빌라,1992,2.3,36.34688266056904,127.3720107456399,대전광역시 서구 갈마동 348-39,30170312134524,,,,False
임광빌라(348-41),1990,2.3,36.34612303634796,127.37234196304055,대전광역시 서구 갈마동 348-41,30170312134525,,,,False
한국도로공사조합아파트,1990,2.3,36.34721559372867,127.37170271083326,대전광역시 서구 갈마동 351-2,30170100011650,A10022324,0.0,None,False
한미빌리지,1999,2.3,36.34898015071953,127.3639493997535,대전광역시 서구 갈마동 358-5,30170212134527,,,,False
은혜맨션,1983,2.3,36.34835019465955,127.36800593148712,대전광역시 서구 갈마동 366-5,30170312134529,,,,False
옥보빌라,1990,2.3,36.34770689461308,127.3663001522796,대전광역시 서구 갈마동 368-12,30170212134530,,,,False
은혜주택,1990,2.3,36.34768638331726,127.36590956631515,대전광역시 서구 갈마동 368-16,30170212134531,,,,False
건우빌라,1990,2.3,36.34787215715322,127.3659985524328,대전광역시 서구 갈마동 368-18,30170312134532,,,,False
정일빌라(375-4),1997,2.3,36.34706360923373,127.36640821276784,대전광역시 서구 갈마동 375-4,30170312134533,,,,False
정남빌라(375-9),1985,2.3,36.34668310804378,127.3659676853692,대전광역시 서구 갈마동 375-9,30170212134534,,,,False
상록빌라A동,1990,2.3,36.34735634093005,127.36714397948694,대전광역시 서구 갈마동 376-4,30170312134535,,,,False
상록빌라B동,1990,2.3,36.34723563963289,127.36713636083826,대전광역시 서구 갈마동 376-29,30170312134536,,,,False
청솔빌라,1997,2.3,36.34633484617409,127.36678580856068,대전광역시 서구 갈마동 376-32,30170212134537,,,,False
쉬크빌,2003,2.3,36.34541191612976,127.36906920220238,대전광역시 서구 갈마동 379-7,30170100051884,,,,False
(386-1),1981,2.3,36.34608375892518,127.36770240572406,대전광역시 서구 갈마동 386-1,30170300442573,,,,False
(386-2),1982,2.3,36.34608037281396,127.36801795991192,대전광역시 서구 갈마동 386-2,30170300442574,,,,False
서울빌라,1986,2.3,36.345789871642346,127.36782778724952,대전광역시 서구 갈마동 386-15,30170312134541,,,,False
정일빌라(388-4),1997,2.3,36.34571563876867,127.36725430176264,대전광역시 서구 갈마동 388-4,30170312134542,,,,False
한밭빌라,1989,2.3,36.34548761970554,127.36718752620412,대전광역시 서구 갈마동 388-7,30170312134543,,,,False
해주빌리지,1996,2.3,36.34465905755185,127.36596202867824,대전광역시 서구 갈마동 390-1,30170312134544,,,,False
건강주택(390-4),1996,2.3,36.34439335383313,127.3659777690871,대전광역시 서구 갈마동 390-4,30170312134545,,,,False
영승로얄빌라트,1996,2.3,36.34466814827799,127.366121855475,대전광역시 서구 갈마동 390-8,30170212134546,,,,False
봉산빌라,1997,2.3,36.34476126565609,127.36632626466208,대전광역시 서구 갈마동 390-12,30170312134547,,,,False
갈마,1994,2.3,36.34322021107136,127.36702864373989,대전광역시 서구 갈마동 390-22,30170100011656,A30275501,0.0,"관리사무소, 노인정, 보육시설, 주민공동시설, 어린이놀이터, 유치원",False
건강주택(390-24),1996,2.3,36.34435452138837,127.36617377679234,대전광역시 서구 갈마동 390-24,30170312134549,,,,False
중앙빌라(396-9),1989,2.3,36.34515747980778,127.37142295174104,대전광역시 서구 갈마동 396-9,30170312134550,,,,False
물샘빌라,2006,2.3,36.34505653324028,127.37101760870073,대전광역시 서구 갈마동 396-12,30170320057279,,,,False
중앙빌라(396-20),1990,2.3,36.34517503054468,127.37158883929597,대전광역시 서구 갈마동 396-20,30170312134551,,,,False
중앙빌라(396-22),1989,2.3,36.34504218522238,127.37144604132268,대전광역시 서구 갈마동 396-22,30170312134552,,,,False
공원빌라,2004,2.3,36.34507592512256,127.3711479575125,대전광역시 서구 갈마동 396-24,30170312134553,,,,False
중앙빌라(397-11),1989,2.3,36.34519756996104,127.37183501768114,대전광역시 서구 갈마동 397-11,30170312134554,,,,False
다우주택,1996,2.3,36.34567652274616,127.37267299057284,대전광역시 서구 갈마동 398-2,30170312134555,,,,False
쌍룡,1990,2.3,36.34421643220324,127.37213401624216,대전광역시 서구 갈마동 402-2,30170100011655,,,,False
전원그린빌리지,2000,2.3,36.34378632946294,127.37132674787172,대전광역시 서구 갈마동 402-11,30170312134557,,,,False
임광빌라(403-12),1990,2.3,36.34284958308805,127.37247126803484,대전광역시 서구 갈마동 403-12,30170312134558,,,,False
부길빌라,1997,2.3,36.343102205690144,127.37228834821916,대전광역시 서구 갈마동 403-26,30170312134559,,,,False
임광빌라(403-38),1990,2.3,36.34278081030475,127.3726315233788,대전광역시 서구 갈마동 403-38,30170312134560,,,,False
임광빌라(403-39),1990,2.3,36.34272842663478,127.37252502352736,대전광역시 서구 갈마동 403-39,30170312134561,,,,False
광도푸른,1998,2.3,36.34310270581002,127.3712627192024,대전광역시 서구 갈마동 404-2,30170100219606,A30217201,147.0,"관리사무소, 노인정, 어린이놀이터, 자전거보관소",Needs Review
신원빌라,1994,2.3,36.344618688077446,127.37073473602736,대전광역시 서구 갈마동 405-7,30170312134563,,,,False
유림빌라,2002,2.3,36.34435250664583,127.3710955053306,대전광역시 서구 갈마동 405-8,30170312134564,,,,False
연흥빌라,1994,2.3,36.34443838572839,127.37091800537118,대전광역시 서구 갈마동 405-30,30170312134565,,,,False
유림빌라(405-35),2002,2.3,36.344273269104384,127.37128383450047,대전광역시 서구 갈마동 405-35,30170312134566,,,,False
대호빌라가동나동(406-3),1990,2.3,36.344367966843,127.37000793103358,대전광역시 서구 갈마동 406-3,30170312134567,,,,False
"대호빌라A,B동",1989,2.3,36.34428959719118,127.3700989433097,대전광역시 서구 갈마동 406-4,30170312134568,,,,False
대호빌라D동(406-6),1990,2.3,36.34410024427443,127.3702276247343,대전광역시 서구 갈마동 406-6,30170312134569,,,,False
대호빌라C동,1990,2.3,36.34417438250404,127.37034697753724,대전광역시 서구 갈마동 406-18,30170312134570,,,,False
신성미소지움,2005,2.3,36.34052005865681,127.36753680297436,대전광역시 서구 갈마동 410-2,30170100448941,A33983101,164.0,"관리사무소, 노인정, 주민공동시설, 어린이놀이터, 자전거보관소, 기타",Needs Review
건강주택(427-6),1998,2.3,36.34178113779501,127.36614185175924,대전광역시 서구 갈마동 427-6,30170212134571,,,,False
(428-6),1989,2.3,36.34307743546692,127.36564465631608,대전광역시 서구 갈마동 428-6,30170312134572,,,,False
인터빌,2001,2.3,36.33988360428055,127.36719289743438,대전광역시 서구 갈마동 432-6,30170100219609,A10024441,75.0,None,Needs Review
포스빌,2002,2.3,36.349581689221154,127.37376395120066,대전광역시 서구 갈마동 910,30170100011663,,,,False
나이스빌,2002,2.3,36.34944860904304,127.37403747663367,대전광역시 서구 갈마동 911,30170100011658,,,,False
좋은하루1차,2011,2.3,36.349326138477736,127.3742836215508,대전광역시 서구 갈마동 912,30170120145613,A10021512,,None,False
좋은하루2차,2012,2.3,36.34920228504072,127.3745576074292,대전광역시 서구 갈마동 913,30170120163621,A30217005,31.0,"관리사무소, 자전거보관소",Needs Review
리쥬파크,2005,2.3,36.34900104584686,127.3749317269594,대전광역시 서구 갈마동 1039,30170100448942,,,,False
비너스빌,2003,2.3,36.34886914120754,127.3751970950738,대전광역시 서구 갈마동 1040,30170100011659,,,,False
아트리움,2006,2.3,36.348737534317024,127.37545209799286,대전광역시 서구 갈마동 1041,30170120029578,,,,False
경성큰마을,1995,2.3,36.34507988440775,127.37671385367544,대전광역시 서구 갈마동 1418,30170100011649,,,,False
오벨리스크,2001,2.3,36.34745589201957,127.37691921222822,대전광역시 서구 갈마동 1436,30170100011660,,,,False
위너스빌2,2004,2.3,36.34726114415277,127.37706429652891,대전광역시 서구 갈마동 1437,30170100051943,,,,False
나이스타운,2001,2.3,36.34640690421988,127.37770140448131,대전광역시 서구 갈마동 1441,30170100011661,,,,False
위너스빌1,2003,2.3,36.34621152230254,127.37784716743836,대전광역시 서구 갈마동 1442,30170100051927,,,,False
드림타운,2006,2.3,36.3453684411551,127.37847369379746,대전광역시 서구 갈마동 1446,30170120029579,,,,False
웰리움,2006,2.3,36.34499027397612,127.37875639811536,대전광역시 서구 갈마동 1448,30170120050303,,,,False
베누스타운,2002,2.3,36.34461427308305,127.3790549035222,대전광역시 서구 갈마동 1450,30170100011662,,,,False
다우갤러리휴리움아파트,2018,2.3,36.350443452408186,127.36874621732532,대전광역시 서구 갈마동 1496,30170120376537,,,,False
영풍빌라,1989,2.3,36.34867919210156,127.36398578732818,대전광역시 서구 갈마동 산35-44,30170200011657,,,,False
샘머리1차,1998,2.3,36.36329361307477,127.39170633107383,대전광역시 서구 둔산동 907,30170100011664,,,,False
샘머리2차,1998,2.3,36.36121513093657,127.39314542961554,대전광역시 서구 둔산동 908,30170100255383,,,,False
꿈나무,1994,2.3,36.36048918004092,127.39181653534212,대전광역시 서구 둔산동 908-1,30170100011665,,,,False
은초롱,1994,2.3,36.35995754105946,127.3939529121224,대전광역시 서구 둔산동 908-3,30170100011671,A10023432,60.0,"관리사무소, 노인정, 어린이놀이터, 자전거보관소",Needs Review
수정타운,1993,2.3,36.35936590471022,127.39716568366084,대전광역시 서구 둔산동 909,30170100011669,A30271403,633.0,"관리사무소, 노인정, 주민공동시설, 어린이놀이터, 휴게시설, 유치원, 자전거보관소, 기타",Needs Review
둥지,1994,2.3,36.35882552986956,127.39205560938048,대전광역시 서구 둔산동 912,30170100011667,A30212007,394.0,"관리사무소, 노인정, 주민공동시설, 어린이놀이터, 유치원, 자전거보관소",Needs Review
파랑새,1995,2.3,36.356383855812936,127.37548217022966,대전광역시 서구 둔산동 957,30170100011674,A30271402,137.0,"관리사무소, 노인정, 어린이놀이터, 휴게시설, 자전거보관소",Needs Review
향촌,1995,2.3,36.35383537456174,127.3754698590943,대전광역시 서구 둔산동 970,30170100011676,,,,False
레자미2차,2012,2.3,36.35451465342716,127.37690583425096,대전광역시 서구 둔산동 973,30170120147517,A10021428,12.0,None,Needs Review
갤러리빌7차,2011,2.3,36.35425273301871,127.37690449329142,대전광역시 서구 둔산동 974,30170120146638,,,,False
겔러리빌,2003,2.3,36.3537500240693,127.37690202383908,대전광역시 서구 둔산동 977,30170100052217,,,,False
타임빌,2003,2.3,36.35315571374336,127.37689883578,대전광역시 서구 둔산동 979,30170100051902,,,,False
플로채,2011,2.3,36.35299165868816,127.37689796468928,대전광역시 서구 둔산동 980,30170120143549,,,,False
갤러리아타운,2003,2.3,36.35167024456893,127.37608926141792,대전광역시 서구 둔산동 1073,30170100219618,,,,False
더프라임시티,2019,2.3,36.35192288877948,127.37521525676723,대전광역시 서구 둔산동 1083,30170120392599,A10025313,132.0,"관리사무소, 자전거보관소",True
둔산플러스,2011,2.3,36.35137737359119,127.37486262960212,대전광역시 서구 둔산동 1086,30170120142305,,,,False
더팰리스,2017,2.3,36.351697109696005,127.37447262658502,대전광역시 서구 둔산동 1088,30170120354295,,,,False
더하임,2017,2.3,36.35144196348121,127.37430748062188,대전광역시 서구 둔산동 1088-1,30170120348489,,,,False
리베라스위트빌,2003,2.3,36.35220522337588,127.37438510523036,대전광역시 서구 둔산동 1093,30170100052010,,,,False
스카이빌,2003,2.3,36.351836477444735,127.37417692935858,대전광역시 서구 둔산동 1094,30170100011677,A10021581,49.0,"관리사무소, 자전거보관소, 기타",Needs Review
하이스트빌,2002,2.3,36.35158176784509,127.37403263839025,대전광역시 서구 둔산동 1095,30170100011678,A10021732,42.0,None,Needs Review
두양리체스,2004,2.3,36.351224398996905,127.37389248125044,대전광역시 서구 둔산동 1097,30170100448943,,,,False
리마,2016,2.3,36.35007679086982,127.3755881109428,대전광역시 서구 둔산동 1115,30170120345265,,,,False
두운힐스,2003,2.3,36.35025380643748,127.37519095462298,대전광역시 서구 둔산동 1116,30170100011679,,,,False
이노빌,2002,2.3,36.35038648007641,127.37492464855248,대전광역시 서구 둔산동 1117,30170100011680,,,,False
나이스진,2003,2.3,36.35050709206088,127.37468246781364,대전광역시 서구 둔산동 1118,30170100051997,,,,False
메르하우젠,2004,2.3,36.35073241577971,127.37420300365662,대전광역시 서구 둔산동 1119,30170100219619,A30212003,172.0,"관리사무소, 자전거보관소",Needs Review
아이브,2017,2.3,36.35096730041589,127.37372232560324,대전광역시 서구 둔산동 1122,30170120353777,,,,False
갤러리빌,2004,2.3,36.34558248040929,127.3802654324843,대전광역시 서구 둔산동 1141,30170100219620,,,,False
(1182-0),2002,2.3,36.35072314901282,127.38131521435352,대전광역시 서구 둔산동 1182,30170200442575,,,,False
은하수,1994,2.3,36.3498252200856,127.37972273696948,대전광역시 서구 둔산동 1203,30170100011672,A30212005,382.0,"관리사무소, 노인정, 어린이놀이터, 휴게시설, 유치원, 자전거보관소, 기타",Needs Review
녹원,1994,2.3,36.3473545771307,127.38068104648757,대전광역시 서구 둔산동 1204,30170100011666,A10021814,19.0,None,Needs Review
시티팰리스7차,2017,2.3,36.34978282756663,127.3825975062144,대전광역시 서구 둔산동 1263,30170120358681,A10021110,47.0,"관리사무소, 자전거보관소",Needs Review
영진햇님,1993,2.3,36.35632769935168,127.39267805464284,대전광역시 서구 둔산동 1383,30170100011670,,,,False
한마루아파트,1992,2.3,36.35499724997501,127.39209201948373,대전광역시 서구 둔산동 1388,30170100011675,,,,False
크로바,1992,2.3,36.35242250485101,127.39274187883152,대전광역시 서구 둔산동 1509,30170100011673,A68082503,18.0,"관리사무소, 노인정, 자전거보관소",Needs Review
목련,1993,2.3,36.35011107243079,127.39202524384912,대전광역시 서구 둔산동 1510,30170100011668,A30212006,993.0,"관리사무소, 노인정, 어린이놀이터",Needs Review
가람,1991,2.3,36.35653499626449,127.39835748889377,대전광역시 서구 둔산동 1805,30170100011631,A30274408,550.0,"관리사무소, 노인정, 어린이놀이터, 자전거보관소",Needs Review
국화동성,1991,2.3,36.35367834215703,127.39783410155324,대전광역시 서구 둔산동 1809,30170100011632,A30278206,96.0,"관리사무소, 노인정, 어린이놀이터, 자전거보관소",Needs Review
청솔아파트,1991,2.3,36.35239659507026,127.3986558983134,대전광역시 서구 둔산동 1811,30170100011638,A30575206,342.0,"관리사무소, 노인정, 어린이놀이터, 유치원, 자전거보관소",Needs Review
보라1차(임대),1991,2.3,36.352446420316326,127.40057108774296,대전광역시 서구 둔산동 1812,30170100219586,,,,False
월평타운,1994,2.3,36.352783408785925,127.35925078784592,대전광역시 서구 월평동 18-2,30170100011687,A30228002,114.0,"관리사무소, 노인정, 보육시설, 어린이놀이터, 자전거보관소",Needs Review
빅토리아힐,2021,2.7 (검증필요),36.35179289536144,127.36109542259211,대전광역시 서구 월평동 21-2,30170320426670,,,,False
자연빌리지가나동,1995,2.3,36.35193884248663,127.36086362593092,대전광역시 서구 월평동 21-3,30170312134618,,,,False
자연빌리지다동,1995,2.3,36.35206336818729,127.36101516475632,대전광역시 서구 월평동 25-5,30170312134619,,,,False
더빅토리아,2021,2.7 (검증필요),36.351240229958464,127.36171410781408,대전광역시 서구 월평동 25-75,30170120418375,,,,False
주공1단지아파트,1993,2.3,36.36382731399428,127.36901490046183,대전광역시 서구 월평동 218,30170100219627,A10020669,,None,False
은뜰마을,1993,2.3,36.36304722674788,127.37063812114894,대전광역시 서구 월평동 218-7,30170100011689,A30228003,0.0,"관리사무소, 노인정, 보육시설, 어린이놀이터, 자전거보관소",False
주공아파트3단지,1993,2.3,36.36405378107851,127.37280810840832,대전광역시 서구 월평동 218-8,30170120429705,A50010007,0.0,"관리사무소, 노인정, 어린이놀이터, 유치원, 자전거보관소",False
한아름,1994,2.3,36.36385716847078,127.3755181452632,대전광역시 서구 월평동 222,30170100011692,A30275304,740.0,"관리사무소, 노인정, 어린이놀이터, 자전거보관소",Needs Review
무궁화,1994,2.3,36.36374939572911,127.37796878090226,대전광역시 서구 월평동 223,30170100011683,A10021585,0.0,"관리사무소, 어린이놀이터, 자전거보관소",False
백합,1993,2.3,36.36148260817349,127.37550720390144,대전광역시 서구 월평동 266,30170100011685,A54509009,0.0,"관리사무소, 노인정, 보육시설, 주민공동시설, 어린이놀이터, 휴게시설, 유치원, 자전거보관소, 기타",False
샛별,1993,2.3,36.36044747205479,127.37550252787508,대전광역시 서구 월평동 266-1,30170100011686,A30274704,146.0,"관리사무소, 노인정, 어린이놀이터, 자전거보관소",Needs Review
갤러리빌럭스,2005,2.3,36.35814546901294,127.37692549826625,대전광역시 서구 월평동 298,30170120000242,,,,False
무지개,1994,2.3,36.35883813233983,127.3754940525129,대전광역시 서구 월평동 300,30170100011684,A30275001,338.0,"관리사무소, 노인정, 어린이놀이터, 유치원",Needs Review
누리,1994,2.3,36.35887957143659,127.37135454513694,대전광역시 서구 월평동 301,30170100011681,A30279105,1586.0,"관리사무소, 노인정, 주민공동시설, 어린이놀이터, 커뮤니티공간, 자전거보관소",Needs Review
황실타운,1994,2.3,36.361577193569815,127.37136814170988,대전광역시 서구 월평동 302,30170100011693,A30228006,466.0,"관리사무소, 노인정, 주민공동시설, 어린이놀이터, 휴게시설, 자전거보관소",Needs Review
다모아,1994,2.3,36.36217044787874,127.36656944128777,대전광역시 서구 월평동 311,30170100011682,,,,False
하나로,1993,2.3,36.36107250868278,127.36441459963264,대전광역시 서구 월평동 311-1,30170100011691,A30274804,134.0,"관리사무소, 노인정, 주민공동시설, 어린이놀이터, 자전거보관소",Needs Review
전원,1994,2.3,36.359169306180405,127.3647055062271,대전광역시 서구 월평동 312,30170100011688,A30275701,126.0,"관리사무소, 노인정, 어린이놀이터, 자전거보관소, 기타",Needs Review
진달래,1995,2.3,36.3590807153012,127.3668216294978,대전광역시 서구 월평동 312-1,30170100011690,A30275402,496.0,None,Needs Review
갤러리빌9차,2013,2.3,36.35673450672675,127.3623694445352,대전광역시 서구 월평동 508,30170120176042,A10021204,48.0,None,Needs Review
갤러리빌8차,2012,2.3,36.356947071805536,127.362370511262,대전광역시 서구 월평동 509,30170120163676,A10020148,48.0,"관리사무소, 자전거보관소",Needs Review
빅토리아빌,2019,2.3,36.35241993951975,127.3614274696198,대전광역시 서구 월평동 1637,30170120390328,,,,False
에코리움,2020,2.3,36.3515247621982,127.36107685875,대전광역시 서구 월평동 1638,30170120401645,,,,False
계룡,1986,2.3,36.302644806755296,127.3508008089989,대전광역시 서구 가수원동 643,30170100011694,A30184601,0.0,"관리사무소, 노인정, 어린이놀이터, 자전거보관소",False
가수원연립,1983,2.3,36.30304575326433,127.34754812872666,대전광역시 서구 가수원동 656-49,30170312134637,,,,False
은아3단지,1990,2.3,36.304015710887896,127.35078487306978,대전광역시 서구 가수원동 762,30170100011697,A30275102,53.0,"관리사무소, 노인정, 어린이놀이터, 휴게시설, 자전거보관소",Needs Review
은아1단지,1989,2.3,36.30209772196184,127.35195218460277,대전광역시 서구 가수원동 769-2,30170100011695,A30275104,0.0,"관리사무소, 노인정, 주민공동시설, 어린이놀이터, 유치원, 자전거보관소",False
은아2단지,1990,2.3,36.30041465301239,127.35469807277846,대전광역시 서구 가수원동 793-1,30170100011696,A30275101,0.0,"관리사무소, 노인정, 어린이놀이터, 자전거보관소",False
은아5단지,1991,2.3,36.29860642271517,127.355546508549,대전광역시 서구 가수원동 808,30170100219638,A30275103,117.0,None,Needs Review
모아드림,2014,2.3,36.30160202652639,127.34975201760508,대전광역시 서구 가수원동 1392,30170120295962,A30271801,118.0,"노인정, 어린이놀이터, 휴게시설, 자전거보관소, 기타",Needs Review
금성백조예미지,2012,2.3,36.33097885576628,127.34320835349784,대전광역시 서구 도안동 965,30170120161143,A10026981,390.0,"관리사무소, 노인정, 보육시설, 문고, 주민공동시설, 어린이놀이터, 휴게시설, 커뮤니티공간, 자전거보관소, 기타",Needs Review
한라비발디,2011,2.3,36.32879692408821,127.3429845008814,대전광역시 서구 도안동 966,30170120143757,A53073524,714.0,"관리사무소, 노인정, 어린이놀이터, 커뮤니티공간, 자전거보관소",Needs Review
현대아이파크,2013,2.3,36.3221521166908,127.34588302293082,대전광역시 서구 도안동 1362,30170120183624,,,,False
엘드수목토,2010,2.3,36.31948154235327,127.3459191622762,대전광역시 서구 도안동 1364,30170120130705,,,,False
도안리슈빌,2014,2.3,36.31549469356293,127.34709644501991,대전광역시 서구 도안동 1369,30170120299659,A30272906,1607.0,"관리사무소, 노인정, 보육시설, 문고, 주민공동시설, 어린이놀이터, 휴게시설, 커뮤니티공간, 자전거보관소",Needs Review
도안베르디움,2014,2.3,36.31334951675747,127.34815363886418,대전광역시 서구 도안동 1373,30170120287440,A30272905,1260.0,"관리사무소, 노인정, 보육시설, 문고, 주민공동시설, 어린이놀이터, 휴게시설, 커뮤니티공간, 자전거보관소",Needs Review
도안18단지린풀하우스,2014,2.3,36.310178616236925,127.34902465921988,대전광역시 서구 도안동 1564,30170120300152,A30271802,2250.0,"관리사무소, 노인정, 보육시설, 문고, 주민공동시설, 어린이놀이터, 휴게시설, 유치원, 커뮤니티공간, 자전거보관소, 기타",Needs Review
대전도안엘에이치천년나무행복1단지,2017,2.3,36.304641314762335,127.3467985258214,대전광역시 서구 도안동 1577,30170120358682,,,,False
트리풀시티레이크포레,2021,2.7 (검증필요),36.32324524483244,127.34954266627976,대전광역시 서구 도안동 2354,30170120429160,A10024052,2990.0,"관리사무소, 노인정, 보육시설, 문고, 주민공동시설, 어린이놀이터, 휴게시설, 유치원, 커뮤니티공간, 자전거보관소",True
원앙마을1,1997,2.3,36.30949913485748,127.33606421195228,대전광역시 서구 관저동 979,30170100011704,,,,False
원앙마을2,1997,2.3,36.30945196802465,127.33929473240993,대전광역시 서구 관저동 984,30170100011705,,,,False
대자연마을,1998,2.3,36.3062800317858,127.33780028811012,대전광역시 서구 관저동 990,30170100011702,A30272404,1267.0,"관리사무소, 노인정, 주민공동시설, 어린이놀이터, 자전거보관소",Needs Review
원앙마을4,1997,2.3,36.303313095088505,127.33963920070713,대전광역시 서구 관저동 999,30170100011706,,,,False
신선마을,2000,2.3,36.2997255497818,127.33349737177686,대전광역시 서구 관저동 1130,30170100011703,A30281202,1261.0,"관리사무소, 노인정, 보육시설, 어린이놀이터, 자전거보관소",Needs Review
구봉마을5,2000,2.3,36.29934352623011,127.3270257829183,대전광역시 서구 관저동 1137,30170100011698,,,,False
구봉마을주공7,1999,2.3,36.297610166072005,127.32834425628474,대전광역시 서구 관저동 1144,30170100011700,,,,False
구봉마을8-2(임대),1999,2.3,36.29761777130532,127.3323411279944,대전광역시 서구 관저동 1148,30170100219646,,,,False
구봉마을9단지,2000,2.3,36.2946311883434,127.33203211233266,대전광역시 서구 관저동 1154,30170100011699,A30272304,642.0,"관리사무소, 노인정, 보육시설, 어린이놀이터, 자전거보관소",Needs Review
느리울마을13단지,2002,2.3,36.29633301522586,127.34254559949784,대전광역시 서구 관저동 1394,30170100219648,,,,False
느리울마을12단지,2002,2.3,36.29784862289479,127.34235150153091,대전광역시 서구 관저동 1398,30170100011707,,,,False
관저리슈빌,2005,2.3,36.30100915484258,127.34203634686445,대전광역시 서구 관저동 1420,30170120010184,A30279607,846.0,"관리사무소, 노인정, 어린이놀이터, 자전거보관소",Needs Review
느리울마을11단지,2004,2.3,36.30094243055144,127.34382650359484,대전광역시 서구 관저동 1422,30170100219650,A30279608,574.0,None,Needs Review
중흥S-클래스프라디움,2016,2.3,36.29462535208419,127.33557234143176,대전광역시 서구 관저동 1566,30170120335596,A10027497,208.0,"관리사무소, 문고, 주민공동시설, 어린이놀이터, 커뮤니티공간, 자전거보관소",Needs Review
관저예미지명가의풍경,2017,2.3,36.29409282027994,127.33360408190228,대전광역시 서구 관저동 1579,30170120359257,A10026637,1358.0,"관리사무소, 노인정, 보육시설, 주민공동시설, 어린이놀이터, 커뮤니티공간, 자전거보관소",Needs Review
다온숲3단지,2016,2.3,36.29351647776204,127.33894907952288,대전광역시 서구 관저동 1584,30170120340116,A10027475,1288.0,"관리사무소, 노인정, 보육시설, 주민공동시설, 어린이놀이터, 유치원, 커뮤니티공간, 자전거보관소",Needs Review
관저어반힐스,2017,2.3,36.29465555061235,127.34270059487152,대전광역시 서구 관저동 1593,30170120356236,A10026808,701.0,"관리사무소, 노인정, 보육시설, 문고, 주민공동시설, 어린이놀이터, 자전거보관소",Needs Review
관저지구효성해링턴플레이스,2016,2.3,36.29334092898817,127.3417043430293,대전광역시 서구 관저동 1595,30170120332095,,,,False
관저5엘에이치천년나무1단지,2015,2.3,36.293489396296565,127.34415597699432,대전광역시 서구 관저동 1599,30170120331211,,,,False
관저더샵2,2019,2.3,36.29294115887017,127.32596676290692,대전광역시 서구 관저동 1982,30170120391184,,,,False
관저더샵,2018,2.3,36.29451275692231,127.32925764089582,대전광역시 서구 관저동 1985,30170120362816,A10026274,1249.0,"관리사무소, 노인정, 보육시설, 문고, 주민공동시설, 어린이놀이터, 휴게시설, 커뮤니티공간, 자전거보관소",Needs Review
상아,1995,2.3,36.3696314399494,127.3780256583368,대전광역시 서구 만년동 1,30170100011710,A50601003,64.0,"관리사무소, 노인정, 어린이놀이터, 자전거보관소",Needs Review
초원,1995,2.3,36.36827120445811,127.37801953013135,대전광역시 서구 만년동 1-1,30170100011711,A54509003,0.0,"관리사무소, 노인정, 보육시설, 문고, 주민공동시설, 어린이놀이터, 휴게시설, 유치원, 커뮤니티공간, 자전거보관소, 기타",False
강변,1996,2.3,36.36859827094195,127.37578528859568,대전광역시 서구 만년동 1-2,30170100011708,A13790714,0.0,"관리사무소, 노인정, 어린이놀이터, 자전거보관소",False
상록수,1995,2.3,36.36609664636477,127.3781228032302,대전광역시 서구 만년동 281,30170100011709,A10024434,93.0,"관리사무소, 노인정, 자전거보관소",Needs Review
해가든센트럴파크,2011,2.3,36.3653766113266,127.37998837574708,대전광역시 서구 만년동 282,30170120142274,,,,False
그레이스K5,2021,2.7 (검증필요),36.36535710809012,127.3810371467687,대전광역시 서구 만년동 369,30170120430682,,,,False
시티팰리스,2017,2.3,36.36535635839033,127.38142721098774,대전광역시 서구 만년동 371,30170120347126,,,,False
시티팰리스,2016,2.3,36.36537111125496,127.38170640015488,대전광역시 서구 만년동 372,30170120341791,,,,False
그레이스K2,2020,2.3,36.3687070487014,127.38256887728222,대전광역시 서구 만년동 391,30170120415299,,,,False
(1-12),2018,2.3,36.302424141428894,127.33032391940738,대전광역시 유성구 원내동 1-12,30200320381240,,,,False
(70-9),1991,2.3,36.30172130180568,127.31721691017704,대전광역시 유성구 원내동 70-9,30200320073502,,,,False
대진빌라,1994,2.3,36.30151065134402,127.31837702797256,대전광역시 유성구 원내동 78-6,30200312134666,,,,False
(80-12),2011,2.3,36.30371344385688,127.31928109204436,대전광역시 유성구 원내동 80-12,30200220139777,,,,False
동양팰리스,2015,2.3,36.30323864468927,127.3186279708957,대전광역시 유성구 원내동 84-4,30200320311505,,,,False
이화빌라,1995,2.3,36.30102103206041,127.31962694303397,대전광역시 유성구 원내동 92-10,30200312134684,,,,False
대청빌라,1996,2.3,36.30067920801393,127.3188686897845,대전광역시 유성구 원내동 93-1,30200312134682,,,,False
진보빌라101동,1991,2.3,36.300788608542206,127.31905125831064,대전광역시 유성구 원내동 93-4,30200312134679,,,,False
진보빌라102,1991,2.3,36.30073557147136,127.31919190303644,대전광역시 유성구 원내동 93-5,30200312134680,,,,False
진보빌라103동,1991,2.3,36.300767835730646,127.31934214714026,대전광역시 유성구 원내동 93-6,30200312134681,,,,False
이화빌라가동,1994,2.3,36.30076693486555,127.31954212334144,대전광역시 유성구 원내동 93-9,30200312134683,,,,False
중앙빌라1동,1989,2.3,36.30093098940883,127.31565538132132,대전광역시 유성구 원내동 197-3,30200312134668,,,,False
우당빌라,1992,2.3,36.300834028864685,127.31596375563868,대전광역시 유성구 원내동 197-6,30200312134669,,,,False
중앙빌라2동,1990,2.3,36.300797171131634,127.3157079843716,대전광역시 유성구 원내동 197-24,30200312134670,,,,False
리콘주택A,1990,2.3,36.30116912901354,127.31704460170758,대전광역시 유성구 원내동 199-7,30200312134671,,,,False
리콘주택B,1990,2.3,36.30119290864761,127.31719081489771,대전광역시 유성구 원내동 199-22,30200312134672,,,,False
리콘빌라C동,1990,2.3,36.30121659938166,127.3173360114459,대전광역시 유성구 원내동 199-23,30200312134673,,,,False
골드빌리지A,2005,2.3,36.3004351009825,127.3172663952972,대전광역시 유성구 원내동 208-8,30200320009341,,,,False
골드빌리지B,2005,2.3,36.300453483800624,127.31741422779908,대전광역시 유성구 원내동 208-23,30200320009342,,,,False
건영빌리지3,2014,2.3,36.29933703789338,127.31746433536604,대전광역시 유성구 원내동 225-6,30200320305288,,,,False
건영빌리지II,2014,2.3,36.29911916557624,127.31735481898036,대전광역시 유성구 원내동 225-12,30200320286309,,,,False
건영빌리지I,2014,2.3,36.29903324740111,127.31708270912765,대전광역시 유성구 원내동 225-13,30200320286477,,,,False
채움빌,2012,2.3,36.30019222088816,127.31835932165416,대전광역시 유성구 원내동 227-3,30200320161810,,,,False
태원가,1994,2.3,36.30025613086846,127.32057315033197,대전광역시 유성구 원내동 321-2,30200312134674,,,,False
태원나,1994,2.3,36.300254435626016,127.32074570748884,대전광역시 유성구 원내동 321-13,30200312134675,,,,False
천광빌라B,1997,2.3,36.30025264992428,127.32093170862083,대전광역시 유성구 원내동 321-14,30200312134676,,,,False
천광빌라A,1997,2.3,36.30025091388551,127.32110908304284,대전광역시 유성구 원내동 321-15,30200312134677,,,,False
왕성빌라,1997,2.3,36.30023573687962,127.32125337679102,대전광역시 유성구 원내동 321-16,30200312134678,,,,False
신우한아름,1998,2.3,36.29520473647058,127.31879399161582,대전광역시 유성구 원내동 357,30200100011229,A10021137,,None,False
진잠타운,1995,2.3,36.29706937287052,127.32108707429066,대전광역시 유성구 원내동 383,30200100011230,A30575703,0.0,"관리사무소, 노인정, 어린이놀이터, 자전거보관소",False
샘물타운,1996,2.3,36.299052890589536,127.32160539280292,대전광역시 유성구 원내동 394,30200100011228,A30572401,366.0,"관리사무소, 노인정, 보육시설, 어린이놀이터",Needs Review
충남방적,1983,2.3,36.30686244827068,127.33253465947212,대전광역시 유성구 원내동 758,30200212134688,,,,False
미메이드,2006,2.3,36.30622393414808,127.3183610172886,대전광역시 유성구 교촌동 616,30200120061377,,,,False
제이파크,2005,2.3,36.30456022191196,127.31900486078676,대전광역시 유성구 교촌동 617,30200120009343,A30525001,272.0,"관리사무소, 노인정, 어린이놀이터, 자전거보관소",Needs Review
도시형생활주택,2015,2.3,36.30405508446532,127.31715339384846,대전광역시 유성구 교촌동 625-4,30200220319129,,,,False
637-2,2012,2.3,36.302691082052434,127.31437072299197,대전광역시 유성구 교촌동 637-2,30200320171104,,,,False
은하수빌,2013,2.3,36.30247594771514,127.31432574484748,대전광역시 유성구 교촌동 637-4,30200220173374,,,,False
둥지빌,2012,2.3,36.30017856335995,127.31452080371908,대전광역시 유성구 교촌동 642-10,30200320162494,,,,False
(2-4),2003,2.3,36.31684625385734,127.33508305757236,대전광역시 유성구 대정동 2-4,30200312134689,,,,False
(2-5),2003,2.3,36.31676400977292,127.33518090729658,대전광역시 유성구 대정동 2-5,30200312134690,,,,False
(2-6),2003,2.3,36.31667959754338,127.33532142953048,대전광역시 유성구 대정동 2-6,30200312134691,,,,False
초원빌라나동,2004,2.3,36.31534452741882,127.33560579263602,대전광역시 유성구 대정동 19-4,30200312134694,,,,False
(60-1),2002,2.3,36.31461837660076,127.33121259960444,대전광역시 유성구 대정동 60-1,30200312134695,,,,False
(68-1),2003,2.3,36.31521119869362,127.33420063118004,대전광역시 유성구 대정동 68-1,30200312134696,,,,False
(69-1),2005,2.3,36.314891896554656,127.33439419032972,대전광역시 유성구 대정동 69-1,30200320009344,,,,False
(69-13),2005,2.3,36.31504564883442,127.33451087071344,대전광역시 유성구 대정동 69-13,30200320020624,,,,False
(74-0),2005,2.3,36.31633732482651,127.33409380986208,대전광역시 유성구 대정동 74,30200300442576,,,,False
(79-0),2006,2.3,36.316914786264384,127.33354954268955,대전광역시 유성구 대정동 79,30200320009345,,,,False
(79-1),2005,2.3,36.31679250464545,127.33345129428332,대전광역시 유성구 대정동 79-1,30200320009346,,,,False
하이빌A,2005,2.3,36.31686092465763,127.33365418552178,대전광역시 유성구 대정동 79-2,30200312296001,,,,False
하이빌B,2004,2.3,36.3167143009396,127.3338093009057,대전광역시 유성구 대정동 79-3,30200318241100,,,,False
(79-4),2005,2.3,36.31677577060598,127.33330161993722,대전광역시 유성구 대정동 79-4,30200300442577,,,,False
(79-5),2004,2.3,36.31661780420361,127.33323666284387,대전광역시 유성구 대정동 79-5,30200318241110,,,,False
(90-1),2004,2.3,36.31759301655424,127.33335588518813,대전광역시 유성구 대정동 90-1,30200312134699,,,,False
(90-2),2004,2.3,36.317340374871264,127.33331175765504,대전광역시 유성구 대정동 90-2,30200312134700,,,,False
(94-0),2004,2.3,36.31805148738455,127.33211702522122,대전광역시 유성구 대정동 94,30200312134701,,,,False
94-1,2004,2.3,36.317829482777135,127.33201373881914,대전광역시 유성구 대정동 94-1,30200320095078,,,,False
98-0,2005,2.3,36.31744193144099,127.33173710462592,대전광역시 유성구 대정동 98,30200320095236,,,,False
98-1,2005,2.3,36.31710128088035,127.33147997068367,대전광역시 유성구 대정동 98-1,30200320095237,,,,False
0104-0001,2005,2.3,36.31609874276564,127.33290441777828,대전광역시 유성구 대정동 104-1,30200320083333,,,,False
(123-0),2004,2.3,36.31762677911931,127.32436004986148,대전광역시 유성구 대정동 123,30200318241160,,,,False
크로바주택및근생,2004,2.3,36.31483075373153,127.3242944253016,대전광역시 유성구 대정동 139-4,30200312134702,,,,False
(147-0),2003,2.3,36.31397139124136,127.32542596098766,대전광역시 유성구 대정동 147,30200312134703,,,,False
(194-0),2003,2.3,36.31225424647418,127.32695886372602,대전광역시 유성구 대정동 194,30200312134704,,,,False
(195-1),2005,2.3,36.312076239224425,127.3273693698192,대전광역시 유성구 대정동 195-1,30200320009347,,,,False
서진빌라,2004,2.3,36.31232955729625,127.32717329736457,대전광역시 유성구 대정동 195-4,30200318241200,,,,False
영광빌,2004,2.3,36.31184521988097,127.32479824158996,대전광역시 유성구 대정동 204-4,30200312134705,,,,False
보성빌,2004,2.3,36.31164324366717,127.3250560475026,대전광역시 유성구 대정동 204-15,30200312134706,,,,False
대정빌라,2004,2.3,36.31191375055947,127.32622661713113,대전광역시 유성구 대정동 206-1,30200312134707,,,,False
남부빌라,2004,2.3,36.31195079880466,127.3264447933029,대전광역시 유성구 대정동 206-5,30200312134708,,,,False
금명빌딩,2004,2.3,36.31179961330562,127.32663733981818,대전광역시 유성구 대정동 206-7,30200312134709,,,,False
(253-1),2003,2.3,36.31055113425354,127.32042916400262,대전광역시 유성구 대정동 253-1,30200318241260,,,,False
드리움1단지,2004,2.3,36.31385495591144,127.32269395339486,대전광역시 유성구 대정동 316-1,30200100219654,A30525102,408.0,"관리사무소, 노인정, 보육시설, 어린이놀이터, 유치원, 자전거보관소",Needs Review
드리움2단지,2006,2.3,36.31269071839462,127.32226621472844,대전광역시 유성구 대정동 317-1,30200120033403,A30525101,390.0,"관리사무소, 노인정, 보육시설, 주민공동시설, 어린이놀이터, 자전거보관소",Needs Review
유지하우스B,2005,2.3,36.32233395118891,127.33225799229906,대전광역시 유성구 용계동 49-8,30200320009353,,,,False
팔복빌라7동,2005,2.3,36.32712580784823,127.3290751577726,대전광역시 유성구 용계동 110-1,30200320009356,,,,False
팔복빌라3동,2004,2.3,36.32731302078072,127.32944024712457,대전광역시 유성구 용계동 110-2,30200318241720,,,,False
팔복빌라6동,2004,2.3,36.326918062679816,127.32911425518964,대전광역시 유성구 용계동 110-7,30200318241730,,,,False
팔복빌라2동,2004,2.3,36.32714120193823,127.32955560428108,대전광역시 유성구 용계동 110-8,30200318241740,,,,False
팔복빌라5동,2004,2.3,36.32669944006193,127.32929985179138,대전광역시 유성구 용계동 110-10,30200318241750,,,,False
팔복빌라1동,2004,2.3,36.32691597436864,127.32960361219016,대전광역시 유성구 용계동 110-14,30200318241760,,,,False
용계빌라,2005,2.3,36.32811226620148,127.33028467881816,대전광역시 유성구 용계동 113-1,30200320009357,,,,False
미래로빌라,2003,2.3,36.32895627110482,127.33109362452988,대전광역시 유성구 용계동 114-3,30200312134748,,,,False
대양4빌라,2003,2.3,36.33120196724968,127.33109858386293,대전광역시 유성구 용계동 163,30200312134749,,,,False
대양1빌라,2002,2.3,36.33094514011832,127.3311491383171,대전광역시 유성구 용계동 163-1,30200312134750,,,,False
대양2빌라,2002,2.3,36.331017534261214,127.33139727869668,대전광역시 유성구 용계동 163-2,30200312134751,,,,False
대양3빌라,2003,2.3,36.33140577824042,127.3314829623526,대전광역시 유성구 용계동 163-4,30200312134752,,,,False
대양5빌라,2002,2.3,36.33118469089868,127.33034399583828,대전광역시 유성구 용계동 165-3,30200312134753,,,,False
태현빌라103,2004,2.3,36.33042808597871,127.33127325162368,대전광역시 유성구 용계동 165-7,30200312134754,,,,False
태현빌라101,2004,2.3,36.3298268666808,127.33133723198884,대전광역시 유성구 용계동 165-11,30200312134755,,,,False
대양6빌라,2003,2.3,36.33117564120878,127.330543607404,대전광역시 유성구 용계동 165-14,30200312134756,,,,False
대양7빌라,2003,2.3,36.3311743470847,127.3307794010365,대전광역시 유성구 용계동 165-15,30200312134757,,,,False
태현빌라102,2004,2.3,36.33009572620537,127.33148041596692,대전광역시 유성구 용계동 165-16,30200312134758,,,,False
(166-1),2002,2.3,36.33043662066399,127.3308175061623,대전광역시 유성구 용계동 166-1,30200312134759,,,,False
(166-5),2002,2.3,36.33005907757711,127.33090545981372,대전광역시 유성구 용계동 166-5,30200312134760,,,,False
인우빌라,2004,2.3,36.33159922911257,127.3300139295176,대전광역시 유성구 용계동 171-2,30200312134762,,,,False
(207-2),2004,2.3,36.32841908290845,127.32696076631444,대전광역시 유성구 용계동 207-2,30200318241920,,,,False
(207-12),2005,2.3,36.32834476942793,127.32708722992538,대전광역시 유성구 용계동 207-12,30200320009358,,,,False
보라주택,2004,2.3,36.32814866376598,127.32739599398954,대전광역시 유성구 용계동 207-15,30200318241940,,,,False
가가주택,2004,2.3,36.32825537303908,127.32780739600956,대전광역시 유성구 용계동 207-20,30200318241950,,,,False
(222-1),2002,2.3,36.327403446602766,127.32633728771722,대전광역시 유성구 용계동 222-1,30200312134763,,,,False
(223-4),2003,2.3,36.32679911522369,127.32595231257862,대전광역시 유성구 용계동 223-4,30200312134764,,,,False
(223-5),2004,2.3,36.326659096008925,127.3259036336294,대전광역시 유성구 용계동 223-5,30200312134765,,,,False
(229-6),2003,2.3,36.32571821341031,127.3247639899287,대전광역시 유성구 용계동 229-6,30200312134767,,,,False
해송빌라1,2004,2.3,36.32582346735725,127.32492597896608,대전광역시 유성구 용계동 230-2,30200312134768,,,,False
해송빌라3,2004,2.3,36.32561080336453,127.32531928729324,대전광역시 유성구 용계동 230-10,30200312134769,,,,False
해송빌라2,2004,2.3,36.32558773210769,127.32510019843689,대전광역시 유성구 용계동 230-11,30200312134770,,,,False
(236-5),2004,2.3,36.32318767006139,127.3247629342913,대전광역시 유성구 용계동 236-5,30200312134772,,,,False
(236-13),2003,2.3,36.3228373440002,127.324394228344,대전광역시 유성구 용계동 236-13,30200312134774,,,,False
용계빌라D,2003,2.3,36.322645163940535,127.32442739310876,대전광역시 유성구 용계동 236-15,30200312134775,,,,False
(236-16),2003,2.3,36.32267811420563,127.3245658542121,대전광역시 유성구 용계동 236-16,30200312134776,,,,False
용계빌라C,2003,2.3,36.32259472885447,127.32465880454552,대전광역시 유성구 용계동 236-17,30200312134777,,,,False
용계빌라A,2003,2.3,36.32289172473898,127.32474889404445,대전광역시 유성구 용계동 236-19,30200312134778,,,,False
용계빌라B,2003,2.3,36.322840505462,127.32483066036446,대전광역시 유성구 용계동 236-20,30200312134779,,,,False
용천빌라,2003,2.3,36.32296180284203,127.32489419388,대전광역시 유성구 용계동 236-21,30200312134780,,,,False
(249-0),2003,2.3,36.324306692862685,127.3264602969517,대전광역시 유성구 용계동 249,30200312134781,,,,False
(250-0),2002,2.3,36.32411628316386,127.32667671629346,대전광역시 유성구 용계동 250,30200312134782,,,,False
(265-5),2003,2.3,36.32430511617767,127.32697411695628,대전광역시 유성구 용계동 265-5,30200312134783,,,,False
(267-5),2004,2.3,36.32480202439804,127.32687198338556,대전광역시 유성구 용계동 267-5,30200318242170,,,,False
(268-0),2003,2.3,36.32503754586831,127.32729860621654,대전광역시 유성구 용계동 268,30200312134784,,,,False
(268-1),2003,2.3,36.32513241412704,127.32741599428958,대전광역시 유성구 용계동 268-1,30200312134785,,,,False
(271-2),2004,2.3,36.324887567199774,127.3282634193872,대전광역시 유성구 용계동 271-2,30200312134786,,,,False
(271-20),2004,2.3,36.32453108590356,127.32831969952056,대전광역시 유성구 용계동 271-20,30200312134792,,,,False
(271-21),2004,2.3,36.3245579265953,127.32823250029,대전광역시 유성구 용계동 271-21,30200312134793,,,,False
신광빌라,2004,2.3,36.3222678586738,127.32877203788988,대전광역시 유성구 용계동 289,30200312134795,,,,False
원용빌라,2004,2.3,36.32204514751084,127.32827503387465,대전광역시 유성구 용계동 289-2,30200312134797,,,,False
(289-3),2004,2.3,36.32220317145915,127.3291396868336,대전광역시 유성구 용계동 289-3,30200312134798,,,,False
(289-4),2004,2.3,36.322199146762806,127.32847439037997,대전광역시 유성구 용계동 289-4,30200312134799,,,,False
근용빌라,2004,2.3,36.32183900517124,127.32816887608072,대전광역시 유성구 용계동 289-6,30200312134800,,,,False
두원빌라,2005,2.3,36.32194539799489,127.32747488064324,대전광역시 유성구 용계동 301-5,30200300442581,,,,False
자연빌라,2003,2.3,36.32256470568045,127.32684040661648,대전광역시 유성구 용계동 301-6,30200312134801,,,,False
대보빌라,2003,2.3,36.3230425000948,127.32691570422016,대전광역시 유성구 용계동 302,30200312134802,,,,False
하이빌,2005,2.3,36.32207334498106,127.32741235932625,대전광역시 유성구 용계동 302-2,30200300442582,,,,False
화이트하우스A,2004,2.3,36.32278189775984,127.32718022087374,대전광역시 유성구 용계동 303-2,30200312134803,,,,False
목원빌리지,2004,2.3,36.32258010196789,127.32715815534144,대전광역시 유성구 용계동 303-3,30200312134804,,,,False
우강1빌라,2004,2.3,36.32257980700559,127.32739627841876,대전광역시 유성구 용계동 303-4,30200312134805,,,,False
우강2빌라,2004,2.3,36.32226956327136,127.32741468223392,대전광역시 유성구 용계동 303-7,30200312134806,,,,False
화이트하우스B,2004,2.3,36.322779416478966,127.32736955421834,대전광역시 유성구 용계동 303-9,30200312134807,,,,False
(323-1),2004,2.3,36.322077959428384,127.31955975587852,대전광역시 유성구 용계동 323-1,30200318242420,,,,False
(339-3),2006,2.3,36.32412371905676,127.32363349445929,대전광역시 유성구 용계동 339-3,30200320060037,,,,False
(339-5),2004,2.3,36.32365064157007,127.3238224930629,대전광역시 유성구 용계동 339-5,30200312134808,,,,False
(339-9),2004,2.3,36.32342963191921,127.323786163007,대전광역시 유성구 용계동 339-9,30200312134809,,,,False
(339-10),2004,2.3,36.32364153803994,127.3236329130142,대전광역시 유성구 용계동 339-10,30200312134810,,,,False
(339-11),2004,2.3,36.32358989075722,127.3233893247404,대전광역시 유성구 용계동 339-11,30200312134811,,,,False
(339-18),2006,2.3,36.32383526347596,127.32303568224025,대전광역시 유성구 용계동 339-18,30200320051103,,,,False
(341-0),2007,2.3,36.32350968011893,127.3230994945604,대전광역시 유성구 용계동 341,30200320073503,,,,False
(481-8),2005,2.3,36.322467721331634,127.31849027531212,대전광역시 유성구 용계동 481-8,30200300442583,,,,False
(481-9),2003,2.3,36.32219247197715,127.31832114804618,대전광역시 유성구 용계동 481-9,30200312134812,,,,False
(481-22),2004,2.3,36.32232932933728,127.31825342976956,대전광역시 유성구 용계동 481-22,30200312134813,,,,False
대전도안3행복주택,2022,2.7 (검증필요),36.32838338612939,127.33488361184055,대전광역시 유성구 용계동 673-4,30200120432391,,,,False
학하리슈빌포레,2022,2.7 (검증필요),36.33402286349944,127.3089931340326,대전광역시 유성구 학하동 787,30200120439092,,,,False
오투그란데,2011,2.3,36.3430399527734,127.30154556410729,대전광역시 유성구 계산동 721,30200120143956,A10023392,609.0,"관리사무소, 노인정, 보육시설, 자전거보관소",Needs Review
오투그란데리빙포레아파트,2018,2.3,36.34307104402504,127.30500695988523,대전광역시 유성구 계산동 722,30200120372614,A10026194,1161.0,"관리사무소, 노인정, 보육시설, 문고, 주민공동시설, 어린이놀이터, 휴게시설, 유치원, 커뮤니티공간, 자전거보관소, 기타",Needs Review
계룡리슈빌(학의뜰),2011,2.3,36.33777732902642,127.30176665098544,대전광역시 유성구 계산동 749,30200120142109,A33182916,330.0,"관리사무소, 노인정, 보육시설, 주민공동시설, 어린이놀이터, 자전거보관소",Needs Review
온천훼미리타운,2005,2.3,36.35635604420836,127.34048698550244,대전광역시 유성구 봉명동 441-11,30200100258104,,,,False
리베라아이누리2,2013,2.3,36.35496658727726,127.34061086623436,대전광역시 유성구 봉명동 445-4,30200120277404,A30530112,262.0,관리사무소,Needs Review
레자미3차,2013,2.3,36.3538223993336,127.34001130883232,대전광역시 유성구 봉명동 447-6,30200120178162,A30530110,204.0,"관리사무소, 주민공동시설, 휴게시설, 자전거보관소",Needs Review
더그린2차,2019,2.3,36.3540523397028,127.3386798608997,대전광역시 유성구 봉명동 448-4,30200120394962,,,,False
리베라아이누리,2011,2.3,36.35377991865374,127.33837051244922,대전광역시 유성구 봉명동 448-5,30200120146930,A30279401,199.0,관리사무소,Needs Review
미성로얄빌라,1997,2.3,36.35309036946268,127.3375930630499,대전광역시 유성구 봉명동 464-2,30200312134820,,,,False
"미성로얄빌라A,B동",1997,2.3,36.3533985418556,127.3375804463404,대전광역시 유성구 봉명동 464-19,30200312134821,,,,False
"용화빌라가,나",1993,2.3,36.35315528076203,127.33728523547128,대전광역시 유성구 봉명동 464-23,30200312134822,,,,False
용화빌라다,1993,2.3,36.35289486453699,127.33717516033616,대전광역시 유성구 봉명동 464-28,30200312134823,,,,False
유성세움펠리피아주상복합,2014,2.3,36.35443712369457,127.33684319170744,대전광역시 유성구 봉명동 466-2,30200120297908,,,,False
미성샤르망,2006,2.3,36.35424935397621,127.33780546014012,대전광역시 유성구 봉명동 468-3,30200120043225,A30530102,194.0,"관리사무소, 자전거보관소",Needs Review
유성자이,2010,2.3,36.35573552083248,127.3371055151872,대전광역시 유성구 봉명동 469-46,30200120133023,A30530105,721.0,"관리사무소, 노인정, 문고, 주민공동시설, 어린이놀이터, 커뮤니티공간, 자전거보관소",Needs Review
유성푸르지오시티,2014,2.3,36.35613748520711,127.34337963589952,대전광역시 유성구 봉명동 536-5,30200120295827,A30530116,60.0,"관리사무소, 주민공동시설, 커뮤니티공간, 자전거보관소, 기타",Needs Review
노블레스타워,2006,2.3,36.35646162881315,127.34302212335686,대전광역시 유성구 봉명동 536-10,30200120049475,A30530103,304.0,"관리사무소, 주민공동시설, 휴게시설, 자전거보관소",Needs Review
해나래,2020,2.3,36.355213988912254,127.34991397893891,대전광역시 유성구 봉명동 540-8,30200120400182,,,,False
좋은하루3차,2013,2.3,36.35498137317349,127.34972338147296,대전광역시 유성구 봉명동 540-18,30200120177301,,,,False
SCIENCETOWN,2013,2.3,36.354457384172846,127.34433671408917,대전광역시 유성구 봉명동 549-1,30200120183511,,,,False
K-town,2015,2.3,36.354103900339,127.34300281584174,대전광역시 유성구 봉명동 550-9,30200120312219,,,,False
CJ나인파크,2008,2.3,36.35338932457593,127.34044843605793,대전광역시 유성구 봉명동 553-2,30200120094355,A30530101,464.0,"관리사무소, 노인정, 주민공동시설, 어린이놀이터, 커뮤니티공간, 자전거보관소",Needs Review
덕주빌라,1996,2.3,36.35082949032338,127.33824564772274,대전광역시 유성구 봉명동 557-23,30200312134828,,,,False
현대그린하우스,2002,2.3,36.35063972361151,127.33891585825184,대전광역시 유성구 봉명동 557-27,30200312134829,,,,False
휴안팰리스,2020,2.3,36.3562005522181,127.33535447886972,대전광역시 유성구 봉명동 562-6,30200120403372,,,,False
유성연립,1979,2.3,36.35600363797886,127.33487399457144,대전광역시 유성구 봉명동 562-24,30200212134830,,,,False
스카이뷰,2013,2.3,36.3585046189929,127.34232032086916,대전광역시 유성구 봉명동 605-2,30200120277795,,,,False
솔리안,2013,2.3,36.35851242919512,127.34282447972416,대전광역시 유성구 봉명동 606-1,30200120172169,,,,False
에코시티빌,2023,2.7 (검증필요),36.35808746592153,127.34184227138095,대전광역시 유성구 봉명동 607-1,30200120446716,,,,False
스카이뷰로드,2015,2.3,36.35793620106245,127.34240871724452,대전광역시 유성구 봉명동 607-3,30200120313002,A10028053,94.0,"관리사무소, 주민공동시설, 자전거보관소",Needs Review
앤터팰리스1차,2019,2.3,36.3576686286352,127.34233660119122,대전광역시 유성구 봉명동 607-4,30200120392861,A10025040,182.0,"관리사무소, 자전거보관소",True
엔터팰리스2차,2018,2.3,36.35775730203304,127.3419929075384,대전광역시 유성구 봉명동 607-5,30200120373041,,,,False
그랑펠리체,2006,2.3,36.359388523521886,127.34458865324412,대전광역시 유성구 봉명동 611-1,30200120061386,,,,False
드리미아,2012,2.3,36.35895346219273,127.34460493833056,대전광역시 유성구 봉명동 612-2,30200120166306,A30530109,80.0,"관리사무소, 주민공동시설, 자전거보관소",Needs Review
스카이뷰시티,2018,2.3,36.358086897441126,127.34441312760364,대전광역시 유성구 봉명동 615-2,30200120360653,A10026461,203.0,"관리사무소, 자전거보관소",Needs Review
레자미멀티홈,2016,2.3,36.35752178759105,127.34372257014232,대전광역시 유성구 봉명동 617-3,30200120344641,,,,False
레자미탐앤탐,2022,2.7 (검증필요),36.3587415422762,127.34619596996302,대전광역시 유성구 봉명동 621-2,30200120435448,,,,False
까사보니타,2016,2.3,36.358303962789904,127.34659225723172,대전광역시 유성구 봉명동 623-2,30200120335606,,,,False
에이스타운3,2016,2.3,36.35825804589544,127.34680857638868,대전광역시 유성구 봉명동 623-3,30200120344182,,,,False
나이스팰리스,2016,2.3,36.35838800692377,127.34601391582834,대전광역시 유성구 봉명동 624-2,30200120344435,,,,False
벨포스토Ⅴ,2017,2.3,36.35738743384167,127.3451773753427,대전광역시 유성구 봉명동 628-1,30200120351020,,,,False
힐링타운,2014,2.3,36.35814471055069,127.34570101385064,대전광역시 유성구 봉명동 629-1,30200120285216,,,,False
한솔타운,2014,2.3,36.35802852052379,127.34531993543594,대전광역시 유성구 봉명동 629-3,30200120292924,,,,False
엔젤타운,2013,2.3,36.35776647143101,127.34597330126988,대전광역시 유성구 봉명동 631-1,30200120172170,,,,False
벨포스토네번째이야기,2016,2.3,36.35771456945747,127.34633068491472,대전광역시 유성구 봉명동 631-3,30200120341230,,,,False
모나빌Ⅱ,2017,2.3,36.35703453920867,127.3465477462776,대전광역시 유성구 봉명동 636-7,30200120359457,,,,False
하이랜드,2011,2.3,36.3590345687081,127.34767422830888,대전광역시 유성구 봉명동 640-2,30200120136569,,,,False
하이랜드2,2011,2.3,36.35900243776664,127.34792599024692,대전광역시 유성구 봉명동 640-3,30200120143857,,,,False
스카이뷰리버,2016,2.3,36.35896416589752,127.3482255329147,대전광역시 유성구 봉명동 640-4,30200120331764,,,,False
나이스타운12차,2017,2.3,36.35892198880125,127.3485522954476,대전광역시 유성구 봉명동 640-5,30200120348873,,,,False
라온팰리스,2019,2.3,36.35888573214771,127.34882617262404,대전광역시 유성구 봉명동 640-6,30200120394606,A46771401,217.0,관리사무소,True
봉명시티빌,2004,2.3,36.35884578950515,127.3491478025032,대전광역시 유성구 봉명동 640-7,30200100219655,A30530107,90.0,"관리사무소, 자전거보관소",Needs Review
노블레스3,2006,2.3,36.358788525240286,127.3496020857437,대전광역시 유성구 봉명동 640-8,30200120032204,,,,False
유성캠퍼스타워-I,2010,2.3,36.35856906094736,127.34742784895492,대전광역시 유성구 봉명동 641-1,30200120134244,,,,False
에이스타운II,2015,2.3,36.35835920405962,127.34883021638576,대전광역시 유성구 봉명동 641-9,30200120312925,,,,False
봉명동나이스타운11차,2015,2.3,36.35815819026886,127.34759238961996,대전광역시 유성구 봉명동 644-2,30200120330206,,,,False
ACETOWN,2013,2.3,36.358138285261134,127.34779496910916,대전광역시 유성구 봉명동 644-3,30200120183568,,,,False
글램타워,2012,2.3,36.35806797656738,127.34827833394452,대전광역시 유성구 봉명동 645-1,30200120171105,,,,False
세종타운,2012,2.3,36.358028752833846,127.34854850343936,대전광역시 유성구 봉명동 645-3,30200120150486,,,,False
드림하우스,2011,2.3,36.35799341379955,127.3487918934997,대전광역시 유성구 봉명동 645-5,30200120140331,,,,False
비타민하우스,2012,2.3,36.35797731660306,127.34890273471754,대전광역시 유성구 봉명동 645-6,30200120153567,,,,False
ARTRAUM,2011,2.3,36.35769692246224,127.34884850401195,대전광역시 유성구 봉명동 648-2,30200120142469,,,,False
엘도라도,2012,2.3,36.35767536557576,127.34899761825888,대전광역시 유성구 봉명동 648-3,30200120161278,,,,False
벨포스토6차,2017,2.3,36.35787866297367,127.34753252095588,대전광역시 유성구 봉명동 649-1,30200120359282,,,,False
벨포스토7차,2018,2.3,36.35777395482397,127.34825418868763,대전광역시 유성구 봉명동 649-7,30200120373598,,,,False
펠릭스빌,2014,2.3,36.35776340760261,127.3483868945975,대전광역시 유성구 봉명동 649-8,30200120297650,,,,False
벨포스토2차,2014,2.3,36.3577437262898,127.34852539678434,대전광역시 유성구 봉명동 649-9,30200120284688,,,,False
신영미소랑,2012,2.3,36.35759593522552,127.34712180482563,대전광역시 유성구 봉명동 651-1,30200120149396,A10022029,,"관리사무소, 노인정, 주민공동시설",False
에코빌,2014,2.3,36.35752963149688,127.34763668639704,대전광역시 유성구 봉명동 652-2,30200120285227,,,,False
하늘빛하우스,2013,2.3,36.35751135272503,127.34776216110292,대전광역시 유성구 봉명동 652-3,30200120172171,,,,False
벨포스로아름다운곳,2013,2.3,36.357476973773736,127.34799823397468,대전광역시 유성구 봉명동 652-5,30200120182808,,,,False
다온스테이,2019,2.3,36.35746309920688,127.34817854243586,대전광역시 유성구 봉명동 652-6,30200120395414,,,,False
에코빌(652-9),2015,2.3,36.35742569401961,127.34835034193588,대전광역시 유성구 봉명동 652-9,30200120311433,,,,False
모나빌,2015,2.3,36.35687753050637,127.34767163899772,대전광역시 유성구 봉명동 656-4,30200120323444,,,,False
이신팰리스,2014,2.3,36.35672722631136,127.34855460104718,대전광역시 유성구 봉명동 656-8,30200120293565,,,,False
투유2,2004,2.3,36.35861207810143,127.3504039132117,대전광역시 유성구 봉명동 662-1,30200100219656,,,,False
스톤빌,2015,2.3,36.35857069461002,127.35068839415624,대전광역시 유성구 봉명동 662-3,30200120329135,,,,False
더그린,2017,2.3,36.358485234279016,127.35135004098788,대전광역시 유성구 봉명동 666-1,30200120347954,,,,False
원플러스(OnePlus),2024,2.7 (검증필요),36.35837751484646,127.35197988066103,대전광역시 유성구 봉명동 666-3,30200120449600,,,,False
모나빌3차,2020,2.3,36.3578084642931,127.35041057853064,대전광역시 유성구 봉명동 675-5,30200120401727,,,,False
하이랜드3,2012,2.3,36.358031821041706,127.35117589173976,대전광역시 유성구 봉명동 676-3,30200120155491,,,,False
에이스타운4차,2018,2.3,36.357963657661855,127.35151112457775,대전광역시 유성구 봉명동 676-4,30200120360977,A10024157,94.0,관리사무소,Needs Review
레자미리버뷰시티,2020,2.3,36.35758616992887,127.35292639411898,대전광역시 유성구 봉명동 677-5,30200120401636,A10021595,93.0,관리사무소,True
위드리버,2004,2.3,36.3571203987642,127.3530837236518,대전광역시 유성구 봉명동 678-4,30200100219657,,,,False
플러스빌리지,2010,2.3,36.3576310260071,127.3513177193086,대전광역시 유성구 봉명동 680-2,30200320131475,,,,False
트리풀타운,2016,2.3,36.35736310969067,127.35095546223376,대전광역시 유성구 봉명동 683-3,30200120335174,,,,False
벨포스3차,2014,2.3,36.35720518253951,127.35196711309725,대전광역시 유성구 봉명동 685-2,30200120304387,,,,False
노블레스투,2005,2.3,36.35693389208846,127.35058405902748,대전광역시 유성구 봉명동 692-1,30200120021389,,,,False
투유1,2004,2.3,36.35644124915138,127.35104823899562,대전광역시 유성구 봉명동 692-6,30200100219658,A10021973,80.0,None,Needs Review
베르디움,2014,2.3,36.35017114697679,127.3462404955148,대전광역시 유성구 봉명동 1021,30200120285616,,,,False
도안마을1단지,2010,2.3,36.350369320017634,127.34241262668604,대전광역시 유성구 봉명동 1024,30200120131277,A30530104,997.0,"관리사무소, 노인정, 보육시설, 문고, 주민공동시설, 어린이놀이터, 커뮤니티공간, 자전거보관소",Needs Review
도안6단지센트럴시티,2010,2.3,36.34698952669868,127.34294764695784,대전광역시 유성구 봉명동 1036,30200120131873,A30530106,925.0,"관리사무소, 노인정, 보육시설, 주민공동시설, 어린이놀이터, 휴게시설, 커뮤니티공간, 자전거보관소",Needs Review
도안신도시7단지예미지백조의호수,2014,2.3,36.34691101256311,127.34589453355662,대전광역시 유성구 봉명동 1037,30200120293076,,,,False
청림빌라,1992,2.3,36.3489181795192,127.33010733444796,대전광역시 유성구 구암동 39-6,30200312134836,,,,False
유성오토빌라3동,1991,2.3,36.34897001469329,127.32994072349624,대전광역시 유성구 구암동 56-1,30200312134837,,,,False
유성오토빌라1동,1991,2.3,36.34910118922349,127.32961454772206,대전광역시 유성구 구암동 56-5,30200312134838,,,,False
유성오토빌라2동,1991,2.3,36.3490205149877,127.3297704649694,대전광역시 유성구 구암동 56-6,30200312134839,,,,False
(471-0),2007,2.3,36.35376455890291,127.31739710938643,대전광역시 유성구 구암동 471,30200320066220,,,,False
서봉빌딩3동,2002,2.3,36.35248452942512,127.3362555751651,대전광역시 유성구 구암동 544-16,30200312134849,,,,False
우성빌라,1998,2.3,36.35216726515,127.33640436757725,대전광역시 유성구 구암동 544-18,30200312134850,,,,False
서봉빌딩2동,2002,2.3,36.35243663361548,127.33642039878836,대전광역시 유성구 구암동 544-50,30200312134851,,,,False
서봉빌딩1동,2002,2.3,36.35239283800999,127.33655536874592,대전광역시 유성구 구암동 544-51,30200312134852,,,,False
신도빌라C,1998,2.3,36.355680132013646,127.33310184244166,대전광역시 유성구 구암동 588-12,30200312134853,,,,False
신도빌라D,1998,2.3,36.35564864663801,127.33326544954548,대전광역시 유성구 구암동 588-16,30200312134854,,,,False
신도빌라B,1998,2.3,36.35537392583287,127.33314819839902,대전광역시 유성구 구암동 588-17,30200312134855,,,,False
신도빌라A,1998,2.3,36.35541689811013,127.3329893796248,대전광역시 유성구 구암동 588-18,30200312134856,,,,False
벨포스토,2012,2.3,36.35508963436093,127.33207247364496,대전광역시 유성구 구암동 589-2,30200120152383,,,,False
현대아트빌,2000,2.3,36.35501974870767,127.33233201386516,대전광역시 유성구 구암동 589-3,30200100448947,,,,False
현대스위트빌,2000,2.3,36.35494871064205,127.3325320955706,대전광역시 유성구 구암동 589-8,30200312134858,,,,False
신일,1995,2.3,36.35424106009038,127.33170081613574,대전광역시 유성구 구암동 590-8,30200312134859,,,,False
남산하이츠,1995,2.3,36.35452756679288,127.33172400952547,대전광역시 유성구 구암동 590-19,30200312134860,A60981403,123.0,"관리사무소, 노인정, 어린이놀이터",Needs Review
세원,1998,2.3,36.35489062345198,127.33293215088165,대전광역시 유성구 구암동 591-1,30200100448948,,,,False
거상아트빌라,1996,2.3,36.35446602683869,127.3326648689272,대전광역시 유성구 구암동 591-13,30200312134862,,,,False
미성빌라,2000,2.3,36.3543398836408,127.33260989438348,대전광역시 유성구 구암동 591-14,30200312134863,,,,False
거상빌리지,1997,2.3,36.35460486240851,127.33356302501814,대전광역시 유성구 구암동 592-8,30200212134864,,,,False
왕성그린빌라나(592-16),1998,2.3,36.354417390606045,127.33356212018184,대전광역시 유성구 구암동 592-16,30200312134865,,,,False
왕성그린빌라가(592-17),1998,2.3,36.354404299808266,127.33337869937483,대전광역시 유성구 구암동 592-17,30200312134866,,,,False
왕성빌라,1995,2.3,36.353969286194186,127.33444341486238,대전광역시 유성구 구암동 593-12,30200100448949,,,,False
신원,1995,2.3,36.35375353617043,127.33400307887663,대전광역시 유성구 구암동 593-24,30200212134868,A10020698,0.0,"관리사무소, 노인정, 어린이놀이터, 휴게시설, 커뮤니티공간",False
삼영아트빌,2003,2.3,36.353416767321,127.3350013194286,대전광역시 유성구 구암동 594-13,30200100448950,,,,False
서봉빌딩B동,2003,2.3,36.35397909262698,127.33502991773088,대전광역시 유성구 구암동 594-21,30200312134870,,,,False
서봉빌딩A동,2003,2.3,36.354012934702254,127.3348297694926,대전광역시 유성구 구암동 594-27,30200312134871,,,,False
무지개,1992,2.3,36.35265029888714,127.33520557623424,대전광역시 유성구 구암동 595-24,30200312134872,A30275001,338.0,"관리사무소, 노인정, 어린이놀이터, 유치원",Needs Review
국보주택A,2001,2.3,36.35246905914056,127.33452026588844,대전광역시 유성구 구암동 596-5,30200312134873,,,,False
유성타워,1996,2.3,36.35250150416854,127.33425831238108,대전광역시 유성구 구암동 596-6,30200100448951,,,,False
부전빌라,1994,2.3,36.3527309452535,127.33443423480698,대전광역시 유성구 구암동 596-7,30200312134875,,,,False
국보주택B,2001,2.3,36.35222737172288,127.33441641372887,대전광역시 유성구 구암동 596-14,30200312134876,,,,False
동광빌리지,2002,2.3,36.352510499662216,127.33382934411904,대전광역시 유성구 구암동 597-12,30200312134877,,,,False
영광주택,2001,2.3,36.352396505344814,127.33378109105392,대전광역시 유성구 구암동 597-32,30200312134878,,,,False
동아,1984,2.3,36.35301068663966,127.33204639964627,대전광역시 유성구 구암동 599-11,30200212134879,A50079501,530.0,None,Needs Review
조선,1997,2.3,36.35393515560055,127.33140458514856,대전광역시 유성구 구암동 600-1,30200100011226,,,,False
삼정하이츠,1991,2.3,36.35341989011799,127.33172191230096,대전광역시 유성구 구암동 600-2,30200100011224,A10021902,0.0,None,False
미성하이츠,1995,2.3,36.3534983889196,127.33116438035896,대전광역시 유성구 구암동 600-8,30200312134842,,,,False
한진빌라가동,1989,2.3,36.35374475166231,127.33134946156588,대전광역시 유성구 구암동 600-9,30200312134843,,,,False
한진빌라나동,1989,2.3,36.35369873318044,127.33152924710232,대전광역시 유성구 구암동 600-15,30200312134844,,,,False
한진빌라다동,1989,2.3,36.353600378493326,127.33128766303145,대전광역시 유성구 구암동 600-17,30200312134845,,,,False
한진빌라라동,1989,2.3,36.35355772026757,127.33146948724384,대전광역시 유성구 구암동 600-18,30200312134846,,,,False
진솔빌,2003,2.3,36.35230292084003,127.3311926632194,대전광역시 유성구 구암동 603-11,30200312134880,,,,False
천우빌,2002,2.3,36.35215502317054,127.33125647394334,대전광역시 유성구 구암동 603-12,30200312134881,,,,False
성원빌라,1990,2.3,36.35270927373136,127.33131615002873,대전광역시 유성구 구암동 603-21,30200312134882,,,,False
성원빌라C동,1990,2.3,36.35263488879215,127.33109866725404,대전광역시 유성구 구암동 603-22,30200312134883,,,,False
성원빌라D동,1990,2.3,36.35276467646609,127.33114670119603,대전광역시 유성구 구암동 603-23,30200312134884,,,,False
부전빌라,1994,2.3,36.35203251079507,127.334200896792,대전광역시 유성구 구암동 607-26,30200312134886,,,,False
(608-13),1983,2.3,36.35132190839036,127.33483149087805,대전광역시 유성구 구암동 608-13,30200212134887,,,,False
우성햇살,1993,2.3,36.35118655498627,127.33569065337171,대전광역시 유성구 구암동 609-2,30200100011225,A10022344,43.0,None,Needs Review
미성아트빌,2002,2.3,36.350935683422506,127.33601058392244,대전광역시 유성구 구암동 609-4,30200312134889,,,,False
스카이뷰리브,2019,2.3,36.34971566522008,127.3367756914866,대전광역시 유성구 구암동 611-31,30200120405718,,,,False
명진,1981,2.3,36.349178681016745,127.33305170488296,대전광역시 유성구 구암동 615-10,30200212134890,,,,False
전원빌리지,1999,2.3,36.34922317641969,127.3327867233305,대전광역시 유성구 구암동 615-11,30200312134891,,,,False
삼오빌라,1979,2.3,36.34963004366922,127.33306437037167,대전광역시 유성구 구암동 615-13,30200212134892,,,,False
성진빌라,2003,2.3,36.35049927143726,127.33408905295164,대전광역시 유성구 구암동 616-6,30200312134893,,,,False
(616-10),1990,2.3,36.35025502535596,127.33361023636334,대전광역시 유성구 구암동 616-10,30200312134894,,,,False
성원아트빌라,1993,2.3,36.35024733417448,127.33380524020114,대전광역시 유성구 구암동 616-11,30200312134895,,,,False
중부빌라,1992,2.3,36.35082652052589,127.33237206839948,대전광역시 유성구 구암동 617-17,30200312134896,,,,False
중부빌라,1991,2.3,36.35088927048688,127.33208360521256,대전광역시 유성구 구암동 617-18,30200312134897,,,,False
중부빌라,1991,2.3,36.350907118088045,127.33224991786643,대전광역시 유성구 구암동 617-26,30200312134898,,,,False
그린빌라,1994,2.3,36.35048411437291,127.33219424452544,대전광역시 유성구 구암동 618-2,30200312134899,A15271602,0.0,"관리사무소, 노인정, 보육시설, 문고, 주민공동시설, 어린이놀이터, 휴게시설, 유치원, 커뮤니티공간, 자전거보관소, 기타",False
녹산빌라가동,1991,2.3,36.35044680021579,127.33255124107976,대전광역시 유성구 구암동 618-3,30200312134900,,,,False
(618-9),1988,2.3,36.35002566454253,127.33266225832436,대전광역시 유성구 구암동 618-9,30200312134901,,,,False
유성빌라,1987,2.3,36.35012950493263,127.33240356878292,대전광역시 유성구 구암동 618-13,30200312134902,,,,False
석진빌라,1990,2.3,36.35014077357261,127.33218119084788,대전광역시 유성구 구암동 618-14,30200312134903,,,,False
(618-15),1991,2.3,36.35024731176073,127.33196293727536,대전광역시 유성구 구암동 618-15,30200312134904,,,,False
석진빌라,1990,2.3,36.35007853418932,127.33208191961036,대전광역시 유성구 구암동 618-18,30200312134905,,,,False
녹산빌라나동,1991,2.3,36.35029039261982,127.33246520934068,대전광역시 유성구 구암동 618-19,30200312134906,,,,False
그린빌라,1994,2.3,36.35047849505221,127.33235426479624,대전광역시 유성구 구암동 618-22,30200312134907,A15271602,0.0,"관리사무소, 노인정, 보육시설, 문고, 주민공동시설, 어린이놀이터, 휴게시설, 유치원, 커뮤니티공간, 자전거보관소, 기타",False
미화빌라,1990,2.3,36.34981022161309,127.33195580699584,대전광역시 유성구 구암동 619-3,30200312134908,,,,False
쌍용,1991,2.3,36.3496765305841,127.33226218858825,대전광역시 유성구 구암동 619-4,30200312134909,A50086507,315.0,"관리사무소, 노인정, 어린이놀이터",Needs Review
남산빌라,1994,2.3,36.34958576166393,127.33192779675583,대전광역시 유성구 구암동 619-10,30200312134910,,,,False
낙원빌라,1990,2.3,36.34975935685438,127.33210338941294,대전광역시 유성구 구암동 619-25,30200312134911,,,,False
부광빌라,1994,2.3,36.349442873057896,127.33187913102172,대전광역시 유성구 구암동 619-40,30200312134912,,,,False
원일101동,1991,2.3,36.34923265481604,127.33142462930948,대전광역시 유성구 구암동 620-2,30200312134913,,,,False
성하그린타운,1997,2.3,36.34908429190429,127.3319137466141,대전광역시 유성구 구암동 620-3,30200212134914,,,,False
희상원,2009,2.3,36.34896955897994,127.33211889561092,대전광역시 유성구 구암동 620-4,30200120124723,,,,False
원일201동,1991,2.3,36.34919481653189,127.331584235377,대전광역시 유성구 구암동 620-17,30200312134915,,,,False
원일301동,1991,2.3,36.34914336380088,127.33173727997676,대전광역시 유성구 구암동 620-18,30200312134916,,,,False
구암(621-4),1994,2.3,36.34953526443029,127.33092039668703,대전광역시 유성구 구암동 621-4,30200100448952,,,,False
대성하이츠빌라,1998,2.3,36.34961518012851,127.32931319178226,대전광역시 유성구 구암동 621-11,30200212134918,,,,False
금성,1993,2.3,36.34979421181189,127.3301800564137,대전광역시 유성구 구암동 621-20,30200312134919,A10021940,0.0,None,False
구암(621-37),1994,2.3,36.34936000633891,127.33085428477622,대전광역시 유성구 구암동 621-37,30200100448953,,,,False
럭키빌라2동3동,1984,2.3,36.350499460782274,127.32992278351789,대전광역시 유성구 구암동 622-2,30200212134921,,,,False
럭키빌라1동,1984,2.3,36.35039814928278,127.3302614043658,대전광역시 유성구 구암동 622-3,30200212134922,,,,False
소라빌라A,1989,2.3,36.35037550871921,127.33056768055548,대전광역시 유성구 구암동 622-4,30200312134923,,,,False
"한독빌라101,102동",1994,2.3,36.34988457393739,127.33084545883148,대전광역시 유성구 구암동 622-8,30200312134924,,,,False
소라빌라B,1989,2.3,36.3503093794868,127.33047585919292,대전광역시 유성구 구암동 622-13,30200312134925,,,,False
"한독빌라103,104동",1994,2.3,36.34983450581004,127.33099714489389,대전광역시 유성구 구암동 622-22,30200312134926,,,,False
"한독빌라105,106동",1994,2.3,36.34978987280218,127.33113752922225,대전광역시 유성구 구암동 622-23,30200212134927,,,,False
수정주택1동,1990,2.3,36.35109228782737,127.33033079479311,대전광역시 유성구 구암동 623-3,30200312134928,,,,False
오성빌라,1998,2.3,36.350891956138256,127.33081214252596,대전광역시 유성구 구암동 623-4,30200312134929,,,,False
거상빌라,1995,2.3,36.35101518543425,127.33001619445128,대전광역시 유성구 구암동 623-15,30200312134931,,,,False
수정주택5동,1991,2.3,36.3510103823179,127.33065328574524,대전광역시 유성구 구암동 623-18,30200312134932,,,,False
수정주택6동,1991,2.3,36.35086217382442,127.33061965502895,대전광역시 유성구 구암동 623-19,30200312134933,,,,False
수정주택3동,1990,2.3,36.35089781101766,127.33045873126504,대전광역시 유성구 구암동 623-20,30200312134934,,,,False
수정주택2동,1990,2.3,36.35093274251071,127.33028252939393,대전광역시 유성구 구암동 623-21,30200312134935,,,,False
초롱마을,1995,2.3,36.350353350555245,127.32903306296248,대전광역시 유성구 구암동 627-1,30200100011227,A30580102,45.0,"관리사무소, 노인정, 보육시설",Needs Review
남산아트빌라,1991,2.3,36.34923951434004,127.32809806263086,대전광역시 유성구 구암동 628-11,30200312134939,,,,False
남산아트빌라,1990,2.3,36.34950145624476,127.3277066601861,대전광역시 유성구 구암동 629-3,30200312134940,,,,False
명인빌라,1998,2.3,36.35020726339225,127.32815108810738,대전광역시 유성구 구암동 630-10,30200312134941,,,,False
구암다가온행복주택,2024,2.7 (검증필요),36.35400004523874,127.32780178527526,대전광역시 유성구 구암동 751,30200120450361,,,,False
삼성파크빌,2022,2.7 (검증필요),36.35615204849577,127.30042143139512,대전광역시 유성구 덕명동 127,30200220439199,A62676903,184.0,"관리사무소, 노인정, 어린이놀이터, 자전거보관소",True
HP학사B동,2003,2.3,36.34864380699914,127.29546431410726,대전광역시 유성구 덕명동 176-2,30200312134943,,,,False
HP학사A동,2003,2.3,36.348603401953135,127.29566563206777,대전광역시 유성구 덕명동 176-41,30200312134944,,,,False
(184-1),2023,2.7 (검증필요),36.34709403210047,127.29091680975851,대전광역시 유성구 덕명동 184-1,30200320446410,,,,False
베네디또빌,2022,2.7 (검증필요),36.35851388014565,127.30047711875616,대전광역시 유성구 덕명동 523-31,30200320441566,,,,False
네오미아,2010,2.3,36.35738709692615,127.3017726367909,대전광역시 유성구 덕명동 524,30200120129636,,,,False
하우스토리네오미아,2010,2.3,36.35825345912823,127.30545008757682,대전광역시 유성구 덕명동 528,30200120129637,,,,False
드림하우스,2014,2.3,36.34944705593057,127.29755403481006,대전광역시 유성구 덕명동 587-9,30200220287818,,,,False
누리빌,2014,2.3,36.348739292901456,127.29814683800232,대전광역시 유성구 덕명동 591-7,30200320286313,,,,False
유성숲오투그란데3차,2019,2.3,36.34612690638855,127.30015420062772,대전광역시 유성구 덕명동 614,30200120394564,A10025232,849.0,"관리사무소, 노인정, 보육시설, 문고, 주민공동시설, 어린이놀이터, 유치원, 커뮤니티공간, 자전거보관소, 기타",True
양우내안애레이크힐,2015,2.3,36.34455236439254,127.34862218832232,대전광역시 유성구 원신흥동 485,30200120326849,,,,False
인스빌리베라,2012,2.3,36.342874054940296,127.34553730857957,대전광역시 유성구 원신흥동 488,30200120161699,A30531503,1080.0,"관리사무소, 노인정, 보육시설, 주민공동시설, 어린이놀이터, 휴게시설, 커뮤니티공간, 자전거보관소, 기타",Needs Review
도안휴먼시아10단지,2010,2.3,36.34001628569158,127.34063934113372,대전광역시 유성구 원신흥동 495,30200120134071,A30531501,963.0,"관리사무소, 노인정, 어린이놀이터, 유치원, 자전거보관소",Needs Review
엘에이치도안천년나무11단지,2016,2.3,36.340235606357325,127.34620708827543,대전광역시 유성구 원신흥동 511,30200120343801,,,,False
어울림하트,2011,2.3,36.33351699841913,127.3427929474891,대전광역시 유성구 원신흥동 529,30200120144123,A30531502,1375.0,"관리사무소, 노인정, 보육시설, 문고, 어린이놀이터, 휴게시설, 커뮤니티공간, 자전거보관소",Needs Review
대전도안엘에이치행복2단지,2019,2.3,36.33369855455574,127.335295729064,대전광역시 유성구 원신흥동 578-8,30200120395318,,,,False
갑천1트리풀시티힐스테이트,2023,2.7 (검증필요),36.34227009384665,127.34877004302632,대전광역시 유성구 원신흥동 612,30200120447980,A10022968,1901.0,"관리사무소, 노인정, 보육시설, 문고, 주민공동시설, 어린이놀이터, 휴게시설, 유치원, 커뮤니티공간",True
이지,2002,2.3,36.34765399924137,127.33254488782362,대전광역시 유성구 상대동 438-16,30200100011189,A10021802,62.0,"관리사무소, 어린이놀이터, 자전거보관소, 기타",Needs Review
두방맨션,1997,2.3,36.34807534723412,127.3329885805354,대전광역시 유성구 상대동 440-13,30200312134946,,,,False
목련2,2000,2.3,36.34759758922043,127.33155373441129,대전광역시 유성구 상대동 444,30200100011188,,,,False
목련1,2000,2.3,36.346316561180174,127.33173652175488,대전광역시 유성구 상대동 445,30200100050398,,,,False
한라비발디,2011,2.3,36.34424295054956,127.33369275964102,대전광역시 유성구 상대동 462,30200120140413,A53073524,714.0,"관리사무소, 노인정, 어린이놀이터, 커뮤니티공간, 자전거보관소",Needs Review
트리풀시티(5단지),2014,2.3,36.34447803311332,127.33720539951813,대전광역시 유성구 상대동 464,30200120293951,,,,False
도안휴먼시아4단지,2010,2.3,36.34697895363247,127.33733237996113,대전광역시 유성구 상대동 465,30200120133280,A30531302,717.0,"관리사무소, 노인정, 보육시설, 문고, 주민공동시설, 어린이놀이터, 커뮤니티공간, 자전거보관소",Needs Review
트리풀시티,2011,2.3,36.340518387296456,127.33494721574615,대전광역시 유성구 상대동 487,30200120145789,,,,False
대전아이파크시티1단지,2021,2.7 (검증필요),36.33712702658488,127.33053300392608,대전광역시 유성구 상대동 571,30200120430370,A10024092,1860.0,"관리사무소, 노인정, 보육시설, 주민공동시설, 어린이놀이터, 휴게시설, 커뮤니티공간, 자전거보관소, 기타",True
대전아이파크시티2단지,2021,2.7 (검증필요),36.335058853076326,127.33075149893348,대전광역시 유성구 상대동 580,30200120430393,A10024070,2473.0,"관리사무소, 노인정, 보육시설, 문고, 주민공동시설, 어린이놀이터, 커뮤니티공간, 자전거보관소, 기타",True
(8-0),2002,2.3,36.33855435114021,127.3309409862267,대전광역시 유성구 복용동 8,30200320066221,,,,False
(8-2),2002,2.3,36.33857340695632,127.33126793388384,대전광역시 유성구 복용동 8-2,30200320048211,,,,False
홍원빌라,2004,2.3,36.33634705641582,127.32601376554494,대전광역시 유성구 복용동 86-4,30200312134952,,,,False
천광빌라,2004,2.3,36.3381649730987,127.32728647307108,대전광역시 유성구 복용동 108,30200312134953,,,,False
"1동,2동,3동",2001,2.3,36.33738827175722,127.32542838329351,대전광역시 유성구 복용동 111-3,30200312134954,,,,False
캠퍼스빌,2004,2.3,36.33753975853068,127.32619337192924,대전광역시 유성구 복용동 111-4,30200318243930,,,,False
복빌라,2004,2.3,36.33764196938369,127.3268018574512,대전광역시 유성구 복용동 111-8,30200312134955,,,,False
블루힐,2005,2.3,36.33735954983372,127.3261286766029,대전광역시 유성구 복용동 111-12,30200300442584,,,,False
모아빌,2004,2.3,36.33719090909075,127.32606563168204,대전광역시 유성구 복용동 111-13,30200318243950,,,,False
(111-14),2004,2.3,36.337042409546704,127.3259951637564,대전광역시 유성구 복용동 111-14,30200312134956,,,,False
(111-16),2004,2.3,36.3367446790928,127.32595953265523,대전광역시 유성구 복용동 111-16,30200312134957,,,,False
엔이빌A,2004,2.3,36.33748355319782,127.32679695718488,대전광역시 유성구 복용동 111-17,30200312134958,,,,False
대보빌라,2004,2.3,36.33730162650643,127.32678785530264,대전광역시 유성구 복용동 111-18,30200312134959,,,,False
미래로빌,2004,2.3,36.33714358233751,127.32677995581015,대전광역시 유성구 복용동 111-19,30200312134960,,,,False
궁원빌라,2004,2.3,36.33703774508288,127.32675228323988,대전광역시 유성구 복용동 111-20,30200312134961,,,,False
엔이빌B,2004,2.3,36.33673945439374,127.3262173510496,대전광역시 유성구 복용동 111-21,30200312134962,,,,False
서정빌,2004,2.3,36.3369058389686,127.32641810940896,대전광역시 유성구 복용동 111-22,30200312134963,,,,False
복용동주택1,2006,2.3,36.33839726230187,127.32638727458,대전광역시 유성구 복용동 133,30200320040860,,,,False
(133-1),2005,2.3,36.33848388952701,127.3266976397272,대전광역시 유성구 복용동 133-1,30200320021390,,,,False
(133-2),2005,2.3,36.33834863326817,127.32689208888,대전광역시 유성구 복용동 133-2,30200320009360,,,,False
(133-3),2005,2.3,36.33821689782376,127.32640685429372,대전광역시 유성구 복용동 133-3,30200320009361,,,,False
중문빌라,2004,2.3,36.34192057901805,127.32161907128032,대전광역시 유성구 복용동 189-5,30200200219659,,,,False
(248-0),2003,2.3,36.33820869516176,127.32302939511824,대전광역시 유성구 복용동 248,30200312134965,,,,False
1동,2003,2.3,36.33808914702061,127.32319864052111,대전광역시 유성구 복용동 248-5,30200312134966,,,,False
명산빌리지B,2004,2.3,36.33697094601376,127.3232965784257,대전광역시 유성구 복용동 256-2,30200312134967,,,,False
명산빌리지A,2004,2.3,36.33687030240593,127.32351495435502,대전광역시 유성구 복용동 256-9,30200312134968,,,,False
장대,2005,2.3,36.356924979567694,127.33536964360444,대전광역시 유성구 장대동 11-25,30200120009362,,,,False
세이빌,2006,2.3,36.356940715633584,127.33520708006418,대전광역시 유성구 장대동 11-31,30200120056572,,,,False
예일타운,1996,2.3,36.357731013695904,127.3329602506946,대전광역시 유성구 장대동 203-6,30200312134973,,,,False
아인스빌,2006,2.3,36.35754998945264,127.33239070685744,대전광역시 유성구 장대동 212-6,30200120050304,,,,False
(263-3),2004,2.3,36.3602324730342,127.33205763301352,대전광역시 유성구 장대동 263-3,30200312134974,,,,False
오크빌,2004,2.3,36.36011626258306,127.3325628547245,대전광역시 유성구 장대동 263-8,30200312134975,,,,False
오크빌103,2005,2.3,36.360110017225466,127.33215304773054,대전광역시 유성구 장대동 263-12,30200320009363,,,,False
오크빌(미성),2003,2.3,36.36026026093172,127.33236847847544,대전광역시 유성구 장대동 263-13,30200312134976,,,,False
오크빌104,2005,2.3,36.36011171151394,127.33239798804684,대전광역시 유성구 장대동 263-14,30200320009364,,,,False
장대빌라A동,1991,2.3,36.36001499471014,127.3330698744748,대전광역시 유성구 장대동 264-8,30200312134978,,,,False
대운빌라3,1997,2.3,36.36042855462168,127.33326307923568,대전광역시 유성구 장대동 264-13,30200312134979,,,,False
장대빌라B동,1991,2.3,36.3600933042525,127.33318286397002,대전광역시 유성구 장대동 264-15,30200312134980,,,,False
"대운빌라1,2동",1997,2.3,36.3603431961657,127.33295788381656,대전광역시 유성구 장대동 264-18,30200312134981,,,,False
"대운빌라가,나동",1997,2.3,36.360168835050246,127.33289946166497,대전광역시 유성구 장대동 264-19,30200312134982,,,,False
광신연립주택,1993,2.3,36.35967443893168,127.33243062329092,대전광역시 유성구 장대동 265-1,30200212134984,,,,False
유성빌,2001,2.3,36.35829822247352,127.33455620907172,대전광역시 유성구 장대동 277-29,30200220020625,,,,False
갤러리빌3,2004,2.3,36.35834588051552,127.33680873374384,대전광역시 유성구 장대동 283-3,30200100219660,,,,False
갤러리빌2,2004,2.3,36.35834588051552,127.33709857673108,대전광역시 유성구 장대동 283-4,30200100257202,,,,False
천용아이빌,2003,2.3,36.35767117483406,127.33701199249924,대전광역시 유성구 장대동 284-2,30200100257204,,,,False
MoneyVill,2007,2.3,36.35766917671843,127.33930381362843,대전광역시 유성구 장대동 286-6,30200120085998,,,,False
아름,2002,2.3,36.35733880108573,127.33848923361998,대전광역시 유성구 장대동 286-10,30200100011191,,,,False
계명헌,2002,2.3,36.36554860753365,127.33623659107592,대전광역시 유성구 장대동 307-12,30200312134989,,,,False
냇가주택,1997,2.3,36.36514071921073,127.33994915202442,대전광역시 유성구 장대동 314-1,30200312134990,,,,False
월드컵패밀리타운,2002,2.3,36.36378008685886,127.33621146456164,대전광역시 유성구 장대동 323-2,30200100011190,A30530801,630.0,"관리사무소, 노인정, 보육시설, 주민공동시설, 어린이놀이터, 휴게시설, 자전거보관소",Needs Review
드림월드,2002,2.3,36.36266918268331,127.33853612720594,대전광역시 유성구 장대동 344,30200100011192,,,,False
대광빌라,2002,2.3,36.362812530119655,127.33971060745375,대전광역시 유성구 장대동 346-1,30200312134993,,,,False
마이존,2002,2.3,36.36206862480415,127.33997320235603,대전광역시 유성구 장대동 347-7,30200312134994,,,,False
장대시티빌,2003,2.3,36.36030415409584,127.33651228987787,대전광역시 유성구 장대동 357-6,30200100257203,,,,False
화의당,2002,2.3,36.35976804085642,127.3372103135262,대전광역시 유성구 장대동 359-2,30200312134996,,,,False
화생당,2002,2.3,36.35964531517145,127.33728410026904,대전광역시 유성구 장대동 359-3,30200312134997,,,,False
한솔,2002,2.3,36.35936940223375,127.33744997274285,대전광역시 유성구 장대동 359-5,30200312134998,,,,False
늘봄빌라,2002,2.3,36.35802203058788,127.33917069493089,대전광역시 유성구 장대동 370-10,30200312134999,,,,False
성원상떼빌,2004,2.3,36.35830864738338,127.34055963444256,대전광역시 유성구 장대동 376-2,30200100257201,A10023450,15.0,"관리사무소, 주민공동시설, 휴게시설, 자전거보관소",Needs Review
한일유앤아이,2005,2.3,36.36366969994292,127.333264859423,대전광역시 유성구 장대동 382,30200120009365,A14272303,401.0,"관리사무소, 노인정, 휴게시설, 자전거보관소",Needs Review
장대푸르지오,2006,2.3,36.36157762356764,127.33205113044168,대전광역시 유성구 장대동 479,30200120061842,A30530802,501.0,"관리사무소, 노인정, 보육시설, 주민공동시설, 어린이놀이터, 자전거보관소",Needs Review
(330-9),2022,2.7 (검증필요),36.36337283685836,127.29173411794804,대전광역시 유성구 갑동 330-9,30200320440489,,,,False
"트레빌빌리지101동,102동",2000,2.3,36.36293918350785,127.29190701750927,대전광역시 유성구 갑동 387-4,30200212135000,,,,False
엘리시움캐슬103동,2005,2.3,36.36190558632576,127.29277387516424,대전광역시 유성구 갑동 387-83,30200220009366,,,,False
엘리시움캐슬,2005,2.3,36.36234394355344,127.29265751604856,대전광역시 유성구 갑동 387-84,30200220009367,,,,False
계룡그린별장,1997,2.3,36.36285133999259,127.291101597811,대전광역시 유성구 갑동 387-120,30200212135001,,,,False
레지던스빌라B,1997,2.3,36.36289475783563,127.2951141756744,대전광역시 유성구 갑동 387-134,30200212135002,,,,False
레지던스빌라,1998,2.3,36.362631530045135,127.2950932525057,대전광역시 유성구 갑동 387-146,30200212135003,,,,False
갑동성당천주교사제관,2018,2.3,36.361219514576106,127.29405346023024,대전광역시 유성구 갑동 388-60,30200220363306,,,,False
카운티스,2004,2.3,36.37033549381006,127.3162532005177,대전광역시 유성구 노은동 495,30200200219662,,,,False
열매마을8단지(계룡새미래),2001,2.3,36.37067143019129,127.31931472464186,대전광역시 유성구 노은동 520-1,30200100011193,A30532503,1292.0,None,Needs Review
열매마을9단지(금성백조),2002,2.3,36.37151084394467,127.32189466425444,대전광역시 유성구 노은동 521,30200100011194,A30532502,616.0,"관리사무소, 노인정, 보육시설, 문고, 주민공동시설, 어린이놀이터, 자전거보관소",Needs Review
열매마을10단지(상록),2005,2.3,36.37008499119544,127.32188895983496,대전광역시 유성구 노은동 522-2,30200120020054,,,,False
열매마을11단지(계룡리슈빌),2003,2.3,36.36501592097049,127.31425650839466,대전광역시 유성구 노은동 552-3,30200100050863,A30576801,1080.0,"관리사무소, 노인정, 어린이놀이터",Needs Review
노은노블레스,2004,2.3,36.36640283199375,127.31583190525224,대전광역시 유성구 노은동 553-2,30200100219663,,,,False
베르디아망,2003,2.3,36.366375909202944,127.31642057850256,대전광역시 유성구 노은동 553-6,30200100050866,,,,False
노은스타돔,2005,2.3,36.366153822964,127.31727637495288,대전광역시 유성구 노은동 553-8,30200120021391,,,,False
성천빌라,2004,2.3,36.38073552917557,127.32204469285388,대전광역시 유성구 지족동 130-2,30200312135010,,,,False
더리안,2020,2.3,36.379598161181626,127.3221708580302,대전광역시 유성구 지족동 130-69,30200320401204,,,,False
인앤인,2007,2.3,36.385263033413096,127.318951771469,대전광역시 유성구 지족동 834,30200120094356,A30571102,277.0,"관리사무소, 노인정, 보육시설, 주민공동시설",Needs Review
씨티팰리스,2013,2.3,36.38473760675484,127.3192024406214,대전광역시 유성구 지족동 836-4,30200120278462,,,,False
경남아너스빌1차,2005,2.3,36.38313255140724,127.31909795864814,대전광역시 유성구 지족동 840-2,30200120009369,,,,False
열매마을1단지(삼부),2001,2.3,36.37930519545269,127.31671031596198,대전광역시 유성구 지족동 853,30200100011195,A30533004,402.0,"관리사무소, 노인정, 보육시설, 주민공동시설, 어린이놀이터, 휴게시설, 자전거보관소, 기타",Needs Review
"열매마을4단지(계룡,현대)",2001,2.3,36.37704606627091,127.31628410881284,대전광역시 유성구 지족동 858,30200100011198,A30533011,898.0,"관리사무소, 노인정, 주민공동시설, 어린이놀이터, 휴게시설, 유치원, 자전거보관소",Needs Review
열매마을2단지(한라),2001,2.3,36.380130616492266,127.3192013355454,대전광역시 유성구 지족동 873,30200100011196,A30576902,228.0,"관리사무소, 노인정, 어린이놀이터, 자전거보관소",Needs Review
열매마을3단지(대우),2000,2.3,36.37910786072896,127.31952139420774,대전광역시 유성구 지족동 874,30200100011197,,,,False
열매마을5단지(운암),2001,2.3,36.37700423277168,127.3189918440875,대전광역시 유성구 지족동 877,30200100011200,A30533003,795.0,"관리사무소, 노인정, 어린이놀이터, 휴게시설, 자전거보관소",Needs Review
열매마을6단지(현대2차),2000,2.3,36.376664174655446,127.32083322360344,대전광역시 유성구 지족동 880,30200100011201,A30533007,499.0,"관리사무소, 노인정, 보육시설, 주민공동시설, 어린이놀이터, 자전거보관소",Needs Review
대성리더스빌,2015,2.3,36.37321007833971,127.31695594555276,대전광역시 유성구 지족동 893-6,30200220312258,,,,False
가나파로스빌2차,2005,2.3,36.37343836308122,127.31737507752354,대전광역시 유성구 지족동 894-2,30200100448954,,,,False
SK허브,2006,2.3,36.372536942475634,127.31706513507108,대전광역시 유성구 지족동 894-5,30200120021392,,,,False
더힐,2014,2.3,36.37493110779459,127.31696319550682,대전광역시 유성구 지족동 897-7,30200220297823,,,,False
가나파로스빌1차,2004,2.3,36.37561629812959,127.31685399956854,대전광역시 유성구 지족동 898-1,30200100219664,A30571101,251.0,관리사무소,Needs Review
수가,2015,2.3,36.37507847074481,127.3188865950645,대전광역시 유성구 지족동 902-1,30200220312046,,,,False
경남아너스빌2차,2005,2.3,36.3726197427353,127.3190068436198,대전광역시 유성구 지족동 905-5,30200120020626,,,,False
열매마을7단지(현대1차),2000,2.3,36.37314318074884,127.32178156820524,대전광역시 유성구 지족동 919,30200100011202,A30533010,683.0,"관리사무소, 노인정, 보육시설, 어린이놀이터, 휴게시설, 유치원",Needs Review
반석마을1단지(호반리젠시빌),2005,2.3,36.38842127351063,127.31154312559624,대전광역시 유성구 지족동 977,30200100258100,A30533005,439.0,"관리사무소, 노인정, 문고, 어린이놀이터, 자전거보관소",Needs Review
반석마을2단지(계룡리슈빌),2005,2.3,36.3879192605295,127.31445584521526,대전광역시 유성구 지족동 978,30200120021454,A30533006,1051.0,"관리사무소, 노인정, 문고, 주민공동시설, 어린이놀이터, 유치원, 자전거보관소, 기타",Needs Review
반석마을3단지(호반베르디움),2006,2.3,36.385994533791525,127.31558766560346,대전광역시 유성구 지족동 992,30200120033417,A30533009,949.0,"관리사무소, 노인정, 어린이놀이터, 자전거보관소",Needs Review
노은리슈빌3,2015,2.3,36.385175048045184,127.30927533273936,대전광역시 유성구 지족동 1030,30200120318712,A10028062,682.0,"관리사무소, 노인정, 보육시설, 문고, 주민공동시설, 어린이놀이터, 휴게시설, 커뮤니티공간, 자전거보관소",Needs Review
노은해랑숲마을6단지,2014,2.3,36.38526613990796,127.30756007453428,대전광역시 유성구 지족동 1031,30200120292903,A30571107,377.0,"관리사무소, 노인정, 보육시설, 문고, 주민공동시설, 어린이놀이터, 커뮤니티공간, 자전거보관소",Needs Review
노은해랑숲마을5단지,2014,2.3,36.38525629615843,127.30465536432256,대전광역시 유성구 지족동 1033,30200120292961,A30571106,491.0,"관리사무소, 노인정, 보육시설, 문고, 주민공동시설, 어린이놀이터, 휴게시설, 유치원, 커뮤니티공간, 자전거보관소",Needs Review
노은3지구1단지,2015,2.3,36.38192179955817,127.3033775751626,대전광역시 유성구 지족동 1040,30200120323646,,,,False
노은에코힐,2015,2.3,36.38246756521352,127.30513677922328,대전광역시 유성구 지족동 1041,30200120312325,,,,False
노은새미래숲2단지,2015,2.3,36.380250774658734,127.30339272000153,대전광역시 유성구 지족동 1042,30200120323655,,,,False
트리풀시티포레아파트,2017,2.3,36.38024832055331,127.30512700480332,대전광역시 유성구 지족동 1043,30200120354298,A10026886,571.0,"관리사무소, 노인정, 보육시설, 문고, 주민공동시설, 어린이놀이터, 휴게시설, 유치원, 커뮤니티공간, 자전거보관소",Needs Review
네이처뷰3단지,2015,2.3,36.3763867372133,127.30367000021022,대전광역시 유성구 지족동 1050,30200120321928,,,,False
노은4단지,2012,2.3,36.37681161015206,127.30506311191748,대전광역시 유성구 지족동 1051,30200120161918,A30571103,393.0,"관리사무소, 노인정, 보육시설, 주민공동시설, 어린이놀이터, 자전거보관소, 기타",Needs Review
노은3지구영무예다음에코타운,2017,2.3,36.37440974465616,127.30714771154936,대전광역시 유성구 지족동 1052,30200120349966,A10026987,770.0,"관리사무소, 노인정, 보육시설, 문고, 주민공동시설, 어린이놀이터, 휴게시설, 커뮤니티공간, 자전거보관소",Needs Review
대전노은4지구한화꿈에그린1블록,2014,2.3,36.38797153541731,127.3014832848462,대전광역시 유성구 지족동 1089,30200120286528,,,,False
대전노은4지구한화꿈에그린2블록,2014,2.3,36.38798647253464,127.3048461882904,대전광역시 유성구 지족동 1093,30200120286033,,,,False
제로에너지타운하우스,2013,2.3,36.38303798485531,127.3240351863972,대전광역시 유성구 죽동 363,30200220172544,,,,False
죽동대원칸타빌,2017,2.3,36.36996685902617,127.3332265920387,대전광역시 유성구 죽동 683,30200120349967,A10027008,1620.0,"관리사무소, 노인정, 보육시설, 문고, 주민공동시설, 어린이놀이터, 휴게시설, 유치원, 커뮤니티공간, 자전거보관소",Needs Review
죽동금성백조예미지,2016,2.3,36.36837139526376,127.33614143155094,대전광역시 유성구 죽동 688,30200120336468,,,,False
죽동천년나무5단지,2016,2.3,36.372059857185775,127.33586812040228,대전광역시 유성구 죽동 712,30200120335975,,,,False
죽동푸르지오,2015,2.3,36.373470934735934,127.33967931166424,대전광역시 유성구 죽동 730,30200120321118,A10028011,753.0,"관리사무소, 노인정, 보육시설, 문고, 주민공동시설, 어린이놀이터, 휴게시설, 유치원, 커뮤니티공간, 자전거보관소",Needs Review
대동빌리지,1991,2.3,36.36511996685008,127.35210337370518,대전광역시 유성구 궁동 392,30200312135021,,,,False
시티팰리스9차,2022,2.7 (검증필요),36.36410578659064,127.35241400266864,대전광역시 유성구 궁동 392-1,30200120438285,A10020932,42.0,None,True
KAIST기숙사,1994,2.3,36.36442690076265,127.35218712709144,대전광역시 유성구 궁동 392-3,30200100448955,,,,False
자연,1998,2.3,36.36435009006367,127.35031854861236,대전광역시 유성구 궁동 393-3,30200100011204,A30533502,66.0,"관리사무소, 노인정, 어린이놀이터, 자전거보관소",Needs Review
다솔,1995,2.3,36.362214447939806,127.34682262318252,대전광역시 유성구 궁동 395-3,30200100011203,A30533501,0.0,"관리사무소, 노인정, 어린이놀이터, 자전거보관소",False
발트하우스,2007,2.3,36.36259188182902,127.34114071738642,대전광역시 유성구 궁동 448-3,30200320069811,,,,False
모티브,2006,2.3,36.362516952236405,127.3413269580696,대전광역시 유성구 궁동 448-4,30200320061292,,,,False
정앤이,2007,2.3,36.3624003001389,127.34169960533264,대전광역시 유성구 궁동 448-6,30200320066222,,,,False
레츠빌,2007,2.3,36.36259447013204,127.34186723457722,대전광역시 유성구 궁동 450-2,30200320071078,,,,False
스타빌,2011,2.3,36.36214608446262,127.3429788610103,대전광역시 유성구 궁동 451-6,30200120135769,,,,False
레자미1도시형생활주택,2011,2.3,36.36082677998903,127.34568114331915,대전광역시 유성구 궁동 490-4,30200120146272,,,,False
와이즈빌,2009,2.3,36.36037062523094,127.34587866673664,대전광역시 유성구 궁동 490-15,30200120123728,,,,False
풍천II,2018,2.3,36.360220037357024,127.34835171767104,대전광역시 유성구 궁동 494-5,30200120362440,,,,False
리버스토리,2022,2.7 (검증필요),36.360123677038544,127.3476878078298,대전광역시 유성구 궁동 495-1,30200120432500,,,,False
풍천,2015,2.3,36.35994374522495,127.34857421327712,대전광역시 유성구 궁동 497-8,30200320323097,,,,False
한빛,1992,2.3,36.36501847045062,127.35627500645074,대전광역시 유성구 어은동 99,30200100053599,A30575501,1420.0,"관리사무소, 노인정, 문고, 어린이놀이터",Needs Review
혁진빌리지,2002,2.3,36.39144801215877,127.3497465011123,대전광역시 유성구 신성동 122-16,30200312135028,,,,False
대원빌라,2003,2.3,36.39011649427462,127.3500800518062,대전광역시 유성구 신성동 136-4,30200312135030,,,,False
대림두레,1993,2.3,36.38665122208438,127.35180894724344,대전광역시 유성구 신성동 152-1,30200100011210,A30572003,436.0,"관리사무소, 노인정, 어린이놀이터, 자전거보관소",Needs Review
럭키하나,1993,2.3,36.38570341381134,127.34925156364956,대전광역시 유성구 신성동 153,30200100011211,A30572101,353.0,"관리사무소, 노인정, 어린이놀이터, 자전거보관소",Needs Review
한울,1992,2.3,36.3861450443354,127.34706373529022,대전광역시 유성구 신성동 160-1,30200100011212,A36071602,195.0,"관리사무소, 노인정, 어린이놀이터, 자전거보관소",Needs Review
조이빌라,2003,2.3,36.38784693503979,127.35079221568888,대전광역시 유성구 신성동 210-42,30200312135035,,,,False
도룡포레미소지움,2020,2.3,36.3840705228514,127.3731251382466,대전광역시 유성구 가정동 277,30200120415121,A10024701,371.0,"관리사무소, 노인정, 문고, 주민공동시설, 어린이놀이터, 휴게시설, 자전거보관소",True
스마트시티2단지,2008,2.3,36.37801117619222,127.39200858457986,대전광역시 유성구 도룡동 4-6,30200120113222,,,,False
스마트시티5단지,2008,2.3,36.37746967068068,127.39457818117188,대전광역시 유성구 도룡동 4-7,30200120113223,,,,False
도룡빌라,1992,2.3,36.38772271645318,127.37607723570454,대전광역시 유성구 도룡동 380-51,30200312135043,,,,False
로덴하우스,2009,2.3,36.38809796013676,127.37800054540044,대전광역시 유성구 도룡동 381-41,30200120124137,,,,False
LG에너지솔루션사원아파트(9동),1991,2.3,36.38716775709639,127.37761200524272,대전광역시 유성구 도룡동 381-42,30200100609041,,,,False
kaist교수,1990,2.3,36.38810087451205,127.3803324423076,대전광역시 유성구 도룡동 383-2,30200100448957,,,,False
우성,1989,2.3,36.38817736068158,127.38112230984866,대전광역시 유성구 도룡동 383-3,30200100011215,A54026002,92.0,None,Needs Review
도룡동zeeHome테라스드타운하우스II,2023,2.7 (검증필요),36.38722726221045,127.37977215257676,대전광역시 유성구 도룡동 383-14,30200320442781,,,,False
도룡더힐,2019,2.3,36.38717002131315,127.37912665891692,대전광역시 유성구 도룡동 383-17,30200320385986,,,,False
(383-21),2017,2.3,36.38699234847182,127.3793420002649,대전광역시 유성구 도룡동 383-21,30200320351018,,,,False
도룡동zeeHome테라스드타운하우스,2022,2.7 (검증필요),36.3870480708227,127.38017891356142,대전광역시 유성구 도룡동 383-25,30200220437503,,,,False
도룡빌라(383-32),2003,2.3,36.38807463855463,127.37981490532545,대전광역시 유성구 도룡동 383-32,30200200052585,,,,False
빌라드크레다,2023,2.7 (검증필요),36.38781186313115,127.37892273497316,대전광역시 유성구 도룡동 383-39,30200220444243,,,,False
대륙빌리지,1993,2.3,36.38665654977166,127.3801341099414,대전광역시 유성구 도룡동 385-3,30200212135048,,,,False
더.포엠1,2005,2.3,36.38614225911628,127.37957449627396,대전광역시 유성구 도룡동 385-11,30200120009370,,,,False
더포엠2,2005,2.3,36.386477538861016,127.37903967601156,대전광역시 유성구 도룡동 385-14,30200120009371,,,,False
로얄밸리,2004,2.3,36.38627833201862,127.37902888331854,대전광역시 유성구 도룡동 385-15,30200100219665,,,,False
타워코리아나주상복합,2005,2.3,36.38585563403463,127.3790239461803,대전광역시 유성구 도룡동 385-16,30200120020971,,,,False
크레타하임,2023,2.7 (검증필요),36.38581541017256,127.37967643021956,대전광역시 유성구 도룡동 385-21,30200120448144,,,,False
노블빌라,2004,2.3,36.38647232911974,127.37454989183388,대전광역시 유성구 도룡동 388-1,30200312135050,,,,False
대원빌라,2002,2.3,36.38661282025012,127.37483712682598,대전광역시 유성구 도룡동 388-3,30200312135051,,,,False
럭스빌,2005,2.3,36.38668499540219,127.37495275017469,대전광역시 유성구 도룡동 388-4,30200300442587,,,,False
도룡더힐#3,2021,2.7 (검증필요),36.38669597684384,127.3751109252947,대전광역시 유성구 도룡동 388-5,30200320430111,,,,False
LG에너지솔루션사원아파트,2015,2.3,36.38608584981379,127.37607006324846,대전광역시 유성구 도룡동 388-11,30200220312782,,,,False
스위트빌,2003,2.3,36.386334219793774,127.37500030702532,대전광역시 유성구 도룡동 389-3,30200312135052,,,,False
그린빌,2008,2.3,36.38618968723715,127.37507526239548,대전광역시 유성구 도룡동 389-4,30200220102047,,,,False
도룡에스케이뷰,2018,2.3,36.38493015330007,127.37538866723824,대전광역시 유성구 도룡동 391,30200120383816,,,,False
한전원전사택,1986,2.3,36.38412737379233,127.37591073488711,대전광역시 유성구 도룡동 392-2,30200212135054,,,,False
(393-10),1987,2.3,36.3850194794611,127.3768567616295,대전광역시 유성구 도룡동 393-10,30200312135055,,,,False
가온하이츠빌,2014,2.3,36.38498794189994,127.37957150480152,대전광역시 유성구 도룡동 395-8,30200220295151,,,,False
대덕쌍용빌라,1994,2.3,36.38321108694572,127.38014814777938,대전광역시 유성구 도룡동 397-4,30200200011213,,,,False
삼정빌리지,1995,2.3,36.38287142684115,127.3801190677524,대전광역시 유성구 도룡동 397-5,30200200011214,,,,False
함주택,2002,2.3,36.38404464873463,127.37958028107543,대전광역시 유성구 도룡동 397-29,30200312135058,,,,False
도룡더힐샵2,2020,2.3,36.38386314779645,127.37904684169382,대전광역시 유성구 도룡동 397-35,30200320400248,,,,False
스타빌플러스,2019,2.3,36.37982690550741,127.37895293260576,대전광역시 유성구 도룡동 399-22,30200120396181,A10025041,87.0,"관리사무소, 휴게시설, 자전거보관소",True
공동관리,1979,2.3,36.382624510747576,127.37637069245798,대전광역시 유성구 도룡동 431,30200112135060,,,,False
현대,1989,2.3,36.38300543956152,127.37672036221775,대전광역시 유성구 도룡동 431-6,30200100011217,A12208105,119.0,"관리사무소, 노인정, 어린이놀이터, 자전거보관소",Needs Review
화암동전원주택,1999,2.3,36.40222679839532,127.37344371425428,대전광역시 유성구 화암동 241,30200312135062,,,,False
(121-2),2014,2.3,36.38687799803419,127.33644204297276,대전광역시 유성구 하기동 121-2,30200320285934,,,,False
모코지빌리지,2014,2.3,36.38674458332781,127.3364799400682,대전광역시 유성구 하기동 121-3,30200320292844,,,,False
송림빌리지(두솔동),2021,2.7 (검증필요),36.38800032363768,127.32903320828405,대전광역시 유성구 하기동 348-14,30200320424795,,,,False
송림빌리지,2021,2.7 (검증필요),36.38782694083316,127.32862512133232,대전광역시 유성구 하기동 348-27,30200320416866,,,,False
노은브리젠힐스(듀크동),2011,2.3,36.3883155042134,127.32696984852464,대전광역시 유성구 하기동 349,30200220136589,,,,False
노은브리젠힐스(비쥬),2010,2.3,36.387459978577134,127.32710880212394,대전광역시 유성구 하기동 349-6,30200220131224,,,,False
노은브리젠힐스(씨엘),2010,2.3,36.387892607018,127.32730753992728,대전광역시 유성구 하기동 349-15,30200220133502,,,,False
노은브리젠힐스(아르떼),2009,2.3,36.38716634750928,127.32680204345785,대전광역시 유성구 하기동 362,30200220124984,,,,False
송림마을1단지(호반리젠시빌),2005,2.3,36.388653573505465,127.31834649850026,대전광역시 유성구 하기동 512,30200100258101,A30575906,391.0,"관리사무소, 노인정, 어린이놀이터, 기타",Needs Review
송림마을3단지(우미이노스빌2차),2005,2.3,36.39029692354221,127.32245839338026,대전광역시 유성구 하기동 513,30200120009373,A30535804,362.0,"관리사무소, 노인정, 보육시설, 문고, 주민공동시설, 어린이놀이터, 자전거보관소",Needs Review
송림마을2단지(우미이노스빌1차),2004,2.3,36.38707160329551,127.3206309478248,대전광역시 유성구 하기동 516,30200100219666,A30535802,289.0,"관리사무소, 노인정, 주민공동시설, 어린이놀이터, 자전거보관소, 기타",Needs Review
송림마을4단지(주공),2005,2.3,36.38929350622772,127.32396494162978,대전광역시 유성구 하기동 542,30200100618519,A30575905,227.0,"관리사무소, 노인정, 보육시설, 주민공동시설, 어린이놀이터, 휴게시설, 커뮤니티공간, 자전거보관소",Needs Review
송림마을5단지(E-그리운),2006,2.3,36.3898962665068,127.33009443149372,대전광역시 유성구 하기동 545,30200120054191,A30535803,557.0,"관리사무소, 노인정, 보육시설, 주민공동시설, 어린이놀이터, 유치원, 자전거보관소, 기타",Needs Review
송림마을6단지(금실풍요로운),2006,2.3,36.38994461511049,127.33182550057504,대전광역시 유성구 하기동 546,30200120050454,A30535801,330.0,"관리사무소, 노인정, 어린이놀이터, 자전거보관소, 기타",Needs Review
(41-1),1945,2.3,36.412330063045225,127.30265535702392,대전광역시 유성구 안산동 41-1,30200320321040,,,,False
(49-2),2018,2.3,36.412193501724445,127.30317204169216,대전광역시 유성구 안산동 49-2,30200320381286,,,,False
(49-8),2018,2.3,36.41243070150624,127.3028257400675,대전광역시 유성구 안산동 49-8,30200220362980,,,,False
(49-24),2017,2.3,36.41201790640029,127.30313147484586,대전광역시 유성구 안산동 49-24,30200320359974,,,,False
(147-0),2015,2.3,36.40030461106326,127.31546487223068,대전광역시 유성구 외삼동 147,30200320330207,,,,False
(164-0),2015,2.3,36.40056699515287,127.31683237833842,대전광역시 유성구 외삼동 164,30200320312336,,,,False
(164-3),1996,2.3,36.40060534412683,127.31695368039,대전광역시 유성구 외삼동 164-3,30200320322042,,,,False
(462-0),2021,2.7 (검증필요),36.3895798832615,127.3000117337824,대전광역시 유성구 반석동 462,30200320430685,,,,False
(481-1),2021,2.7 (검증필요),36.390968375157456,127.29751670937512,대전광역시 유성구 반석동 481-1,30200320430960,,,,False
(494-),2021,2.7 (검증필요),36.39042501311639,127.2976085053956,대전광역시 유성구 반석동 494,30200320430961,,,,False
제로에너지타운하우스,2019,2.3,36.38916971038312,127.29753165995888,대전광역시 유성구 반석동 511-1,30200320393692,,,,False
제로에너지타운하우스,2017,2.3,36.38945278046738,127.29872074362936,대전광역시 유성구 반석동 518-1,30200320349968,,,,False
반석마을7단지(삼부르네상스1단지),2004,2.3,36.39614312201218,127.30972188124612,대전광역시 유성구 반석동 612,30200100219668,A30515004,734.0,"관리사무소, 노인정, 보육시설, 문고, 주민공동시설, 어린이놀이터, 휴게시설, 커뮤니티공간, 자전거보관소",Needs Review
반석마을6단지(삼부르네상스2단지),2005,2.3,36.393922157252206,127.30890697363849,대전광역시 유성구 반석동 613,30200100448958,A30515002,545.0,"관리사무소, 노인정, 보육시설, 문고, 주민공동시설, 어린이놀이터, 자전거보관소",Needs Review
반석마을4단지-(주공임대),2004,2.3,36.39214312682178,127.30954315445382,대전광역시 유성구 반석동 616,30200100219669,,,,False
반석마을5단지(금성백조예미지),2005,2.3,36.39037454029257,127.31076514331173,대전광역시 유성구 반석동 622,30200120009374,A30515001,1036.0,"관리사무소, 노인정, 보육시설, 주민공동시설, 어린이놀이터, 휴게시설, 자전거보관소",Needs Review
반석마을8단지(주공),2005,2.3,36.394659984885095,127.31160023550456,대전광역시 유성구 반석동 623,30200120021544,A30515003,270.0,"관리사무소, 노인정, 보육시설, 문고, 주민공동시설, 어린이놀이터, 휴게시설, 커뮤니티공간, 자전거보관소",Needs Review
반석더샵,2020,2.3,36.39210340325328,127.3047218379196,대전광역시 유성구 반석동 711,30200120401775,,,,False
문지효성해링턴플레이스,2017,2.3,36.39315291414844,127.40827583463076,대전광역시 유성구 문지동 657,30200120349969,A10027053,1298.0,"관리사무소, 노인정, 보육시설, 문고, 주민공동시설, 어린이놀이터, 휴게시설, 커뮤니티공간, 자전거보관소, 기타",Needs Review
감나무집,2013,2.3,36.40013273002279,127.3983775931922,대전광역시 유성구 전민동 300-1,30200320181943,,,,False
삼성푸른아파트,1993,2.3,36.399019120043214,127.39877984630076,대전광역시 유성구 전민동 460-1,30200100011207,A30572701,156.0,"관리사무소, 노인정, 어린이놀이터, 휴게시설, 자전거보관소",Needs Review
나래,1994,2.3,36.40172077318839,127.40324710923537,대전광역시 유성구 전민동 462-4,30200100011206,,,,False
세종,1994,2.3,36.40031541347095,127.40270060796068,대전광역시 유성구 전민동 462-5,30200100011208,A30572803,677.0,"관리사무소, 노인정, 문고, 주민공동시설, 어린이놀이터, 휴게시설, 자전거보관소",Needs Review
엑스포,1994,2.3,36.39985807225469,127.40848390926814,대전광역시 유성구 전민동 464-1,30200100011209,A30581204,2139.0,"관리사무소, 노인정, 어린이놀이터, 유치원",Needs Review
싸이언스빌7동,2007,2.3,36.38615643972236,127.38596541516068,대전광역시 유성구 원촌동 257-14,30200220071079,,,,False
싸이언스빌6동,2007,2.3,36.38682186442501,127.38646154733657,대전광역시 유성구 원촌동 257-18,30200220071080,,,,False
싸이언스빌5동,2007,2.3,36.387063176566,127.3870558715606,대전광역시 유성구 원촌동 257-19,30200220072736,,,,False
싸이언스빌4동,2007,2.3,36.38709679509017,127.3878056729263,대전광역시 유성구 원촌동 257-20,30200220071081,,,,False
싸이언스빌3동,2007,2.3,36.38694119095234,127.38868599156922,대전광역시 유성구 원촌동 257-21,30200220071082,,,,False
싸이언스빌2동,2007,2.3,36.38675327887594,127.38971328708278,대전광역시 유성구 원촌동 257-22,30200220071083,,,,False
사이언스빌1동,2009,2.3,36.386193188758966,127.39006210912328,대전광역시 유성구 원촌동 257-23,30200220125554,,,,False
싸이언스빌11동,2008,2.3,36.386148757686215,127.38907169396802,대전광역시 유성구 원촌동 257-26,30200220094357,,,,False
싸이언스빌10동,2007,2.3,36.386071927802384,127.3880776115886,대전광역시 유성구 원촌동 257-27,30200220071084,,,,False
싸이언스빌9동,2008,2.3,36.386071927802384,127.38735289904946,대전광역시 유성구 원촌동 257-29,30200220094358,,,,False
싸이언스빌8동,2007,2.3,36.38582177404393,127.38693465295444,대전광역시 유성구 원촌동 257-30,30200220071085,,,,False
더클래식,2012,2.3,36.42208862955219,127.39704804415584,대전광역시 유성구 용산동 612,30200120161244,,,,False
우림필유11단지,2008,2.3,36.41860294890155,127.39434497288916,대전광역시 유성구 용산동 663,30200120094359,,,,False
우림필유12단지,2007,2.3,36.41782129841435,127.39228187490524,대전광역시 유성구 용산동 666,30200120069277,,,,False
테크노팰리스A,2014,2.3,36.41768585187464,127.39832217221796,대전광역시 유성구 용산동 703,30200220297150,,,,False
테아나우,2014,2.3,36.41747191732875,127.39808149671728,대전광역시 유성구 용산동 705,30200220297180,,,,False
경남아너스빌1단지,2008,2.3,36.42016143980173,127.39839657854117,대전광역시 유성구 용산동 716,30200120095081,A46472102,556.0,"관리사무소, 노인정, 보육시설, 어린이놀이터, 커뮤니티공간, 자전거보관소",Needs Review
경남아너스빌2단지,2008,2.3,36.41897208843562,127.3978425383888,대전광역시 유성구 용산동 719,30200120095082,A46472101,107.0,"관리사무소, 노인정, 보육시설, 문고, 주민공동시설, 어린이놀이터, 커뮤니티공간, 자전거보관소",Needs Review
대덕테크노밸리2차푸르지오1단지,2008,2.3,36.4177891393308,127.39685829861372,대전광역시 유성구 용산동 722,30200120096804,,,,False
대덕테크노밸리2차푸르지오2단지,2008,2.3,36.4168096755578,127.39623106960394,대전광역시 유성구 용산동 725,30200120096805,,,,False
호반써밋그랜드파크1BL,2023,2.7 (검증필요),36.41594166726146,127.39069891552556,대전광역시 유성구 용산동 733,30200120443482,A10023287,5.0,None,True
호반써밋그랜드파크3BL,2023,2.7 (검증필요),36.41490119935803,127.39476201379549,대전광역시 유성구 용산동 750,30200120443483,A10023291,930.0,"관리사무소, 노인정, 보육시설, 문고, 주민공동시설, 어린이놀이터, 휴게시설, 커뮤니티공간, 자전거보관소, 기타",True
하늘바람휴먼시아,2009,2.3,36.439114091194426,127.38299420807454,대전광역시 유성구 봉산동 295,30200120123470,A30550601,801.0,None,Needs Review
봉산휴먼시아2단지,2009,2.3,36.43899756718305,127.38532135327556,대전광역시 유성구 봉산동 298,30200120121988,A30550602,522.0,"관리사무소, 노인정, 보육시설, 문고, 주민공동시설, 어린이놀이터, 자전거보관소",Needs Review
대전봉산엘에이치3단지,2019,2.3,36.43944093590287,127.38637038975888,대전광역시 유성구 봉산동 302,30200120388749,,,,False
케이맥주택,2013,2.3,36.44826473624801,127.38248095682953,대전광역시 유성구 봉산동 674-3,30200320179874,,,,False
유성대광로제비앙아파트,2022,2.7 (검증필요),36.44236938450995,127.383210732801,대전광역시 유성구 봉산동 1023,30200120433184,A10023836,1047.0,"관리사무소, 노인정, 보육시설, 문고, 주민공동시설, 어린이놀이터, 휴게시설, 커뮤니티공간, 자전거보관소",True
한화꿈에그린1차,2006,2.3,36.421521498649454,127.38318252551792,대전광역시 유성구 관평동 664,30200120033430,,,,False
대우푸르지오,2006,2.3,36.419943284767726,127.3822652664289,대전광역시 유성구 관평동 665,30200120033431,,,,False
쌍용스윗닷홈,2006,2.3,36.41941178775638,127.38444927131204,대전광역시 유성구 관평동 666,30200120033433,A12012001,73.0,"관리사무소, 노인정, 어린이놀이터, 자전거보관소",Needs Review
중앙하이츠빌,2006,2.3,36.42123292475882,127.38563580347542,대전광역시 유성구 관평동 668,30200120033432,,,,False
신동아파밀리에,2006,2.3,36.42062783066686,127.38751358723329,대전광역시 유성구 관평동 669,30200120033434,A13676103,253.0,"관리사무소, 노인정, 주민공동시설, 어린이놀이터, 자전거보관소",Needs Review
운암네오미아,2006,2.3,36.41940741712686,127.39067588230392,대전광역시 유성구 관평동 672,30200120033435,A30571901,863.0,"관리사무소, 노인정, 보육시설, 문고, 주민공동시설, 어린이놀이터, 휴게시설, 자전거보관소",Needs Review
금성백조예미지7단지아파트,2007,2.3,36.425031142915365,127.3859620826694,대전광역시 유성구 관평동 892,30200120089868,,,,False
금성백조예미지8단지,2007,2.3,36.4234744335936,127.38500701195672,대전광역시 유성구 관평동 896,30200120089869,,,,False
한화꿈에그린2차,2008,2.3,36.42282939373466,127.38667599340248,대전광역시 유성구 관평동 898,30200120094360,,,,False
한화꿈에그린3차,2008,2.3,36.42208606852023,127.39119403850616,대전광역시 유성구 관평동 1280,30200120094361,,,,False
청솔뉴서울,1995,2.3,36.43570553815164,127.38248740809372,대전광역시 유성구 송강동 8-2,30200100053595,,,,False
송강마을1,1994,2.3,36.43752585426593,127.38485878022372,대전광역시 유성구 송강동 10,30200100448959,,,,False
송강마을2,1994,2.3,36.43670653973429,127.38506210009912,대전광역시 유성구 송강동 10-3,30200100011219,,,,False
송강그린,1996,2.3,36.43221346397042,127.38227514014211,대전광역시 유성구 송강동 199,30200100011218,A30575105,659.0,"관리사무소, 노인정, 주민공동시설, 어린이놀이터, 자전거보관소",Needs Review
한솔아파트,1995,2.3,36.432025804821,127.38533304734604,대전광역시 유성구 송강동 200-1,30200100011222,,,,False
한마을,1999,2.3,36.430317090006696,127.38498322697647,대전광역시 유성구 송강동 200-4,30200100011221,A30580304,1124.0,"관리사무소, 노인정, 보육시설, 어린이놀이터",Needs Review
(515-1),2010,2.3,36.487104744471374,127.39497764582369,대전광역시 유성구 대동 515-1,30200320131697,,,,False
자연마을A,2007,2.3,36.48665215919746,127.39668415779816,대전광역시 유성구 대동 526-1,30200320073590,,,,False
자연마을B,2008,2.3,36.48629255120241,127.39643392234709,대전광역시 유성구 대동 526-10,30200320094362,,,,False
유성둔곡지구A1BL서한이다음,2022,2.7 (검증필요),36.45533694373331,127.36285959065977,대전광역시 유성구 둔곡동 430,30200120440654,,,,False
대전둔곡우미린,2022,2.7 (검증필요),36.45467651051247,127.36520667602572,대전광역시 유성구 둔곡동 431,30200120440195,A10023535,1026.0,"관리사무소, 노인정, 보육시설, 문고, 주민공동시설, 어린이놀이터, 휴게시설, 유치원, 커뮤니티공간, 자전거보관소",True
유성둔곡지구A2BL서한이다음,2022,2.7 (검증필요),36.45338073181391,127.3624787934482,대전광역시 유성구 둔곡동 432,30200120440655,,,,False
양지마을,1999,2.3,36.35967316842516,127.41407794196256,대전광역시 대덕구 오정동 55-5,30230100011715,A42590611,529.0,"관리사무소, 노인정, 보육시설, 주민공동시설, 어린이놀이터, 휴게시설, 자전거보관소",Needs Review
(63-12),1979,2.3,36.35894168405662,127.41376047804454,대전광역시 대덕구 오정동 63-12,30230312135207,,,,False
지성빌리지,2002,2.3,36.35694533026343,127.41016242305776,대전광역시 대덕구 오정동 68-8,30230212135208,,,,False
진빌리지,2002,2.3,36.35720201881295,127.40888832606998,대전광역시 대덕구 오정동 69-11,30230312135209,,,,False
흥진빌라,2002,2.3,36.35704390493584,127.4088797265085,대전광역시 대덕구 오정동 69-19,30230312135210,,,,False
누리빌,2002,2.3,36.3555506470168,127.40851925682868,대전광역시 대덕구 오정동 79-4,30230212135211,,,,False
세롬빌라,2002,2.3,36.35544285562853,127.40866139647171,대전광역시 대덕구 오정동 79-10,30230212135212,,,,False
(81-8),1989,2.3,36.35658197685626,127.40914356404537,대전광역시 대덕구 오정동 81-8,30230312135213,,,,False
보라빌라,1994,2.3,36.35667694038459,127.40940812288002,대전광역시 대덕구 오정동 81-10,30230312135214,,,,False
신우빌라(3동),1997,2.3,36.35622890722976,127.41050747027428,대전광역시 대덕구 오정동 82-3,30230312135215,A10021809,0.0,"어린이놀이터, 기타",False
거성빌라6동,1990,2.3,36.356298021254254,127.41032870614572,대전광역시 대덕구 오정동 82-25,30230312135216,,,,False
"거성빌라3,5동",1990,2.3,36.35643702785156,127.41034979929228,대전광역시 대덕구 오정동 82-26,30230312135217,,,,False
"거성빌라1,2동",1990,2.3,36.35650129129502,127.41047905383626,대전광역시 대덕구 오정동 82-27,30230312135218,,,,False
동양빌라,1995,2.3,36.3548192044275,127.4087563627018,대전광역시 대덕구 오정동 86-7,30230312135219,,,,False
성하빌라,1994,2.3,36.35492052122832,127.40863117208266,대전광역시 대덕구 오정동 86-11,30230312135220,,,,False
한성빌라,1991,2.3,36.35416108522567,127.40956338135372,대전광역시 대덕구 오정동 87-9,30230312135221,,,,False
신우빌라(1동),1996,2.3,36.35453414650065,127.4105320923348,대전광역시 대덕구 오정동 89-4,30230312135222,A10021809,0.0,"어린이놀이터, 기타",False
연흥목화빌라,1997,2.3,36.35517112244875,127.4102964902331,대전광역시 대덕구 오정동 89-10,30230312135223,,,,False
공신빌라5동,1990,2.3,36.35537220628557,127.41064204384026,대전광역시 대덕구 오정동 90-21,30230312135224,,,,False
공신빌라3동,1990,2.3,36.35535794243774,127.4108968994493,대전광역시 대덕구 오정동 90-22,30230312135225,,,,False
공신빌라2동,1990,2.3,36.355249039963056,127.41079345904814,대전광역시 대덕구 오정동 90-23,30230312135226,,,,False
공신빌라1동,1990,2.3,36.35515743210877,127.41067900075048,대전광역시 대덕구 오정동 90-24,30230312135227,,,,False
유성오토빌라,1993,2.3,36.35518896853689,127.41099153664754,대전광역시 대덕구 오정동 90-30,30230312135228,,,,False
중원빌리지,2003,2.3,36.35630100889581,127.41148822448412,대전광역시 대덕구 오정동 91-13,30230312135229,,,,False
그린빌리지,2004,2.3,36.35563045815681,127.41184519238443,대전광역시 대덕구 오정동 92-9,30230312135230,,,,False
홍성빌라가동,1990,2.3,36.355873165587234,127.41198260985163,대전광역시 대덕구 오정동 92-11,30230312135231,,,,False
홍성빌라나동,1990,2.3,36.355956895371065,127.41208377856,대전광역시 대덕구 오정동 92-24,30230312135232,,,,False
홍성빌라라동,1990,2.3,36.35586492069654,127.41219185201572,대전광역시 대덕구 오정동 92-25,30230312135233,,,,False
홍성빌라바동,1990,2.3,36.35577255952322,127.41230847613234,대전광역시 대덕구 오정동 92-26,30230312135234,,,,False
홍성빌라마동,1990,2.3,36.35563677677632,127.4121874819602,대전광역시 대덕구 오정동 92-27,30230312135235,,,,False
홍성빌라다동,1990,2.3,36.355776025565966,127.41206992083166,대전광역시 대덕구 오정동 92-28,30230312135236,,,,False
진성빌라,1993,2.3,36.35555674690936,127.41162027598529,대전광역시 대덕구 오정동 92-29,30230300442590,,,,False
화정연립(93-10),1980,2.3,36.356323208552965,127.41306804297304,대전광역시 대덕구 오정동 93-10,30230312135237,,,,False
화정연립(93-28),1980,2.3,36.35650631530738,127.41292795505764,대전광역시 대덕구 오정동 93-28,30230312135238,,,,False
하나빌라,1980,2.3,36.35755855814257,127.41448099710442,대전광역시 대덕구 오정동 96-1,30230212135239,,,,False
두성빌라,2001,2.3,36.35569021138173,127.41413163052056,대전광역시 대덕구 오정동 98-4,30230312135240,,,,False
성진빌라(101-16),1998,2.3,36.354796546641495,127.412295404879,대전광역시 대덕구 오정동 101-16,30230312135245,,,,False
성진빌라(101-19),1998,2.3,36.35467111251626,127.41245546080498,대전광역시 대덕구 오정동 101-19,30230312135246,,,,False
믿소사주택,1991,2.3,36.351854793454535,127.42507604780724,대전광역시 대덕구 오정동 175-84,30230312135248,,,,False
챔프,2003,2.3,36.35486549582146,127.4262973479882,대전광역시 대덕구 오정동 200-51,30230312135241,,,,False
클릭,2003,2.3,36.35489946035055,127.42642999229298,대전광역시 대덕구 오정동 200-52,30230312135242,,,,False
소망빌라,2003,2.3,36.35492562947678,127.42656345338408,대전광역시 대덕구 오정동 200-53,30230312135243,,,,False
드림빌,2003,2.3,36.354910973123886,127.42670876131012,대전광역시 대덕구 오정동 200-54,30230312135244,,,,False
현대아트,2000,2.3,36.35450608608463,127.42683221746104,대전광역시 대덕구 오정동 201-25,30230312135249,,,,False
금비하우스,2000,2.3,36.35448655936244,127.42669347728068,대전광역시 대덕구 오정동 201-26,30230312135250,,,,False
한남빌라,2000,2.3,36.35447300688987,127.42655251604538,대전광역시 대덕구 오정동 201-27,30230312135251,,,,False
전망좋은집,2002,2.3,36.35445925784469,127.42640087158094,대전광역시 대덕구 오정동 201-28,30230300442591,,,,False
이레,2000,2.3,36.35427948469268,127.42686643139412,대전광역시 대덕구 오정동 201-30,30230312135252,,,,False
보금자리,2000,2.3,36.35408556787512,127.42658027428146,대전광역시 대덕구 오정동 201-36,30230312135253,A33185511,22.0,관리사무소,Needs Review
둥지,2000,2.3,36.35411491285166,127.4267378894281,대전광역시 대덕구 오정동 201-37,30230312135254,A30212007,394.0,"관리사무소, 노인정, 주민공동시설, 어린이놀이터, 유치원, 자전거보관소",Needs Review
성신빌라,1990,2.3,36.35336377445918,127.4115098236814,대전광역시 대덕구 오정동 238-23,30230212135255,,,,False
(244-11),1988,2.3,36.3524827857522,127.4124325525059,대전광역시 대덕구 오정동 244-11,30230312135256,,,,False
영진로얄맨션,1991,2.3,36.34964381600084,127.42002663766468,대전광역시 대덕구 오정동 254-1,30230100011716,A10022140,0.0,None,False
"광명빌라가,나동",1989,2.3,36.348980619061095,127.42060664500944,대전광역시 대덕구 오정동 255-8,30230312135258,,,,False
동남빌라,1993,2.3,36.35308286140234,127.4127612318803,대전광역시 대덕구 오정동 265-7,30230312135259,,,,False
장미빌라가동,1982,2.3,36.35386239732839,127.4140529880561,대전광역시 대덕구 오정동 273-2,30230312135260,,,,False
한울주택,1991,2.3,36.35323348486687,127.40581061910794,대전광역시 대덕구 오정동 294-3,30230312135263,,,,False
신우빌라(2동),1997,2.3,36.353301567860726,127.40704986273909,대전광역시 대덕구 오정동 301-9,30230312135264,A10021809,0.0,"어린이놀이터, 기타",False
태성빌라(306-5),1994,2.3,36.3505981734585,127.40605256603988,대전광역시 대덕구 오정동 306-5,30230312135265,,,,False
오정빌라B동,1990,2.3,36.35081418322397,127.4060819407471,대전광역시 대덕구 오정동 306-11,30230312135266,,,,False
오정빌라A동,1990,2.3,36.35089182104392,127.40618641240852,대전광역시 대덕구 오정동 306-14,30230312135267,,,,False
태성빌라A동,1994,2.3,36.35050273053069,127.40616975809078,대전광역시 대덕구 오정동 306-18,30230312135268,,,,False
신영빌라,1990,2.3,36.34903848044233,127.41319284786236,대전광역시 대덕구 오정동 314-2,30230312135269,,,,False
그린하우스,2003,2.3,36.34798508090399,127.41420666545795,대전광역시 대덕구 오정동 318-3,30230312135270,,,,False
대옥주택,1988,2.3,36.35212108329861,127.4105309825579,대전광역시 대덕구 오정동 338-9,30230200442594,,,,False
우당빌라나동,1993,2.3,36.35079916882725,127.4111468421084,대전광역시 대덕구 오정동 340-7,30230312135271,,,,False
우당빌라가동,1993,2.3,36.35069588109316,127.41127383673832,대전광역시 대덕구 오정동 340-26,30230312135272,,,,False
대명빌라가동,1991,2.3,36.34979536044382,127.40985284047252,대전광역시 대덕구 오정동 342-2,30230312135273,,,,False
대명빌라나동,1991,2.3,36.34971963822039,127.40994826369943,대전광역시 대덕구 오정동 342-12,30230312135274,,,,False
대명빌라다동,1993,2.3,36.34964385721291,127.41004366567168,대전광역시 대덕구 오정동 342-13,30230312135275,,,,False
대명빌라라동,1993,2.3,36.34956815278434,127.41013911076487,대전광역시 대덕구 오정동 342-14,30230312135276,,,,False
대명빌라마동,1991,2.3,36.349492353678045,127.41023449021095,대전광역시 대덕구 오정동 342-15,30230312135277,,,,False
대명빌라바동,1991,2.3,36.34941615136719,127.41033033861616,대전광역시 대덕구 오정동 342-16,30230312135278,,,,False
태극빌라B동,1990,2.3,36.34953115334895,127.41262764719396,대전광역시 대덕구 오정동 369-5,30230312135279,,,,False
세원빌라,1994,2.3,36.3493036416562,127.41257989214682,대전광역시 대덕구 오정동 369-11,30230312135280,,,,False
태극빌라A동,1990,2.3,36.349615593014775,127.41273373429682,대전광역시 대덕구 오정동 369-15,30230312135281,,,,False
태극빌라C동,1990,2.3,36.34948435831112,127.4128965623884,대전광역시 대덕구 오정동 369-17,30230312135282,,,,False
태극빌라D동,1990,2.3,36.349408744570006,127.4127779533527,대전광역시 대덕구 오정동 369-21,30230312135283,,,,False
봉천빌라(379-2),1986,2.3,36.35076934574524,127.4133513542211,대전광역시 대덕구 오정동 379-2,30230312135284,,,,False
청남빌라(379-7),1994,2.3,36.35060854952408,127.41398349059412,대전광역시 대덕구 오정동 379-7,30230312135285,,,,False
봉천빌라(379-11),1986,2.3,36.35069248966792,127.4135756584944,대전광역시 대덕구 오정동 379-11,30230312135286,,,,False
청남빌라(379-21),1994,2.3,36.3505166040684,127.41409816404104,대전광역시 대덕구 오정동 379-21,30230312135287,,,,False
임광하이츠101동,1994,2.3,36.35117731563257,127.41409509193026,대전광역시 대덕구 오정동 386-1,30230312135288,,,,False
"임광하이츠102,103동",1994,2.3,36.35105697582616,127.4141060742505,대전광역시 대덕구 오정동 386-2,30230312135289,,,,False
"임광하이츠105,106동",1994,2.3,36.350940803946656,127.4139944710555,대전광역시 대덕구 오정동 386-13,30230312135290,,,,False
관용빌라,1994,2.3,36.35084890626836,127.414214246147,대전광역시 대덕구 오정동 386-15,30230312135291,,,,False
"성진빌라3,5동",1990,2.3,36.35515102660749,127.41576665485212,대전광역시 대덕구 오정동 410-9,30230312135292,,,,False
성진빌라6동,1991,2.3,36.35498210742177,127.41573808159588,대전광역시 대덕구 오정동 410-19,30230312135293,,,,False
효성빌라,1991,2.3,36.354024055843134,127.41641187326572,대전광역시 대덕구 오정동 427-12,30230312135294,,,,False
성진빌라가동,1989,2.3,36.353890673524944,127.41577281583582,대전광역시 대덕구 오정동 428-8,30230312135295,,,,False
성진빌라나동,1989,2.3,36.35380279581516,127.41588218437658,대전광역시 대덕구 오정동 428-13,30230312135296,,,,False
코지PLUS,1994,2.3,36.35180295731065,127.4164885552374,대전광역시 대덕구 오정동 434-1,30230200442595,,,,False
대덕빌,2003,2.3,36.352762936602446,127.41799081418276,대전광역시 대덕구 오정동 435-10,30230312135297,,,,False
세종빌1,2019,2.3,36.35219860796686,127.41784848731436,대전광역시 대덕구 오정동 436-2,30230320395392,,,,False
오정연립,1983,2.3,36.352265341280415,127.41801654879352,대전광역시 대덕구 오정동 436-3,30230312135298,,,,False
세종빌2,2019,2.3,36.35057891622212,127.41750791548776,대전광역시 대덕구 오정동 442-8,30230320395628,,,,False
대성빌라,1992,2.3,36.35030440863629,127.41762618900464,대전광역시 대덕구 오정동 446-1,30230312135299,,,,False
대성그린빌라(446-30),1992,2.3,36.35039030093694,127.41781178656694,대전광역시 대덕구 오정동 446-30,30230312135300,,,,False
효성빌라(447-10),1991,2.3,36.34968506792669,127.41693893494876,대전광역시 대덕구 오정동 447-10,30230312135301,,,,False
효성빌라(447-11),1991,2.3,36.34979027836577,127.4170687826365,대전광역시 대덕구 오정동 447-11,30230312135302,,,,False
대성그린빌라,1993,2.3,36.349889238447005,127.4171912649018,대전광역시 대덕구 오정동 447-13,30230312135303,,,,False
비전빌리지,2002,2.3,36.34998387317544,127.41730800099296,대전광역시 대덕구 오정동 447-16,30230312135304,,,,False
세종빌7(1동),2021,2.7 (검증필요),36.34893857635109,127.4171800761003,대전광역시 대덕구 오정동 449-3,30230320426539,,,,False
세종빌8(2동),2021,2.7 (검증필요),36.34885230996608,127.41707439054974,대전광역시 대덕구 오정동 449-10,30230320426540,,,,False
한남,1996,2.3,36.34962540062013,127.41912855764188,대전광역시 대덕구 오정동 464-1,30230100011717,A30681901,68.0,"관리사무소, 노인정, 어린이놀이터, 자전거보관소",Needs Review
세종빌6,2021,2.7 (검증필요),36.3491135409471,127.4183860388366,대전광역시 대덕구 오정동 465-30,30230320427310,,,,False
(467-18),1987,2.3,36.34831660249252,127.4187367558564,대전광역시 대덕구 오정동 467-18,30230312135306,,,,False
나이스팰리스14차,2017,2.3,36.34788940867532,127.41720885944736,대전광역시 대덕구 오정동 472-6,30230120359297,,,,False
우정빌라,1993,2.3,36.34529949991549,127.41770892279796,대전광역시 대덕구 오정동 485-7,30230312135307,,,,False
세롬빌라트,2002,2.3,36.34650282685377,127.4140547752628,대전광역시 대덕구 오정동 491-10,30230312135309,,,,False
리베라그린빌라,1996,2.3,36.34608402942165,127.41392771891228,대전광역시 대덕구 오정동 493-1,30230200442596,,,,False
건우빌라8동,1990,2.3,36.34612460399688,127.41340993137412,대전광역시 대덕구 오정동 493-17,30230312135310,,,,False
건우빌라9동,1990,2.3,36.34609529153079,127.41354773545508,대전광역시 대덕구 오정동 493-18,30230312135311,,,,False
"건우빌라6,7동",1990,2.3,36.346201550802334,127.41361222102172,대전광역시 대덕구 오정동 493-20,30230312135312,,,,False
"건우빌라3,5동",1990,2.3,36.34625591296659,127.41373927063856,대전광역시 대덕구 오정동 493-21,30230312135313,,,,False
"건우빌라1,2동",1990,2.3,36.346332931137255,127.4138346730505,대전광역시 대덕구 오정동 493-22,30230312135314,,,,False
태영하이츠빌라,1996,2.3,36.34599182830341,127.41419432532444,대전광역시 대덕구 오정동 495-3,30230312135315,,,,False
대한,1990,2.3,36.345694110019714,127.41442115858234,대전광역시 대덕구 오정동 495-4,30230100011713,,,,False
대덕상가,1992,2.3,36.34542263451694,127.41485823719188,대전광역시 대덕구 오정동 495-6,30230100011712,,,,False
일흥그린빌라,1995,2.3,36.34583304955036,127.4142326905117,대전광역시 대덕구 오정동 495-20,30230312135318,,,,False
청금빌라,1998,2.3,36.34505835421908,127.41502409877774,대전광역시 대덕구 오정동 498-3,30230312135319,,,,False
평화로운,2007,2.3,36.35938440938233,127.40863221664608,대전광역시 대덕구 오정동 587-1,30230120085999,A30676004,142.0,"관리사무소, 노인정, 어린이놀이터, 자전거보관소, 기타",Needs Review
신동아,1990,2.3,36.36020326204222,127.41204192122572,대전광역시 대덕구 오정동 635-1,30230100011714,A14082601,80.0,"관리사무소, 노인정, 어린이놀이터, 커뮤니티공간, 자전거보관소",Needs Review
성덕파크빌라(658-18),1992,2.3,36.35957888984706,127.4087838990445,대전광역시 대덕구 오정동 658-18,30230312135321,,,,False
대우주택,1998,2.3,36.35997820815872,127.40874078390866,대전광역시 대덕구 오정동 658-20,30230312135322,,,,False
성덕파크빌라,1992,2.3,36.35953536841565,127.40892146129876,대전광역시 대덕구 오정동 658-21,30230312135323,,,,False
용궁빌라,1994,2.3,36.35493686195939,127.42699869411538,대전광역시 대덕구 오정동 740-1,30230312135325,,,,False
정우빌라,2001,2.3,36.35427081397278,127.42726645079212,대전광역시 대덕구 오정동 740-11,30230312135326,,,,False
우리빌라,2001,2.3,36.3542790407063,127.42746203077093,대전광역시 대덕구 오정동 740-12,30230312135327,,,,False
태영빌라,2001,2.3,36.35399428301503,127.42750606755573,대전광역시 대덕구 오정동 740-17,30230312135330,,,,False
예인빌라,2001,2.3,36.3538322005848,127.4275302782115,대전광역시 대덕구 오정동 740-18,30230312135331,,,,False
프린스빌,2002,2.3,36.35369279037157,127.42754816145302,대전광역시 대덕구 오정동 740-19,30230312135332,,,,False
청림빌라,2001,2.3,36.35358093633535,127.4275625072938,대전광역시 대덕구 오정동 740-20,30230312135333,,,,False
주은빌,2002,2.3,36.35344506822749,127.42757991939204,대전광역시 대덕구 오정동 740-21,30230300442597,,,,False
(772-31),1984,2.3,36.34427070970304,127.41472282836568,대전광역시 대덕구 오정동 772-31,30230212135334,,,,False
금성백조,1985,2.3,36.36656201085356,127.4182720832448,대전광역시 대덕구 대화동 16-2,30230100011719,,,,False
세원풍남,1987,2.3,36.36679671682042,127.41749252672504,대전광역시 대덕구 대화동 16-5,30230100011721,,,,False
전원주택,1985,2.3,36.3661891873584,127.41813569817964,대전광역시 대덕구 대화동 16-13,30230312135357,,,,False
(16-14),1980,2.3,36.36511848753677,127.41858825603832,대전광역시 대덕구 대화동 16-14,30230320406020,,,,False
대화자연마을,1998,2.3,36.36382861963486,127.41719157616104,대전광역시 대덕구 대화동 16-72,30230312135359,,,,False
대덕연립주택,1975,2.3,36.36455834420482,127.41748375528564,대전광역시 대덕구 대화동 16-161,30230312135360,,,,False
신대화,1983,2.3,36.365985307596304,127.41856134084505,대전광역시 대덕구 대화동 16-163,30230100011723,,,,False
(16-221),1990,2.3,36.36573107088262,127.41788681734256,대전광역시 대덕구 대화동 16-221,30230312135362,,,,False
금강,1978,2.3,36.365389618666455,127.418173623152,대전광역시 대덕구 대화동 27-7,30230100011718,A10021670,123.0,None,Needs Review
(29-0),1984,2.3,36.363431046496,127.41369641876588,대전광역시 대덕구 대화동 29,30230220040883,,,,False
(30-0),1985,2.3,36.36341677642712,127.41338622820864,대전광역시 대덕구 대화동 30,30230220032212,,,,False
소라,1990,2.3,36.36281209290992,127.41320894426865,대전광역시 대덕구 대화동 30-1,30230100011722,A10025654,0.0,"관리사무소, 노인정, 어린이놀이터, 자전거보관소",False
무궁화연립,1981,2.3,36.36311367971789,127.41437315996008,대전광역시 대덕구 대화동 31-24,30230212135365,,,,False
목화주택(31-33),1991,2.3,36.362830958159485,127.41418191537662,대전광역시 대덕구 대화동 31-33,30230312135366,,,,False
두레,2001,2.3,36.36356488470366,127.41688764251104,대전광역시 대덕구 대화동 31-36,30230100219671,A30680101,254.0,"관리사무소, 노인정, 주민공동시설, 어린이놀이터, 휴게시설, 자전거보관소",Needs Review
목화주택(31-44),1991,2.3,36.36285369591168,127.41458370761366,대전광역시 대덕구 대화동 31-44,30230312135368,,,,False
YH드림타운C동,2003,2.3,36.36635813038404,127.41522208795718,대전광역시 대덕구 대화동 34,30230100609056,,,,False
YH드림타운B동,2003,2.3,36.36627048159065,127.41528442599284,대전광역시 대덕구 대화동 34-30,30230312135370,,,,False
35-108,2014,2.3,36.36310144695,127.41596024420986,대전광역시 대덕구 대화동 35-108,30230320290803,,,,False
탑스빌,2003,2.3,36.36335760294287,127.41582478882124,대전광역시 대덕구 대화동 35-110,30230312135371,A10020046,,None,False
다정하이츠,2003,2.3,36.3636437604119,127.41492460139054,대전광역시 대덕구 대화동 35-135,30230312135372,,,,False
두리해피빌,2002,2.3,36.36372491862663,127.4149425242508,대전광역시 대덕구 대화동 35-136,30230312135373,,,,False
초원하이빌B동,2003,2.3,36.364062067126966,127.41483376863478,대전광역시 대덕구 대화동 35-140,30230312135374,,,,False
영빌라,2004,2.3,36.3638332936056,127.41396766554794,대전광역시 대덕구 대화동 35-178,30230312135375,,,,False
삼원아트빌,2004,2.3,36.3657361191387,127.4136610228458,대전광역시 대덕구 대화동 35-248,30230318248210,,,,False
태원장미빌라,2005,2.3,36.36527200857997,127.41439590648466,대전광역시 대덕구 대화동 35-255,30230300442599,,,,False
소망빌라,2002,2.3,36.36473669999788,127.41471646241168,대전광역시 대덕구 대화동 35-262,30230312135376,,,,False
덕인하이츠,2002,2.3,36.364311473554025,127.41463825716352,대전광역시 대덕구 대화동 35-286,30230312135377,,,,False
(35-333),2008,2.3,36.364322782637856,127.413193784469,대전광역시 대덕구 대화동 35-333,30230320101431,,,,False
YH드림타운A동,2003,2.3,36.36615944735857,127.41536169946173,대전광역시 대덕구 대화동 35-356,30230312135378,,,,False
태성빌라,2005,2.3,36.3661569946061,127.41572898399517,대전광역시 대덕구 대화동 35-359,30230300442600,,,,False
성연빌라,2006,2.3,36.36581446369686,127.41374954658384,대전광역시 대덕구 대화동 35-365,30230320035926,,,,False
두방빌라(35-389),1993,2.3,36.365259672669424,127.41468898901388,대전광역시 대덕구 대화동 35-389,30230312135379,,,,False
두방빌라,1993,2.3,36.36530182205711,127.41483281027368,대전광역시 대덕구 대화동 35-390,30230312135380,,,,False
대진빌라,2005,2.3,36.36529887567021,127.41348813117496,대전광역시 대덕구 대화동 35-405,30230320021245,,,,False
현호빌라(연성),2004,2.3,36.36439002825465,127.4143185801416,대전광역시 대덕구 대화동 35-411,30230312135381,,,,False
낙원빌라,2003,2.3,36.364266949427005,127.41501844811911,대전광역시 대덕구 대화동 35-429,30230312135382,,,,False
석하우스,2003,2.3,36.36347799718612,127.41502445508296,대전광역시 대덕구 대화동 35-432,30230312135383,,,,False
제일빌라,2003,2.3,36.36526408086516,127.41274725275778,대전광역시 대덕구 대화동 35-445,30230312135384,,,,False
정은하이츠,2002,2.3,36.365555549497714,127.41269224450096,대전광역시 대덕구 대화동 35-455,30230312135385,,,,False
(35-479),1990,2.3,36.36546186656695,127.41147180215398,대전광역시 대덕구 대화동 35-479,30230312135386,,,,False
금성백조A동,1983,2.3,36.3650765447468,127.41236425250288,대전광역시 대덕구 대화동 35-495,30230212135387,,,,False
그레이스빌,2002,2.3,36.36347023092424,127.41578027327668,대전광역시 대덕구 대화동 35-612,30230312135388,,,,False
정웅빌라,2002,2.3,36.36572615197608,127.41439320929442,대전광역시 대덕구 대화동 35-686,30230312135389,,,,False
햇빛하이츠,2002,2.3,36.36385916181007,127.41424715481654,대전광역시 대덕구 대화동 35-719,30230312135390,,,,False
파랑새빌라,1998,2.3,36.36571702440346,127.41581074172018,대전광역시 대덕구 대화동 35-741,30230312135391,,,,False
씨티빌,2009,2.3,36.36304028328743,127.41604840924424,대전광역시 대덕구 대화동 35-1045,30230320116978,,,,False
초원하이빌A동,2003,2.3,36.364072368541926,127.4149476007151,대전광역시 대덕구 대화동 35-1162,30230312135392,,,,False
석빌라,2003,2.3,36.363560407274974,127.4148703865024,대전광역시 대덕구 대화동 35-1185,30230312135393,,,,False
태원백합빌라,2005,2.3,36.36522737676685,127.4142867108028,대전광역시 대덕구 대화동 35-1190,30230300442601,,,,False
가든,1984,2.3,36.36679124737842,127.4153559864342,대전광역시 대덕구 대화동 36-20,30230312135394,,,,False
가든,1984,2.3,36.36676614592794,127.41517396113952,대전광역시 대덕구 대화동 36-21,30230312135395,,,,False
가든다세대주택,1984,2.3,36.36661029870997,127.41503888039988,대전광역시 대덕구 대화동 36-22,30230312135396,,,,False
가든주택,1984,2.3,36.36652912335485,127.41529837046986,대전광역시 대덕구 대화동 36-24,30230312135397,,,,False
가든다세대주택(36-25),1983,2.3,36.36657277172438,127.41547925183164,대전광역시 대덕구 대화동 36-25,30230312135398,,,,False
가든연립,1984,2.3,36.366654343271854,127.41563758139732,대전광역시 대덕구 대화동 36-26,30230300442602,,,,False
드림빌라,2002,2.3,36.36694403265808,127.4151933347294,대전광역시 대덕구 대화동 38-31,30230312135399,,,,False
대화,1979,2.3,36.36741110905441,127.4133959634129,대전광역시 대덕구 대화동 40-67,30230100011720,A50306004,98.0,"관리사무소, 노인정, 어린이놀이터, 커뮤니티공간, 자전거보관소",Needs Review
청림빌라,1991,2.3,36.366989861033375,127.41218174420062,대전광역시 대덕구 대화동 40-84,30230312135401,,,,False
장미,1986,2.3,36.36612053469607,127.4116501987595,대전광역시 대덕구 대화동 229-12,30230100011725,A13114003,,None,False
금성백조B동,1983,2.3,36.3647702360863,127.41228807581354,대전광역시 대덕구 대화동 241,30230212135403,,,,False
금성백조하우스,1981,2.3,36.36451234910293,127.41211980040538,대전광역시 대덕구 대화동 241-11,30230212135404,,,,False
드림펠리스,2006,2.3,36.36336172529737,127.4124727144133,대전광역시 대덕구 대화동 243-2,30230320040881,,,,False
243-7,1979,2.3,36.36342710817816,127.41295023389064,대전광역시 대덕구 대화동 243-7,30230312135405,,,,False
(247-7),1984,2.3,36.36351848299878,127.41208334655612,대전광역시 대덕구 대화동 247-7,30230312135408,,,,False
대화연립,1979,2.3,36.36379566935462,127.41149420495564,대전광역시 대덕구 대화동 250-2,30230212135410,,,,False
국민연립,1985,2.3,36.363732056647535,127.41175947393526,대전광역시 대덕구 대화동 250-16,30230312135411,,,,False
동남주택,1982,2.3,36.36428697353056,127.410501678376,대전광역시 대덕구 대화동 251-1,30230312135412,,,,False
오광무지개,1986,2.3,36.36446637298357,127.40966949068851,대전광역시 대덕구 대화동 253,30230100011724,,,,False
우리주택,1982,2.3,36.36377797795588,127.41023897910586,대전광역시 대덕구 대화동 254-1,30230312135414,,,,False
포도연립,1980,2.3,36.363071448559126,127.40981477134926,대전광역시 대덕구 대화동 254-16,30230212135415,,,,False
대우주택,1983,2.3,36.36361592076735,127.4100755882143,대전광역시 대덕구 대화동 254-21,30230312135416,,,,False
안전주택,1984,2.3,36.36357609272532,127.4109325719925,대전광역시 대덕구 대화동 254-30,30230212135417,,,,False
안전주택,1984,2.3,36.363747317776514,127.41076175213222,대전광역시 대덕구 대화동 254-31,30230212224271,,,,False
현대,1991,2.3,36.37857944722522,127.42515259937656,대전광역시 대덕구 읍내동 54,30230100011727,A12208105,119.0,"관리사무소, 노인정, 어린이놀이터, 자전거보관소",Needs Review
백송,1997,2.3,36.38048343202591,127.4196958605411,대전광역시 대덕구 읍내동 202,30230100011726,A30679001,77.0,"관리사무소, 노인정, 어린이놀이터, 자전거보관소",Needs Review
산장빌라B동,1990,2.3,36.3795276790708,127.41949257193588,대전광역시 대덕구 읍내동 204-16,30230312135428,,,,False
동원빌라A동,1990,2.3,36.37944314028933,127.41987945746064,대전광역시 대덕구 읍내동 204-40,30230312135429,,,,False
산장빌라A동,1990,2.3,36.37952636526782,127.41966789879304,대전광역시 대덕구 읍내동 204-49,30230312135430,,,,False
산장빌라C동,1990,2.3,36.37942446973961,127.41966278738698,대전광역시 대덕구 읍내동 204-50,30230312135431,,,,False
동원빌라B동,1990,2.3,36.37939474145875,127.42001002333234,대전광역시 대덕구 읍내동 204-56,30230312135432,,,,False
삼원,1987,2.3,36.37970789472888,127.42038383159698,대전광역시 대덕구 읍내동 213-3,30230312135433,,,,False
"기린빌라1,2동",1993,2.3,36.3791832618804,127.42055399567523,대전광역시 대덕구 읍내동 214,30230312135434,,,,False
기린빌라3동,1993,2.3,36.37928118660054,127.42067634667076,대전광역시 대덕구 읍내동 214-3,30230312135435,,,,False
"칠갑빌라다,라동",1991,2.3,36.37757125326115,127.41946760987938,대전광역시 대덕구 읍내동 237-2,30230312135437,,,,False
"칠갑빌라가,나동",1991,2.3,36.3774162794375,127.41938119475115,대전광역시 대덕구 읍내동 237-9,30230312135438,,,,False
성우빌리지B,2002,2.3,36.37690919392658,127.42011013426212,대전광역시 대덕구 읍내동 240-2,30230312135439,,,,False
칠갑빌라,1992,2.3,36.37727377505482,127.41920199244252,대전광역시 대덕구 읍내동 240-50,30230312135440,,,,False
"회덕빌라A,B동",1980,2.3,36.37730795387486,127.41906935200277,대전광역시 대덕구 읍내동 240-78,30230212135441,,,,False
"신회덕빌라가,나,다동",1983,2.3,36.37707640259677,127.41895356382764,대전광역시 대덕구 읍내동 240-79,30230212135442,,,,False
신회덕빌라라동,1983,2.3,36.37658482459842,127.41904072078444,대전광역시 대덕구 읍내동 240-81,30230212135443,,,,False
성우빌리지C동,2003,2.3,36.37675770956836,127.42024656390664,대전광역시 대덕구 읍내동 240-86,30230312135444,,,,False
성우빌리지A,2002,2.3,36.37670250040224,127.42006155151492,대전광역시 대덕구 읍내동 240-87,30230312135445,,,,False
성원빌라,1999,2.3,36.37609640524551,127.42008212267636,대전광역시 대덕구 읍내동 244-1,30230300442603,,,,False
명진주택,1990,2.3,36.37863818548927,127.42222248480246,대전광역시 대덕구 읍내동 263-8,30230312135446,,,,False
영락빌라A동,1991,2.3,36.37499826152269,127.41904760833212,대전광역시 대덕구 읍내동 483-53,30230312135447,,,,False
영진빌라A동,1990,2.3,36.37519851013133,127.41936516398508,대전광역시 대덕구 읍내동 483-60,30230312135448,,,,False
영진빌라B동,1990,2.3,36.37508322379098,127.41934081999293,대전광역시 대덕구 읍내동 483-61,30230312135449,,,,False
영락빌라B동,1991,2.3,36.37497910806289,127.41936287063464,대전광역시 대덕구 읍내동 483-62,30230312135450,,,,False
"드림빌리지105,106동",2001,2.3,36.37586132183477,127.41696470703914,대전광역시 대덕구 읍내동 489,30230312135451,,,,False
드림빌리지107동,2001,2.3,36.37574994215508,127.4172184173444,대전광역시 대덕구 읍내동 489-1,30230312135452,,,,False
동건자연빌라,1996,2.3,36.37679286697024,127.41726785096073,대전광역시 대덕구 읍내동 490,30230312135453,,,,False
그린웰빙,2005,2.3,36.37673864714046,127.4176597438464,대전광역시 대덕구 읍내동 490-8,30230100448960,,,,False
삼덕자연빌라,1996,2.3,36.37651149877786,127.4177910035144,대전광역시 대덕구 읍내동 490-10,30230212135454,,,,False
상아자연마을,1996,2.3,36.376491500595606,127.41724313628262,대전광역시 대덕구 읍내동 490-11,30230300442604,,,,False
신영빌라(495-1),1996,2.3,36.375984348220136,127.41805223931304,대전광역시 대덕구 읍내동 495-1,30230312135455,,,,False
신영빌라(495-9),1993,2.3,36.37585795885373,127.41811501153964,대전광역시 대덕구 읍내동 495-9,30230312135456,,,,False
신영빌라(495-10),1992,2.3,36.3758045356926,127.41795202828888,대전광역시 대덕구 읍내동 495-10,30230312135457,,,,False
혜강,1984,2.3,36.37629162496638,127.4184409045493,대전광역시 대덕구 읍내동 496-13,30230212135458,,,,False
"드림빌리지102,103,104동",2000,2.3,36.375915250964525,127.4166899129491,대전광역시 대덕구 읍내동 496-47,30230300442605,,,,False
드림빌리지101동,2000,2.3,36.37615484829392,127.41705261757816,대전광역시 대덕구 읍내동 496-64,30230312135459,,,,False
연축주공,1987,2.3,36.39560908800237,127.4234148115431,대전광역시 대덕구 연축동 102,30230100011728,,,,False
그린빌라나동,2007,2.3,36.39655101698918,127.42659856746128,대전광역시 대덕구 연축동 169-1,30230320071836,,,,False
그린빌라가동,2007,2.3,36.39669944890567,127.426315950321,대전광역시 대덕구 연축동 169-2,30230320071837,,,,False
주공,1987,2.3,36.39975610870832,127.4217039021346,대전광역시 대덕구 신대동 179,30230100011729,A46771202,192.0,"관리사무소, 노인정, 보육시설, 어린이놀이터",Needs Review
해주빌라,1997,2.3,36.39776898988152,127.42004223209427,대전광역시 대덕구 신대동 358,30230312135464,,,,False
해주빌리지,1997,2.3,36.39759570099494,127.42017157253376,대전광역시 대덕구 신대동 358-5,30230312135465,,,,False
대일,1990,2.3,36.39957814811737,127.42657606105846,대전광역시 대덕구 와동 33-1,30230100011730,,,,False
설임빌라(59-2),1988,2.3,36.401104189074445,127.42447834616738,대전광역시 대덕구 와동 59-2,30230312135469,,,,False
설임빌라(59-3),1988,2.3,36.40111428917009,127.42466280941122,대전광역시 대덕구 와동 59-3,30230312135470,,,,False
설임빌라(59-4),1988,2.3,36.40093880233951,127.42462783413563,대전광역시 대덕구 와동 59-4,30230312135471,,,,False
설임빌라(59-5),1989,2.3,36.40093208153558,127.4244626918815,대전광역시 대덕구 와동 59-5,30230312135472,,,,False
설임빌라(59-6),1989,2.3,36.40079113609846,127.42445532104222,대전광역시 대덕구 와동 59-6,30230312135473,,,,False
설임빌라(59-8),1989,2.3,36.40077346090232,127.4246097127076,대전광역시 대덕구 와동 59-8,30230312135474,,,,False
설임빌라(59-9),1990,2.3,36.40059390831671,127.42457742754902,대전광역시 대덕구 와동 59-9,30230312135475,,,,False
설임빌라,1990,2.3,36.40060534712204,127.42441902882892,대전광역시 대덕구 와동 59-13,30230312135476,,,,False
(85-0),1999,2.3,36.40130770240235,127.42841827459222,대전광역시 대덕구 와동 85,30230312135477,,,,False
현대,1994,2.3,36.40192951506226,127.42484399382184,대전광역시 대덕구 와동 111,30230100011732,A12208105,119.0,"관리사무소, 노인정, 어린이놀이터, 자전거보관소",Needs Review
해맞이,2006,2.3,36.40072909902141,127.4234312153078,대전광역시 대덕구 와동 371,30230120056067,,,,False
대덕브라운스톤,2024,2.7 (검증필요),36.39903547440271,127.4253316948332,대전광역시 대덕구 와동 505,30230120452102,A10022725,1038.0,None,True
흥진로얄,1995,2.3,36.36113839052497,127.44547062155874,대전광역시 대덕구 송촌동 219-2,30230100011740,,,,False
보령,1988,2.3,36.36002529542817,127.44499225704683,대전광역시 대덕구 송촌동 219-3,30230100011735,,,,False
대호빌라(219-5),1990,2.3,36.36043176375589,127.4447364523119,대전광역시 대덕구 송촌동 219-5,30230312135506,,,,False
등대빌라,1992,2.3,36.36097625258836,127.444978503498,대전광역시 대덕구 송촌동 219-7,30230312135507,,,,False
우정빌라(219-13),1991,2.3,36.36071125122943,127.44497072256766,대전광역시 대덕구 송촌동 219-13,30230312135508,,,,False
우정빌라(219-14),1990,2.3,36.36058231874706,127.44494549570828,대전광역시 대덕구 송촌동 219-14,30230312135509,,,,False
대호빌라(219-22),1990,2.3,36.360324161912445,127.44468861728922,대전광역시 대덕구 송촌동 219-22,30230312135510,,,,False
거상주택(라동),1991,2.3,36.35984283171537,127.44458808792352,대전광역시 대덕구 송촌동 219-23,30230312135511,,,,False
거상주택(마동),1991,2.3,36.359990064247015,127.4444422990879,대전광역시 대덕구 송촌동 219-24,30230312135512,,,,False
거상주택(가동),1991,2.3,36.36012437467716,127.44448206658195,대전광역시 대덕구 송촌동 219-26,30230312135513,,,,False
거상주택(나동),1991,2.3,36.36006387902208,127.44468362360551,대전광역시 대덕구 송촌동 219-27,30230312135514,,,,False
거상주택(다동),1991,2.3,36.35993448233144,127.4446462651529,대전광역시 대덕구 송촌동 219-28,30230312135515,,,,False
성원빌라(D동),1994,2.3,36.35973077795104,127.44398614995806,대전광역시 대덕구 송촌동 220-1,30230312135516,,,,False
서광빌라,1992,2.3,36.3590819660883,127.44361361085365,대전광역시 대덕구 송촌동 220-25,30230312135517,,,,False
부광빌라,1997,2.3,36.359609438155445,127.44385629136748,대전광역시 대덕구 송촌동 220-33,30230312135518,,,,False
부성빌라,1998,2.3,36.35934474654508,127.44398788844936,대전광역시 대덕구 송촌동 220-57,30230312135519,,,,False
한남빌라,1991,2.3,36.35914929788812,127.44440082094091,대전광역시 대덕구 송촌동 220-60,30230312135520,,,,False
성원빌라(C동),1994,2.3,36.359690393079646,127.44412382195743,대전광역시 대덕구 송촌동 220-64,30230312135521,,,,False
성원빌라,1994,2.3,36.359542989455846,127.4441845616868,대전광역시 대덕구 송촌동 220-65,30230312135522,,,,False
대일아트빌라,1992,2.3,36.35873006609408,127.44384415044551,대전광역시 대덕구 송촌동 221-3,30230312135523,,,,False
대일아트빌라(가동),1992,2.3,36.35891490866749,127.44384060370626,대전광역시 대덕구 송촌동 221-4,30230312135524,,,,False
스카이빌(라동),2002,2.3,36.358956118903386,127.44428331988708,대전광역시 대덕구 송촌동 221-5,30230312135525,A10021581,49.0,"관리사무소, 자전거보관소, 기타",Needs Review
대일아트빌라(나동),1992,2.3,36.35886495869362,127.4436513699436,대전광역시 대덕구 송촌동 221-42,30230312135526,,,,False
스카이빌(다동),2002,2.3,36.35879767348127,127.44423492080502,대전광역시 대덕구 송촌동 221-48,30230312135527,A10021581,49.0,"관리사무소, 자전거보관소, 기타",Needs Review
스카이빌(나동),2002,2.3,36.35879085460958,127.44407713750572,대전광역시 대덕구 송촌동 221-49,30230312135528,A10021581,49.0,"관리사무소, 자전거보관소, 기타",Needs Review
스카이빌(가동),2002,2.3,36.358983332399085,127.44402366649776,대전광역시 대덕구 송촌동 221-50,30230312135529,A10021581,49.0,"관리사무소, 자전거보관소, 기타",Needs Review
(222-9),1979,2.3,36.35726478486091,127.443916497944,대전광역시 대덕구 송촌동 222-9,30230312135530,,,,False
송촌빌라(9동),1991,2.3,36.35737887392277,127.44366082758197,대전광역시 대덕구 송촌동 222-41,30230312135531,,,,False
송촌빌라(7동),1990,2.3,36.35735646459156,127.44345447592252,대전광역시 대덕구 송촌동 222-44,30230312135532,,,,False
송촌빌라(8동),1990,2.3,36.357242440245976,127.44357996971064,대전광역시 대덕구 송촌동 222-46,30230312135533,,,,False
송촌빌라(2동),1990,2.3,36.35715238233125,127.44347023994648,대전광역시 대덕구 송촌동 222-47,30230312135534,,,,False
송촌빌라(5동),1990,2.3,36.357308250788776,127.44336062574943,대전광역시 대덕구 송촌동 222-48,30230312135535,,,,False
송촌빌라(4동),1990,2.3,36.35735293847264,127.44326459752342,대전광역시 대덕구 송촌동 222-49,30230312135536,,,,False
송촌빌라(1동),1990,2.3,36.357210857838,127.44309740578224,대전광역시 대덕구 송촌동 222-50,30230312135537,,,,False
송촌빌라(6동),1990,2.3,36.357164326145934,127.44320133865168,대전광역시 대덕구 송촌동 222-51,30230312135538,,,,False
송촌빌라(3동),1990,2.3,36.357096871183685,127.44330431457648,대전광역시 대덕구 송촌동 222-52,30230312135539,,,,False
송촌빌라(12동),1991,2.3,36.35700107016328,127.44315504674483,대전광역시 대덕구 송촌동 222-53,30230312135540,,,,False
송촌빌라(11동),1991,2.3,36.35708209746123,127.44306652147172,대전광역시 대덕구 송촌동 222-54,30230312135541,,,,False
송촌빌라(10동),1991,2.3,36.35716231016181,127.4429787257653,대전광역시 대덕구 송촌동 222-55,30230312135542,,,,False
다원그랜드빌라,1996,2.3,36.35730637993225,127.44282481866192,대전광역시 대덕구 송촌동 222-57,30230312135543,,,,False
시그마빌,2013,2.3,36.35816539808661,127.44214434865133,대전광역시 대덕구 송촌동 223-4,30230320182969,,,,False
은혜빌라(225-2),1987,2.3,36.35698917032075,127.4408958924682,대전광역시 대덕구 송촌동 225-2,30230212135544,,,,False
송촌그린빌라(A동),2003,2.3,36.35786705909283,127.44088919374818,대전광역시 대덕구 송촌동 226-10,30230312135545,,,,False
송촌대호하이츠,2013,2.3,36.35787741657083,127.44129338910416,대전광역시 대덕구 송촌동 226-11,30230320182783,,,,False
송촌주택,1993,2.3,36.35819702482143,127.441668385793,대전광역시 대덕구 송촌동 226-28,30230312135546,,,,False
송촌그린빌(B동),2003,2.3,36.35770084153158,127.44089959970395,대전광역시 대덕구 송촌동 226-34,30230312135547,,,,False
송촌그린빌(C동),2003,2.3,36.35777388231988,127.44105609994038,대전광역시 대덕구 송촌동 226-35,30230312135548,,,,False
송촌대호하이츠,2014,2.3,36.35797248667903,127.4414355271893,대전광역시 대덕구 송촌동 226-36,30230320285676,,,,False
금성백조(227-1),1990,2.3,36.35756838567718,127.44191321504218,대전광역시 대덕구 송촌동 227-1,30230312135549,,,,False
(227-3),1990,2.3,36.357285309778746,127.44204291045514,대전광역시 대덕구 송촌동 227-3,30230312135550,,,,False
팰리스빌(B동),2003,2.3,36.35693868330237,127.441700038111,대전광역시 대덕구 송촌동 227-6,30230312135551,,,,False
은혜빌라,1986,2.3,36.356989352085954,127.4414511192016,대전광역시 대덕구 송촌동 227-7,30230212135552,,,,False
국제빌라(A동),1991,2.3,36.357218543477735,127.44159424430812,대전광역시 대덕구 송촌동 227-9,30230312135553,,,,False
금성백조,1990,2.3,36.35756431541177,127.44210944193406,대전광역시 대덕구 송촌동 227-24,30230312135554,,,,False
국제빌라(C동),1991,2.3,36.35739526275837,127.44169772329568,대전광역시 대덕구 송촌동 227-27,30230312135555,,,,False
국제빌라(B동),1991,2.3,36.35727377338321,127.4417916946692,대전광역시 대덕구 송촌동 227-28,30230312135556,,,,False
팰리스빌(A동),2003,2.3,36.35679228757843,127.44175716169192,대전광역시 대덕구 송촌동 227-31,30230312135557,,,,False
아주빌라(가동),1994,2.3,36.35648220056371,127.44190987922327,대전광역시 대덕구 송촌동 232-11,30230312135558,,,,False
대전탑빌라(B동),1991,2.3,36.35670929587549,127.44229880988566,대전광역시 대덕구 송촌동 232-13,30230312135559,,,,False
우진빌라,1989,2.3,36.35609351506777,127.44203978299564,대전광역시 대덕구 송촌동 232-29,30230312135560,,,,False
대전탑빌라(A동),1991,2.3,36.35670990520825,127.44214181004163,대전광역시 대덕구 송촌동 232-42,30230312135561,,,,False
아주빌라(나동),1994,2.3,36.35637806933899,127.44196835849048,대전광역시 대덕구 송촌동 232-44,30230312135562,,,,False
동보빌라,1997,2.3,36.35685384947242,127.44132003914343,대전광역시 대덕구 송촌동 241-2,30230312135563,,,,False
대호빌라,1998,2.3,36.3565384730572,127.44162599990584,대전광역시 대덕구 송촌동 241-5,30230312135564,,,,False
삼양빌라,1991,2.3,36.35615818636546,127.44090313905475,대전광역시 대덕구 송촌동 242-2,30230312135565,,,,False
샬롬빌라,1992,2.3,36.35609032443104,127.44102676577366,대전광역시 대덕구 송촌동 242-3,30230312135566,,,,False
삼보빌라(242-4),1991,2.3,36.35580700800061,127.44175626302416,대전광역시 대덕구 송촌동 242-4,30230312135567,,,,False
동광빌라,1992,2.3,36.35538864896667,127.44166371757296,대전광역시 대덕구 송촌동 242-8,30230312135568,,,,False
광산빌라(가동),1993,2.3,36.355563528630114,127.44110844400764,대전광역시 대덕구 송촌동 242-10,30230312135569,,,,False
국제빌라(242-18),1994,2.3,36.3560484786381,127.44070296466424,대전광역시 대덕구 송촌동 242-18,30230312135570,,,,False
용궁빌라(가동),1990,2.3,36.35594741748506,127.44121528760252,대전광역시 대덕구 송촌동 242-28,30230312135571,,,,False
용궁빌라(나동),1990,2.3,36.355839488661374,127.44114937511844,대전광역시 대덕구 송촌동 242-46,30230312135572,,,,False
삼보빌라(242-47),1991,2.3,36.355668557268615,127.44184918301596,대전광역시 대덕구 송촌동 242-47,30230312135573,,,,False
광산빌라(나동),1993,2.3,36.355573397218166,127.44124960019928,대전광역시 대덕구 송촌동 242-51,30230312135574,,,,False
광산빌라(다동),1993,2.3,36.35552129447382,127.4413573439261,대전광역시 대덕구 송촌동 242-52,30230312135575,,,,False
국제빌라(242-53),1994,2.3,36.35588769216505,127.44060079273667,대전광역시 대덕구 송촌동 242-53,30230312135576,,,,False
국제빌라(242-54),1994,2.3,36.35576454643967,127.44046829791182,대전광역시 대덕구 송촌동 242-54,30230312135577,,,,False
상웅빌라,1991,2.3,36.355375456418514,127.44003854631922,대전광역시 대덕구 송촌동 243-16,30230312135578,,,,False
대명빌라(가동),1996,2.3,36.35487120109526,127.44016197318516,대전광역시 대덕구 송촌동 243-23,30230312135579,,,,False
대명빌라(나동),1996,2.3,36.35482451991325,127.44034829844053,대전광역시 대덕구 송촌동 243-26,30230312135581,,,,False
송촌주택(가동),1992,2.3,36.35517195854668,127.44142470226012,대전광역시 대덕구 송촌동 245-15,30230312135582,,,,False
송촌주택(나동),1992,2.3,36.35513005836253,127.4415582390949,대전광역시 대덕구 송촌동 245-16,30230312135583,,,,False
(246-7),1989,2.3,36.35476261901166,127.44119290121016,대전광역시 대덕구 송촌동 246-7,30230312135584,,,,False
덕성,1986,2.3,36.35647726089843,127.44339026271264,대전광역시 대덕구 송촌동 290-4,30230100011733,A10020619,0.0,None,False
영광주택,1978,2.3,36.35618423370249,127.4429530092358,대전광역시 대덕구 송촌동 290-7,30230312135586,,,,False
송촌빌라(나동),1989,2.3,36.35529603974037,127.44281100972286,대전광역시 대덕구 송촌동 291-2,30230312135587,,,,False
흥일,1979,2.3,36.35555095575749,127.44264761067306,대전광역시 대덕구 송촌동 291-9,30230100257214,,,,False
송촌빌라(가동),1989,2.3,36.355198945735424,127.4429906999002,대전광역시 대덕구 송촌동 291-32,30230312135589,,,,False
송촌빌라,1991,2.3,36.35474822276342,127.4421561247662,대전광역시 대덕구 송촌동 294-2,30230312135590,,,,False
(294-4),1985,2.3,36.35460971389645,127.44215221233983,대전광역시 대덕구 송촌동 294-4,30230312135591,,,,False
선비마을아파트2단지,1999,2.3,36.36846269536886,127.4389348642012,대전광역시 대덕구 송촌동 444,30230100011736,A30677602,886.0,"관리사무소, 노인정, 보육시설, 주민공동시설, 어린이놀이터, 휴게시설, 자전거보관소",Needs Review
광혜빌딩,2001,2.3,36.36586972859803,127.43967165151408,대전광역시 대덕구 송촌동 460-5,30230320046195,,,,False
선비마을3단지,1999,2.3,36.36748291868817,127.44074906657758,대전광역시 대덕구 송촌동 461-1,30230100011737,A30677705,1316.0,"관리사무소, 노인정, 어린이놀이터, 자전거보관소",Needs Review
선비마을4단지,1999,2.3,36.36715855517909,127.44379655544084,대전광역시 대덕구 송촌동 462,30230100011738,A30677803,1061.0,"관리사무소, 노인정, 문고, 주민공동시설, 어린이놀이터, 자전거보관소",Needs Review
선비마을5단지,1999,2.3,36.36502195334226,127.44563489411418,대전광역시 대덕구 송촌동 494-1,30230100011739,A30677904,1206.0,"관리사무소, 노인정, 어린이놀이터, 자전거보관소",Needs Review
으뜸마을B동,2012,2.3,36.36095301662101,127.44719987535017,대전광역시 대덕구 송촌동 553-10,30230320149395,,,,False
로얄카운티,2006,2.3,36.360474930544186,127.44739673208892,대전광역시 대덕구 송촌동 553-13,30230120055918,,,,False
으뜸마을A동,2012,2.3,36.36079239897924,127.44704489066808,대전광역시 대덕구 송촌동 553-22,30230120158958,,,,False
서오,1991,2.3,36.36029955151184,127.44577066579754,대전광역시 대덕구 송촌동 554,30230100011759,,,,False
거상파크(6동),1991,2.3,36.36002341523232,127.44630410931836,대전광역시 대덕구 송촌동 556-14,30230312135796,,,,False
거상파크(5동),1991,2.3,36.3599436955214,127.4464089655262,대전광역시 대덕구 송촌동 556-15,30230312135798,,,,False
거상파크(3동),1991,2.3,36.35986518971996,127.44653350598628,대전광역시 대덕구 송촌동 556-16,30230312135799,,,,False
거상파크(2동),1991,2.3,36.35978700084853,127.4466577882045,대전광역시 대덕구 송촌동 556-17,30230312135800,,,,False
거상파크(1동),1991,2.3,36.35971099993327,127.44677614615654,대전광역시 대덕구 송촌동 556-18,30230312135801,,,,False
덕인빌라,1998,2.3,36.35954484434794,127.4464215590118,대전광역시 대덕구 송촌동 556-20,30230212135797,,,,False
나노빌,2012,2.3,36.35978728860498,127.44633782017156,대전광역시 대덕구 송촌동 556-21,30230320167952,,,,False
나노빌II,2013,2.3,36.3597416088634,127.44619537466976,대전광역시 대덕구 송촌동 556-22,30230220173914,,,,False
평원,2014,2.3,36.35863845638072,127.44516702513393,대전광역시 대덕구 송촌동 560-6,30230120301675,,,,False
참솔,1997,2.3,36.3582821280584,127.44472637427502,대전광역시 대덕구 송촌동 560-10,30230100011763,,,,False
성지빌라,1990,2.3,36.356766965888056,127.44413656657824,대전광역시 대덕구 송촌동 565-19,30230312135804,,,,False
한마음,1992,2.3,36.37124098545296,127.43119356440442,대전광역시 대덕구 법동 188,30230120033305,A67680101,51.0,"관리사무소, 노인정, 어린이놀이터",Needs Review
삼익소월,1993,2.3,36.36908840457774,127.43451686799328,대전광역시 대덕구 법동 190,30230100011743,,,,False
보람,1995,2.3,36.36911683066855,127.43086062256076,대전광역시 대덕구 법동 191-1,30230100011742,A10021224,,None,False
그린타운,1993,2.3,36.36665715685417,127.4353336277682,대전광역시 대덕구 법동 195-1,30230100011741,A10021653,10.0,None,Needs Review
삼호,1989,2.3,36.3726508851484,127.42562254552594,대전광역시 대덕구 법동 280-2,30230100011745,A13782804,0.0,"관리사무소, 어린이놀이터, 기타",False
삼정하이츠,1987,2.3,36.37304170719092,127.427242973426,대전광역시 대덕구 법동 281,30230100011744,A10021902,0.0,None,False
주공영구임대,1990,2.3,36.37146751135212,127.4255018050776,대전광역시 대덕구 법동 283-1,30230100257216,,,,False
주공2,1987,2.3,36.369643837286944,127.42527017287406,대전광역시 대덕구 법동 284-1,30230100011750,,,,False
유원,1989,2.3,36.3700422789635,127.42808701529722,대전광역시 대덕구 법동 285-1,30230100011748,A78013001,0.0,"관리사무소, 노인정, 어린이놀이터, 자전거보관소",False
영진로얄,1990,2.3,36.375254566665,127.42654001136104,대전광역시 대덕구 법동 389,30230100011747,,,,False
(406-0),1981,2.3,36.3739551074944,127.4248344717444,대전광역시 대덕구 법동 406,30230320149375,,,,False
선비마을1,1999,2.3,36.37291386697216,127.42982129932548,대전광역시 대덕구 법동 440-4,30230100011746,A30606202,883.0,"관리사무소, 노인정, 어린이놀이터, 휴게시설, 자전거보관소",Needs Review
e편한세상대전법동,2020,2.3,36.36752693465854,127.4248948545594,대전광역시 대덕구 법동 448,30230120412382,A10024551,1679.0,"관리사무소, 노인정, 주민공동시설, 어린이놀이터, 유치원, 커뮤니티공간, 자전거보관소",True
동건월드빌리지(221-5),1994,2.3,36.35819831691265,127.41984007593145,대전광역시 대덕구 중리동 221-5,30230312135676,,,,False
동건월드빌리지(221-16),1994,2.3,36.35820341374552,127.42000077213945,대전광역시 대덕구 중리동 221-16,30230312135677,,,,False
안전로얄,1986,2.3,36.35778785269706,127.4198355083486,대전광역시 대덕구 중리동 222-2,30230100011752,,,,False
공원빌라,1991,2.3,36.3574345145794,127.421986681955,대전광역시 대덕구 중리동 223-3,30230312135679,,,,False
대연빌201동,2022,2.7 (검증필요),36.35779522395308,127.42177972714302,대전광역시 대덕구 중리동 229-9,30230320435178,,,,False
대연빌202동,2022,2.7 (검증필요),36.35765521744122,127.42194217817097,대전광역시 대덕구 중리동 229-27,30230320435179,,,,False
성하아트빌라,1996,2.3,36.35794034204706,127.42132252863472,대전광역시 대덕구 중리동 229-34,30230312135680,,,,False
대복아트빌라,1995,2.3,36.35789601353652,127.4215016988083,대전광역시 대덕구 중리동 229-35,30230312135681,,,,False
원앙빌라,1991,2.3,36.35819724570106,127.42172261370214,대전광역시 대덕구 중리동 230-7,30230312135682,,,,False
부성빌라C,1989,2.3,36.35803080164573,127.4230041052518,대전광역시 대덕구 중리동 232-2,30230312135683,,,,False
우당빌라(나),1993,2.3,36.357993111685246,127.42331621026602,대전광역시 대덕구 중리동 232-3,30230312135684,,,,False
거성빌라,1990,2.3,36.35783688697776,127.42377285758565,대전광역시 대덕구 중리동 232-6,30230312135685,,,,False
부성빌라A,1989,2.3,36.35792090682254,127.42309279392822,대전광역시 대덕구 중리동 232-19,30230312135686,,,,False
부성빌라B,1989,2.3,36.3580352107345,127.42317199088691,대전광역시 대덕구 중리동 232-20,30230312135687,,,,False
거성빌라C,1991,2.3,36.3577172788698,127.42368250858806,대전광역시 대덕구 중리동 232-32,30230312135688,,,,False
이화하우스A동,2002,2.3,36.35805961883737,127.4237244724164,대전광역시 대덕구 중리동 232-34,30230312135690,,,,False
효성빌라(232-2),1991,2.3,36.357527161475325,127.42262735378696,대전광역시 대덕구 중리동 233-2,30230312135691,,,,False
정우주택,1990,2.3,36.35729767345706,127.42243712803568,대전광역시 대덕구 중리동 233-12,30230312135692,,,,False
신진빌라C(233-15),1990,2.3,36.35755194869948,127.42320082428924,대전광역시 대덕구 중리동 233-15,30230312135693,,,,False
그린빌라,2000,2.3,36.35753302690223,127.42284241262902,대전광역시 대덕구 중리동 233-18,30230312135694,A15271602,0.0,"관리사무소, 노인정, 보육시설, 문고, 주민공동시설, 어린이놀이터, 휴게시설, 유치원, 커뮤니티공간, 자전거보관소, 기타",False
승지빌라가,1990,2.3,36.35741119118833,127.42283929965456,대전광역시 대덕구 중리동 233-19,30230312135695,,,,False
승지빌라나,1990,2.3,36.35740825405561,127.42264084769246,대전광역시 대덕구 중리동 233-20,30230312135696,,,,False
신진빌라(233-23),1990,2.3,36.35741834636138,127.42326589779708,대전광역시 대덕구 중리동 233-23,30230312135697,,,,False
임광하이츠,1987,2.3,36.35805165761597,127.42516456861856,대전광역시 대덕구 중리동 235-8,30230100011755,,,,False
그레이스K,2020,2.3,36.35857265261053,127.42518833170092,대전광역시 대덕구 중리동 236-4,30230120411748,,,,False
삼보빌라(236-16),1994,2.3,36.35832288780158,127.42446528329415,대전광역시 대덕구 중리동 236-16,30230312135699,,,,False
해주하이츠빌라,1997,2.3,36.35828325674444,127.42481879564684,대전광역시 대덕구 중리동 236-25,30230312135700,,,,False
임광빌라,1991,2.3,36.35801331591293,127.42594277953644,대전광역시 대덕구 중리동 238-10,30230312135701,,,,False
신도빌라(239-1),2000,2.3,36.35760085347441,127.42590684984756,대전광역시 대덕구 중리동 239-1,30230312135702,,,,False
신진빌라(239-4),1989,2.3,36.35764641622122,127.42648783874284,대전광역시 대덕구 중리동 239-4,30230312135703,,,,False
신진빌라6,1990,2.3,36.35763555055334,127.42631192888604,대전광역시 대덕구 중리동 239-15,30230312135704,,,,False
신진빌라B,1989,2.3,36.35765026202589,127.42670355930446,대전광역시 대덕구 중리동 239-31,30230312135705,,,,False
신진빌라A,1989,2.3,36.357538367403166,127.42669947491174,대전광역시 대덕구 중리동 239-32,30230312135706,,,,False
신진빌라C,1989,2.3,36.35752190954312,127.42650179827892,대전광역시 대덕구 중리동 239-33,30230312135707,,,,False
신일빌라(240-5),1992,2.3,36.35682971925006,127.4267905696519,대전광역시 대덕구 중리동 240-5,30230312135708,,,,False
효성주택,1987,2.3,36.35713225677188,127.42620854092696,대전광역시 대덕구 중리동 240-13,30230312135709,,,,False
효성주택(240-14),1987,2.3,36.35713559203994,127.42632219676572,대전광역시 대덕구 중리동 240-14,30230312135710,,,,False
효성주택(240-15),1986,2.3,36.35700917897178,127.42632907463748,대전광역시 대덕구 중리동 240-15,30230312135711,,,,False
효성주택(240-16),1986,2.3,36.35700533187834,127.42619884504468,대전광역시 대덕구 중리동 240-16,30230312135712,,,,False
문화빌라,1991,2.3,36.35639307653069,127.42687945026368,대전광역시 대덕구 중리동 241-5,30230312135713,,,,False
덕인타운,2002,2.3,36.35642977603587,127.42592294156256,대전광역시 대덕구 중리동 241-12,30230312135714,,,,False
문화빌라D,1991,2.3,36.35627727348171,127.426994278271,대전광역시 대덕구 중리동 241-23,30230312135715,,,,False
목화빌라,1991,2.3,36.35627026494548,127.42677329730472,대전광역시 대덕구 중리동 241-25,30230312135716,,,,False
임광빌라(241-26),1993,2.3,36.3563553627714,127.42610172625098,대전광역시 대덕구 중리동 241-26,30230312135717,,,,False
민정빌라(나),1991,2.3,36.35606231946875,127.42421330022324,대전광역시 대덕구 중리동 242-1,30230312135718,,,,False
거성맨션(242-8),1991,2.3,36.35594778832045,127.42466475923688,대전광역시 대덕구 중리동 242-8,30230312135719,,,,False
민정빌라,1991,2.3,36.35609392658408,127.42436839490836,대전광역시 대덕구 중리동 242-27,30230312135722,,,,False
초원빌라(243-2),1991,2.3,36.35599401898598,127.42539246430422,대전광역시 대덕구 중리동 243-2,30230312135723,,,,False
선교사안식관,2010,2.3,36.35544092317588,127.42641618236792,대전광역시 대덕구 중리동 243-17,30230120130291,,,,False
한산빌리지(B),2003,2.3,36.35583666412671,127.42629365118071,대전광역시 대덕구 중리동 243-18,30230312135724,,,,False
초원빌라(243-50),1991,2.3,36.3560079929394,127.42555563156164,대전광역시 대덕구 중리동 243-50,30230312135725,,,,False
초원빌라(243-51),1991,2.3,36.35599750235372,127.4257134581117,대전광역시 대덕구 중리동 243-51,30230312135726,,,,False
한산빌리지(A),2003,2.3,36.3557904997481,127.4261230482776,대전광역시 대덕구 중리동 243-53,30230312135727,,,,False
신진빌라,1990,2.3,36.35612873952449,127.42820837514374,대전광역시 대덕구 중리동 245-10,30230312135728,,,,False
(245-12),1987,2.3,36.35612870729497,127.42772981864036,대전광역시 대덕구 중리동 245-12,30230312135729,,,,False
신일맨션,1990,2.3,36.35660954307462,127.42857043392634,대전광역시 대덕구 중리동 246-5,30230100011751,,,,False
삼보빌라,1994,2.3,36.35660659494023,127.42894159458228,대전광역시 대덕구 중리동 246-6,30230312135731,,,,False
청우빌라,1995,2.3,36.35637330510047,127.42817865587182,대전광역시 대덕구 중리동 246-18,30230312135732,,,,False
성하빌라,1993,2.3,36.3571082504212,127.4277116723364,대전광역시 대덕구 중리동 248-2,30230312135733,,,,False
영석주택,1991,2.3,36.35711277254028,127.42787123977484,대전광역시 대덕구 중리동 248-3,30230312135734,,,,False
대림빌라,1994,2.3,36.35708379182388,127.42876018734552,대전광역시 대덕구 중리동 248-27,30230312135735,,,,False
장미연립,1984,2.3,36.35763671173712,127.42847662795134,대전광역시 대덕구 중리동 249-5,30230212135737,A54509008,0.0,"관리사무소, 노인정, 주민공동시설, 어린이놀이터, 휴게시설, 유치원, 자전거보관소, 기타",False
진정빌라(249-6),1990,2.3,36.35770227323838,127.42866526865176,대전광역시 대덕구 중리동 249-6,30230312135738,,,,False
효성빌라(가),1995,2.3,36.35739628666822,127.42801439325476,대전광역시 대덕구 중리동 249-12,30230312135739,,,,False
진정빌라,1990,2.3,36.35764405345919,127.42867910970844,대전광역시 대덕구 중리동 249-35,30230312135740,,,,False
효성빌라(249-37),1995,2.3,36.35734678802074,127.42818375535792,대전광역시 대덕구 중리동 249-37,30230312135741,,,,False
영진상록,1993,2.3,36.35805975956569,127.42836307407438,대전광역시 대덕구 중리동 250-3,30230100011754,A30679202,46.0,"관리사무소, 노인정, 어린이놀이터, 자전거보관소",Needs Review
신일빌라(253-1),1994,2.3,36.35814046603579,127.42908606510824,대전광역시 대덕구 중리동 253-1,30230312135743,,,,False
신일빌라(253-2),1994,2.3,36.3581639935707,127.42935192483684,대전광역시 대덕구 중리동 253-2,30230312135744,,,,False
임광빌라(253-3),1994,2.3,36.35811256671079,127.42949216887,대전광역시 대덕구 중리동 253-3,30230312135745,,,,False
임광빌라(253-44),1994,2.3,36.35816006763446,127.42921386073712,대전광역시 대덕구 중리동 253-44,30230312135746,,,,False
영진로얄,1989,2.3,36.362355612791845,127.42062655074744,대전광역시 대덕구 중리동 274-1,30230100011753,,,,False
수정주택,2002,2.3,36.36561865636088,127.42396812129792,대전광역시 대덕구 중리동 366-17,30230312135748,,,,False
(368-7),1987,2.3,36.36528918185948,127.42579562488564,대전광역시 대덕구 중리동 368-7,30230220032220,,,,False
소망빌라,1989,2.3,36.3650857857008,127.42656976712826,대전광역시 대덕구 중리동 372-9,30230312135749,,,,False
정궁빌라,1989,2.3,36.365208113725046,127.4264065550806,대전광역시 대덕구 중리동 372-13,30230312135750,,,,False
현대주택,1990,2.3,36.36545601661538,127.4261932713534,대전광역시 대덕구 중리동 372-19,30230312135751,,,,False
(373-12),2002,2.3,36.364398141346015,127.42714361196737,대전광역시 대덕구 중리동 373-12,30230312135752,,,,False
예진빌라(373-21),1990,2.3,36.36440174620868,127.42685123134356,대전광역시 대덕구 중리동 373-21,30230312135753,,,,False
예진빌라(373-22),1989,2.3,36.36453212377021,127.42684582447504,대전광역시 대덕구 중리동 373-22,30230312135754,,,,False
광오빌라,1990,2.3,36.36437932178836,127.42215079484583,대전광역시 대덕구 중리동 379-7,30230312135755,,,,False
정은빌라,2001,2.3,36.36332568069638,127.4224063506851,대전광역시 대덕구 중리동 381-25,30230312135756,,,,False
근로복지,1991,2.3,36.36423532941812,127.42760041959144,대전광역시 대덕구 중리동 388-1,30230100448961,,,,False
영진빌라,1991,2.3,36.36381803034581,127.4276930296067,대전광역시 대덕구 중리동 388-4,30230212135757,,,,False
여명빌라(389-10),1991,2.3,36.36240551506407,127.4261384460682,대전광역시 대덕구 중리동 389-10,30230312135758,,,,False
여명빌라,1991,2.3,36.36241391197391,127.426255294927,대전광역시 대덕구 중리동 389-27,30230312135759,,,,False
승신아트빌라,1991,2.3,36.362780915723135,127.4233929527623,대전광역시 대덕구 중리동 393-4,30230312135760,,,,False
신일빌라(396-4),1993,2.3,36.36228866590125,127.42319815376771,대전광역시 대덕구 중리동 396-4,30230300442608,,,,False
정송빌라,1990,2.3,36.36178006303183,127.42277243330196,대전광역시 대덕구 중리동 397-3,30230312135761,,,,False
효성빌라(397-4),1990,2.3,36.36178709482356,127.42302714844143,대전광역시 대덕구 중리동 397-4,30230312135762,,,,False
효성빌라,1990,2.3,36.36131165478369,127.42344418542002,대전광역시 대덕구 중리동 398-19,30230312135763,,,,False
신도빌라A,1997,2.3,36.36175964088403,127.42457997064056,대전광역시 대덕구 중리동 400-1,30230312135674,,,,False
신도빌라B,1997,2.3,36.361771921052224,127.42472410881798,대전광역시 대덕구 중리동 400-26,30230312135675,,,,False
국제빌라(403-3),1996,2.3,36.36059581384335,127.42340583664156,대전광역시 대덕구 중리동 403-3,30230312135764,,,,False
국보주택(403-13),1997,2.3,36.36043321790939,127.4234386012929,대전광역시 대덕구 중리동 403-13,30230312135765,,,,False
국제빌라(403-14),1996,2.3,36.36026277102677,127.42344514794752,대전광역시 대덕구 중리동 403-14,30230312135766,,,,False
국제빌라(403-15),1996,2.3,36.36011966284261,127.42341393456928,대전광역시 대덕구 중리동 403-15,30230312135767,,,,False
두원빌라(404-2),1997,2.3,36.36073919854022,127.42300060094507,대전광역시 대덕구 중리동 404-2,30230312135768,,,,False
우당빌라,1994,2.3,36.360415795085714,127.42280881782663,대전광역시 대덕구 중리동 404-16,30230312135769,,,,False
두원빌라(404-25),1997,2.3,36.36075368907659,127.42314339984205,대전광역시 대덕구 중리동 404-25,30230312135770,,,,False
국보주택(404-26),1996,2.3,36.36062176133157,127.42306585125726,대전광역시 대덕구 중리동 404-26,30230300442609,,,,False
두원빌라(404-27),1996,2.3,36.36042261248842,127.4230732163823,대전광역시 대덕구 중리동 404-27,30230300442610,,,,False
국보주택(404-28),1997,2.3,36.36029742427142,127.42307784924354,대전광역시 대덕구 중리동 404-28,30230312135771,,,,False
윤씨다세대(405-11),1992,2.3,36.36048588407715,127.42235472130326,대전광역시 대덕구 중리동 405-11,30230312135772,,,,False
"대연빌301동(1,2호라인)",2022,2.7 (검증필요),36.357682235467536,127.4275578708895,대전광역시 대덕구 중리동 515,30230320440058,,,,False
대연빌301동(3~5호라인),2022,2.7 (검증필요),36.35755029810697,127.42756354351796,대전광역시 대덕구 중리동 515-1,30230320440059,,,,False
이스타빌,2004,2.3,36.355153470609615,127.45585075778465,대전광역시 대덕구 비래동 18-1,30230318252420,,,,False
둥지,1994,2.3,36.35581519784946,127.45598872379668,대전광역시 대덕구 비래동 18-21,30230100011757,A30212007,394.0,"관리사무소, 노인정, 주민공동시설, 어린이놀이터, 유치원, 자전거보관소",Needs Review
비래동현대아파트,1986,2.3,36.35377547483873,127.45511414691536,대전광역시 대덕구 비래동 47-1,30230100011766,,,,False
(103-9),1984,2.3,36.35505365189499,127.44528323765016,대전광역시 대덕구 비래동 103-9,30230220022665,,,,False
모아빌A,2013,2.3,36.35759422975168,127.4467492715851,대전광역시 대덕구 비래동 106-6,30230220278968,,,,False
모아빌B,2013,2.3,36.35745948025473,127.44661320576436,대전광역시 대덕구 비래동 106-9,30230320279144,,,,False
금실빌라,1992,2.3,36.36087539374303,127.45052585119556,대전광역시 대덕구 비래동 115-2,30230312135805,,,,False
선인아트빌라,1992,2.3,36.36094704542552,127.45079544289814,대전광역시 대덕구 비래동 115-4,30230312135806,,,,False
세종,2013,2.3,36.36085584876432,127.45100111518155,대전광역시 대덕구 비래동 115-6,30230220279170,A30572803,677.0,"관리사무소, 노인정, 문고, 주민공동시설, 어린이놀이터, 휴게시설, 자전거보관소",Needs Review
"부광빌라(1,2동)",1997,2.3,36.36001092421727,127.45182210243252,대전광역시 대덕구 비래동 115-15,30230312135807,,,,False
우정빌라(115-16),1992,2.3,36.36024260885039,127.45158862252556,대전광역시 대덕구 비래동 115-16,30230312135808,,,,False
평화,1994,2.3,36.360449851970586,127.45129878721042,대전광역시 대덕구 비래동 115-17,30230100011764,A10021173,47.0,"관리사무소, 노인정, 어린이놀이터, 휴게시설, 자전거보관소",Needs Review
대신빌라,1991,2.3,36.36050082453869,127.4507244548062,대전광역시 대덕구 비래동 115-20,30230312135810,,,,False
(115-42),1990,2.3,36.3606057645964,127.45179683428113,대전광역시 대덕구 비래동 115-42,30230312135811,,,,False
우정빌라(115-44),1992,2.3,36.36014655037778,127.45169627557328,대전광역시 대덕구 비래동 115-44,30230312135812,,,,False
유앤미,2005,2.3,36.36011364075502,127.4504262970317,대전광역시 대덕구 비래동 116-2,30230100448962,,,,False
"부광빌라(가,나동)",1997,2.3,36.35966877661932,127.4515295779366,대전광역시 대덕구 비래동 116-8,30230312135813,,,,False
대호빌라,1995,2.3,36.36022829718009,127.45088141530576,대전광역시 대덕구 비래동 116-18,30230312135814,,,,False
(117-12),2002,2.3,36.35912163899242,127.4492357039954,대전광역시 대덕구 비래동 117-12,30230312135815,,,,False
보성빌라(117-18),1990,2.3,36.35934735380659,127.44940714753284,대전광역시 대덕구 비래동 117-18,30230312135816,,,,False
보성빌라(117-19),1990,2.3,36.35932264321556,127.44955160877588,대전광역시 대덕구 비래동 117-19,30230312135817,,,,False
무지개빌라,1991,2.3,36.35840807558601,127.44849656050152,대전광역시 대덕구 비래동 118-31,30230312135818,,,,False
행복한집,2012,2.3,36.357919239734784,127.44864847441494,대전광역시 대덕구 비래동 119-3,30230320167964,,,,False
금성백조3,1992,2.3,36.35781351692791,127.4480281275385,대전광역시 대덕구 비래동 119-9,30230100011756,,,,False
(119-10),1988,2.3,36.357609966538334,127.44881938061776,대전광역시 대덕구 비래동 119-10,30230312135820,,,,False
대한빌라,1986,2.3,36.3579714074644,127.44831575392637,대전광역시 대덕구 비래동 119-15,30230312135821,,,,False
(119-22),1988,2.3,36.35758541132471,127.4489215942759,대전광역시 대덕구 비래동 119-22,30230312135822,,,,False
은혜주택,1989,2.3,36.35766796811687,127.4486780671502,대전광역시 대덕구 비래동 119-24,30230312135823,,,,False
화인빌,2005,2.3,36.35737271980989,127.44720192682544,대전광역시 대덕구 비래동 120-14,30230100257833,,,,False
평화맨션,1987,2.3,36.35749986700476,127.4477278725878,대전광역시 대덕구 비래동 120-17,30230100011765,A50184706,0.0,"관리사무소, 노인정, 어린이놀이터, 유치원, 자전거보관소",False
옥수빌라B동,1997,2.3,36.35723276031629,127.44770884224032,대전광역시 대덕구 비래동 120-20,30230300442611,,,,False
옥수빌라A동,1997,2.3,36.35708824005157,127.44764767223585,대전광역시 대덕구 비래동 120-22,30230300442612,,,,False
흥진로얄,1991,2.3,36.356336169738015,127.44809328602628,대전광역시 대덕구 비래동 121-9,30230100011767,,,,False
성정빌라,2009,2.3,36.35643508439128,127.44772970770904,대전광역시 대덕구 비래동 121-15,30230320124863,,,,False
"삼흥빌라(6,7동)",1993,2.3,36.35663994346958,127.44766960313372,대전광역시 대덕구 비래동 121-35,30230312135826,,,,False
흥진빌라,1993,2.3,36.35647608040932,127.4474178041544,대전광역시 대덕구 비래동 121-38,30230312135827,,,,False
"삼흥빌라(1,2동)",1993,2.3,36.35652860696639,127.44727595619923,대전광역시 대덕구 비래동 121-40,30230312135828,,,,False
대우주택2동,1997,2.3,36.356360571427885,127.44673269177072,대전광역시 대덕구 비래동 122-1,30230300442613,,,,False
전원연립,1983,2.3,36.35591108467585,127.44717659610998,대전광역시 대덕구 비래동 122-6,30230312135829,,,,False
오성빌라(122-9),1990,2.3,36.35603500442252,127.44770884682404,대전광역시 대덕구 비래동 122-9,30230312135830,,,,False
훼미리맨션A동,2001,2.3,36.35577510965426,127.44731542734712,대전광역시 대덕구 비래동 122-10,30230312135831,,,,False
오성빌라(122-23),1990,2.3,36.35598835064323,127.44783443075298,대전광역시 대덕구 비래동 122-23,30230312135832,,,,False
오성빌라(122-26),1990,2.3,36.35577769321827,127.44788386059196,대전광역시 대덕구 비래동 122-26,30230312135833,,,,False
오성빌라(122-27),1990,2.3,36.3558257633122,127.44775335499212,대전광역시 대덕구 비래동 122-27,30230312135834,,,,False
오성빌라,1990,2.3,36.35587088676925,127.4476190509032,대전광역시 대덕구 비래동 122-28,30230312135835,,,,False
훼미리맨션B동,2001,2.3,36.355686626944646,127.44765579999662,대전광역시 대덕구 비래동 122-29,30230312135836,,,,False
훼미리맨션C동,2001,2.3,36.35554936764229,127.44756927365314,대전광역시 대덕구 비래동 122-31,30230312135837,,,,False
리베라아트빌라(123-1),1992,2.3,36.355785054028175,127.4461401553838,대전광역시 대덕구 비래동 123-1,30230312135838,,,,False
수정맨션(123-8),1980,2.3,36.35515291329474,127.4469136878757,대전광역시 대덕구 비래동 123-8,30230312135839,,,,False
리베라아트빌라(123-30),1992,2.3,36.35573654732232,127.44626700900812,대전광역시 대덕구 비래동 123-30,30230312135840,,,,False
리베라아트빌라,1992,2.3,36.35566215458188,127.4464076410872,대전광역시 대덕구 비래동 123-31,30230312135841,,,,False
삼호맨션,1989,2.3,36.35400399184694,127.4481267094402,대전광역시 대덕구 비래동 124-1,30230100011758,,,,False
두산빌라,1994,2.3,36.35515108698064,127.447975372727,대전광역시 대덕구 비래동 125-1,30230312135843,,,,False
보성빌라(125-2),1989,2.3,36.35511767820292,127.4481497377856,대전광역시 대덕구 비래동 125-2,30230312135844,,,,False
낙원빌라,1989,2.3,36.35490125127227,127.44850243215016,대전광역시 대덕구 비래동 125-3,30230312135845,,,,False
보성빌라(125-9),1990,2.3,36.35476262525223,127.4480849877734,대전광역시 대덕구 비래동 125-9,30230312135846,,,,False
보성빌라(125-16),1989,2.3,36.35497300124058,127.44807720745044,대전광역시 대덕구 비래동 125-16,30230312135847,,,,False
보성빌라(125-17),1989,2.3,36.35491002357854,127.44827730850682,대전광역시 대덕구 비래동 125-17,30230312135848,,,,False
보성빌라(125-18),1989,2.3,36.35502963597207,127.4483542360854,대전광역시 대덕구 비래동 125-18,30230312135849,,,,False
보성빌라,1990,2.3,36.35475455392096,127.4482436800234,대전광역시 대덕구 비래동 125-20,30230312135850,,,,False
신진상가주택,1985,2.3,36.35561852640056,127.44862097148618,대전광역시 대덕구 비래동 126-3,30230300442614,,,,False
신진상가,1985,2.3,36.35555508418975,127.448747032461,대전광역시 대덕구 비래동 126-13,30230320040894,,,,False
영흥빌라(126-46),1990,2.3,36.35547112861025,127.44828248104326,대전광역시 대덕구 비래동 126-46,30230312135851,,,,False
영흥빌라(126-49),1990,2.3,36.35554326518587,127.44799437933592,대전광역시 대덕구 비래동 126-49,30230312135852,,,,False
영흥빌라,1990,2.3,36.35549979664032,127.44811797427072,대전광역시 대덕구 비래동 126-50,30230312135853,,,,False
하나로빌라,2002,2.3,36.35618837983708,127.44919011425864,대전광역시 대덕구 비래동 127-5,30230312135854,,,,False
대우주택(127-6),1992,2.3,36.356101529321535,127.4494247256414,대전광역시 대덕구 비래동 127-6,30230312135855,,,,False
옥수훼미리빌라,1997,2.3,36.35605405863288,127.44864927739724,대전광역시 대덕구 비래동 127-10,30230312135856,,,,False
신성빌라,1991,2.3,36.35589172457455,127.4489070893306,대전광역시 대덕구 비래동 127-19,30230312135857,,,,False
대우주택(127-25),1991,2.3,36.35605587342391,127.44954807407528,대전광역시 대덕구 비래동 127-25,30230312135858,,,,False
대우주택(127-26),1991,2.3,36.3560102173996,127.4496714223817,대전광역시 대덕구 비래동 127-26,30230312135859,,,,False
은성빌라,2002,2.3,36.35614572823285,127.44930541360206,대전광역시 대덕구 비래동 127-28,30230312135860,,,,False
한지붕하우스(3층),1994,2.3,36.356893501239895,127.44936920719866,대전광역시 대덕구 비래동 128-2,30230220304503,,,,False
대우주택2동,1996,2.3,36.35677532678665,127.44969036273612,대전광역시 대덕구 비래동 128-3,30230300442615,,,,False
대성빌라,1994,2.3,36.35666744057888,127.44998283382968,대전광역시 대덕구 비래동 128-5,30230312135862,,,,False
에코빌,2017,2.3,36.35648304259544,127.4495436267532,대전광역시 대덕구 비래동 128-8,30230320359458,,,,False
삼보빌라,1995,2.3,36.356626614499305,127.4491545818944,대전광역시 대덕구 비래동 128-9,30230312135863,,,,False
태종아트빌라,1991,2.3,36.3565427867268,127.44934659166104,대전광역시 대덕구 비래동 128-18,30230312135864,,,,False
우정빌라(128-22),1993,2.3,36.35644735446674,127.44972842931868,대전광역시 대덕구 비래동 128-22,30230312135865,,,,False
우정빌라(128-28),1993,2.3,36.35641424562132,127.4498860611532,대전광역시 대덕구 비래동 128-28,30230312224235,,,,False
국제빌라,1994,2.3,36.35664567797144,127.45015485047531,대전광역시 대덕구 비래동 128-35,30230312135866,,,,False
구룡빌라(129-2),2000,2.3,36.35757026384881,127.44950314623084,대전광역시 대덕구 비래동 129-2,30230312135867,,,,False
임광,1988,2.3,36.35733468175327,127.44964698632086,대전광역시 대덕구 비래동 129-3,30230100011761,,,,False
대복주택,1991,2.3,36.35713529780571,127.44986418511078,대전광역시 대덕구 비래동 129-9,30230312135869,,,,False
임광하이츠3동,1989,2.3,36.357415297274514,127.44914710535036,대전광역시 대덕구 비래동 129-11,30230120020631,,,,False
구룡빌라,2000,2.3,36.3575431218548,127.44970085579295,대전광역시 대덕구 비래동 129-25,30230312135871,,,,False
금성백조(130-7),1991,2.3,36.35797098640533,127.45062602128516,대전광역시 대덕구 비래동 130-7,30230120020632,,,,False
태성빌라(130-11),1986,2.3,36.357596866896216,127.45054507139918,대전광역시 대덕구 비래동 130-11,30230312135873,,,,False
가양파크,1983,2.3,36.35783620645634,127.4500724860516,대전광역시 대덕구 비래동 130-13,30230212135874,,,,False
다우빌라,1994,2.3,36.35796066104956,127.44972548181975,대전광역시 대덕구 비래동 130-14,30230312135875,,,,False
태성빌라,1986,2.3,36.3575520260718,127.450689643811,대전광역시 대덕구 비래동 130-21,30230312135876,,,,False
부광빌라,1998,2.3,36.359034893812776,127.45003049081694,대전광역시 대덕구 비래동 131-1,30230312135877,,,,False
우신빌라,1991,2.3,36.35890329575368,127.44990565582752,대전광역시 대덕구 비래동 131-2,30230312135878,,,,False
샤론빌라,1995,2.3,36.35896441836222,127.4502235841845,대전광역시 대덕구 비래동 131-4,30230312135879,,,,False
샛터빌라,1990,2.3,36.35872950451965,127.45047005487156,대전광역시 대덕구 비래동 131-6,30230312135880,,,,False
"대송빌리지(가,나동)",1997,2.3,36.35924302100593,127.45066513910989,대전광역시 대덕구 비래동 132-11,30230312135881,,,,False
우정빌라,1991,2.3,36.35935339043668,127.45091267803517,대전광역시 대덕구 비래동 132-17,30230312135882,,,,False
삼덕빌라(132-18),1991,2.3,36.35934015894011,127.45111142300212,대전광역시 대덕구 비래동 132-18,30230312135883,,,,False
한음빌라,1991,2.3,36.35913944321297,127.45156034704137,대전광역시 대덕구 비래동 132-33,30230312135884,,,,False
삼덕빌라,1991,2.3,36.35929880886189,127.45132328322777,대전광역시 대덕구 비래동 132-36,30230312135885,,,,False
대송빌리지(다동),1998,2.3,36.35906348270497,127.45064790841218,대전광역시 대덕구 비래동 132-38,30230312135886,,,,False
금성백조(133-5),1991,2.3,36.35831836477888,127.45188022882697,대전광역시 대덕구 비래동 133-5,30230120020633,,,,False
금성백조빌라,1992,2.3,36.35809363923792,127.45219437513644,대전광역시 대덕구 비래동 133-7,30230312135888,,,,False
진흥빌라(134-3),1990,2.3,36.35920485936233,127.45306731249734,대전광역시 대덕구 비래동 134-3,30230312135889,,,,False
수산아트빌라(134-5),1991,2.3,36.35886042859633,127.45330740983412,대전광역시 대덕구 비래동 134-5,30230312135890,,,,False
청정,2003,2.3,36.358573025979936,127.45357916151526,대전광역시 대덕구 비래동 134-7,30230100052037,A33986301,0.0,None,False
중부빌라,1991,2.3,36.35850419651202,127.45323727069008,대전광역시 대덕구 비래동 134-10,30230312135892,,,,False
수산아트빌라,1992,2.3,36.35874416778199,127.45341733793704,대전광역시 대덕구 비래동 134-47,30230312135893,,,,False
진흥빌라(134-52),1990,2.3,36.35910497835187,127.45320689085378,대전광역시 대덕구 비래동 134-52,30230312135894,,,,False
진흥빌라(134-53),1990,2.3,36.359048270050735,127.45310778830331,대전광역시 대덕구 비래동 134-53,30230312135895,,,,False
진흥빌라(134-54),1990,2.3,36.35910700050656,127.4529551888248,대전광역시 대덕구 비래동 134-54,30230312135896,,,,False
청양2동,1984,2.3,36.35815082479893,127.452765803163,대전광역시 대덕구 비래동 135-3,30230220021009,,,,False
청양,1984,2.3,36.35794782135636,127.45265296006536,대전광역시 대덕구 비래동 135-4,30230200442616,,,,False
미래101동,2001,2.3,36.35791612360079,127.45309128377076,대전광역시 대덕구 비래동 135-5,30230100257213,,,,False
금성백조2,1991,2.3,36.35735532883305,127.45159891441368,대전광역시 대덕구 비래동 136-1,30230100050392,,,,False
아이조움,2005,2.3,36.3572112341234,127.45257954708038,대전광역시 대덕구 비래동 136-3,30230120009377,,,,False
대운주택,1984,2.3,36.35678365837713,127.45124065850356,대전광역시 대덕구 비래동 137-2,30230212135901,,,,False
반도하이츠(137-6),1992,2.3,36.3563477756266,127.45220399611723,대전광역시 대덕구 비래동 137-6,30230312135902,,,,False
대우빌라,1996,2.3,36.35653704168051,127.45172025559629,대전광역시 대덕구 비래동 137-7,30230312135903,,,,False
중앙상가,1986,2.3,36.356867242748365,127.45099588338242,대전광역시 대덕구 비래동 137-17,30230320048666,,,,False
광성빌라,1991,2.3,36.35645352507379,127.45241960287346,대전광역시 대덕구 비래동 137-30,30230312135904,,,,False
반도하이츠,1992,2.3,36.35627537670773,127.45204695822152,대전광역시 대덕구 비래동 137-45,30230312135905,,,,False
대우빌라2동,1994,2.3,36.35637233566363,127.45188548624506,대전광역시 대덕구 비래동 137-46,30230300442617,,,,False
삼흥빌라(2동),1995,2.3,36.35567577296317,127.45192539552966,대전광역시 대덕구 비래동 138-10,30230312135906,,,,False
삼흥빌라(1동),1995,2.3,36.35553699258479,127.4518466327568,대전광역시 대덕구 비래동 138-46,30230312135907,,,,False
한움빌라,1993,2.3,36.355427266721165,127.4513025904719,대전광역시 대덕구 비래동 139-4,30230212135908,,,,False
성은맨션,1985,2.3,36.3551716320852,127.4510089538552,대전광역시 대덕구 비래동 139-9,30230100011760,,,,False
임광빌라,1991,2.3,36.35551841313767,127.45110679033496,대전광역시 대덕구 비래동 139-27,30230312135910,,,,False
마이홈타운,2016,2.3,36.35481067549789,127.45030757901344,대전광역시 대덕구 비래동 140-4,30230120342227,,,,False
윤성빌라(143-2),1989,2.3,36.35519677302239,127.4521055282217,대전광역시 대덕구 비래동 143-2,30230312135911,,,,False
"삼덕하이츠(101,102동)",1993,2.3,36.35497500305463,127.45234966381618,대전광역시 대덕구 비래동 143-3,30230312135912,,,,False
선진빌라(143-4),1987,2.3,36.35491050150236,127.45275864164574,대전광역시 대덕구 비래동 143-4,30230312135913,,,,False
선진빌라,1987,2.3,36.35486602885616,127.45294482028496,대전광역시 대덕구 비래동 143-16,30230312135914,,,,False
윤성빌라(143-17),1989,2.3,36.35504166550092,127.45202638369008,대전광역시 대덕구 비래동 143-17,30230312135915,,,,False
윤성빌라(143-18),1989,2.3,36.35500040572329,127.45217696640252,대전광역시 대덕구 비래동 143-18,30230312135916,,,,False
윤성빌라,1989,2.3,36.355136638853125,127.45226690841062,대전광역시 대덕구 비래동 143-19,30230312135917,,,,False
삼덕하이츠(103동),1993,2.3,36.35493432827481,127.45256632439452,대전광역시 대덕구 비래동 143-31,30230212135918,,,,False
대호아트빌라(144-3),1991,2.3,36.35551692792686,127.45274366280567,대전광역시 대덕구 비래동 144-3,30230312135919,,,,False
정남주택,1987,2.3,36.35547547708281,127.45312108202565,대전광역시 대덕구 비래동 144-5,30230100011762,,,,False
백마빌라,1991,2.3,36.35517238493391,127.4534220757011,대전광역시 대덕구 비래동 144-9,30230312135921,,,,False
진호빌라,1993,2.3,36.355249081964935,127.45276319515813,대전광역시 대덕구 비래동 144-14,30230312135922,,,,False
진우빌라,1993,2.3,36.35530132368016,127.45260456431916,대전광역시 대덕구 비래동 144-15,30230312135923,,,,False
거성빌라(144-17),1990,2.3,36.355435052864976,127.45218715100212,대전광역시 대덕구 비래동 144-17,30230312135924,,,,False
거성빌라,1990,2.3,36.35537865965231,127.4523241516985,대전광역시 대덕구 비래동 144-28,30230312135925,,,,False
대호아트빌라,1991,2.3,36.35544294674416,127.4525300864421,대전광역시 대덕구 비래동 144-32,30230312135926,,,,False
금광빌라,1993,2.3,36.3552037525577,127.4528827209502,대전광역시 대덕구 비래동 144-36,30230312135927,,,,False
은광빌라,1993,2.3,36.35518580981643,127.45306213839046,대전광역시 대덕구 비래동 144-37,30230312135928,,,,False
대양빌라2동,1994,2.3,36.35572191044003,127.4525123172096,대전광역시 대덕구 비래동 144-38,30230300442618,,,,False
대양빌라,1994,2.3,36.35573935872083,127.452284910039,대전광역시 대덕구 비래동 144-42,30230312135929,,,,False
리치빌,2005,2.3,36.35581050834144,127.45331350078835,대전광역시 대덕구 비래동 145-11,30230100448963,,,,False
나래연립(145-35),1986,2.3,36.356038297359575,127.45349712068628,대전광역시 대덕구 비래동 145-34,30230312135930,,,,False
나래연립,1986,2.3,36.35607531769823,127.45337069060167,대전광역시 대덕구 비래동 145-35,30230312135931,,,,False
인정아트빌라(146-2),1995,2.3,36.35690606847385,127.4533486831444,대전광역시 대덕구 비래동 146-2,30230312135932,,,,False
"삼흥빌라(1,2동,146-7)",1995,2.3,36.35660291884821,127.453263983658,대전광역시 대덕구 비래동 146-7,30230312135933,,,,False
대호빌라(146-10),1995,2.3,36.356416118860224,127.45393566807284,대전광역시 대덕구 비래동 146-10,30230312135934,,,,False
대호빌라(146-30),1995,2.3,36.3563122093048,127.4538751778796,대전광역시 대덕구 비래동 146-30,30230312135935,,,,False
인정아트빌라(147-2),1998,2.3,36.35755183889758,127.45376705891962,대전광역시 대덕구 비래동 147-2,30230300442619,,,,False
인정빌라,1998,2.3,36.35758553478891,127.453646032982,대전광역시 대덕구 비래동 147-6,30230312135936,,,,False
인정아트빌라(147-9),1998,2.3,36.357402317915856,127.45354268550308,대전광역시 대덕구 비래동 147-9,30230300442620,,,,False
인정아트빌라,1998,2.3,36.357357662537765,127.45369296588706,대전광역시 대덕구 비래동 147-10,30230300442621,,,,False
금성백조1,1986,2.3,36.356793883140526,127.455226779293,대전광역시 대덕구 비래동 149-1,30230100050390,,,,False
(149-6),1986,2.3,36.356632038760246,127.45503784781305,대전광역시 대덕구 비래동 149-6,30230312135938,,,,False
영빌라,1991,2.3,36.3566965318448,127.45482130225513,대전광역시 대덕구 비래동 149-20,30230312135939,,,,False
진성주택(151-17),1990,2.3,36.35520676470463,127.45417087747444,대전광역시 대덕구 비래동 151-17,30230312135940,,,,False
진성주택(151-18),1990,2.3,36.35509942073317,127.45406813944456,대전광역시 대덕구 비래동 151-18,30230312135941,,,,False
진성주택,1990,2.3,36.3551562335215,127.4539262267807,대전광역시 대덕구 비래동 151-19,30230312135942,,,,False
진흥빌라(309-16),1991,2.3,36.35987047898712,127.4527661224762,대전광역시 대덕구 비래동 309-16,30230312135943,,,,False
진흥빌라(309-20),1991,2.3,36.35981772461784,127.45288815990084,대전광역시 대덕구 비래동 309-20,30230312135944,,,,False
진흥빌라(309-21),1991,2.3,36.35971252859446,127.45299147093924,대전광역시 대덕구 비래동 309-21,30230312135945,,,,False
진흥빌라(309-22),1991,2.3,36.35961321705648,127.45309963307712,대전광역시 대덕구 비래동 309-22,30230312135946,,,,False
진흥빌라(309-23),1991,2.3,36.359519836296485,127.45320074191608,대전광역시 대덕구 비래동 309-23,30230312135947,,,,False
진흥빌라,1991,2.3,36.35942020069169,127.4533167408066,대전광역시 대덕구 비래동 309-25,30230312135948,,,,False
비래휴플러스,2006,2.3,36.35463444617832,127.44632016155887,대전광역시 대덕구 비래동 509-1,30230120048667,,,,False
세일빌라,1997,2.3,36.3535090383258,127.44444658813116,대전광역시 대덕구 비래동 555-13,30230312135592,,,,False
연흥목화빌라,1997,2.3,36.35381953361073,127.44501133813388,대전광역시 대덕구 비래동 556-1,30230212135603,,,,False
성민빌라(B동),1994,2.3,36.35318873414616,127.4455985367642,대전광역시 대덕구 비래동 556-16,30230312135606,,,,False
성민빌라(A동),1994,2.3,36.3532594801903,127.44543956934942,대전광역시 대덕구 비래동 556-20,30230312135605,,,,False
한성하이빌(B동),2002,2.3,36.35356120096784,127.44486661484862,대전광역시 대덕구 비래동 556-33,30230312135604,,,,False
한성하이빌(A동),2002,2.3,36.35343445016099,127.4447956162693,대전광역시 대덕구 비래동 556-34,30230312135607,,,,False
브리스빌,2016,2.3,36.35345998671824,127.4457063359948,대전광역시 대덕구 비래동 556-36,30230220334176,,,,False
가보건축,1990,2.3,36.353111200594896,127.4447734019824,대전광역시 대덕구 비래동 558-2,30230312135614,,,,False
금강맨션(A동),1983,2.3,36.35285303277113,127.4453159125941,대전광역시 대덕구 비래동 558-9,30230312135609,,,,False
금강맨션(B동),1984,2.3,36.35281011751647,127.44548719924695,대전광역시 대덕구 비래동 558-10,30230312135610,,,,False
금강맨션C동,1983,2.3,36.352765279862886,127.4456315105094,대전광역시 대덕구 비래동 558-11,30230300442606,,,,False
소망빌라(나동),1990,2.3,36.35297398594972,127.4447557843711,대전광역시 대덕구 비래동 558-31,30230312135611,,,,False
소망빌라(라동),1990,2.3,36.35288588573134,127.44470115816408,대전광역시 대덕구 비래동 558-32,30230312135612,,,,False
소망빌라(다동),1990,2.3,36.35294893645048,127.4445175093783,대전광역시 대덕구 비래동 558-36,30230312135613,,,,False
소망빌라(가동),1990,2.3,36.35301254827012,127.44461383191846,대전광역시 대덕구 비래동 558-38,30230312135608,,,,False
수정맨션,1994,2.3,36.3518532035659,127.44509821699194,대전광역시 대덕구 비래동 559-22,30230312135501,,,,False
청송빌라(1동),1991,2.3,36.351973629706336,127.44494555934128,대전광역시 대덕구 비래동 559-24,30230312135499,,,,False
청송빌라(2동),1991,2.3,36.35189248865174,127.44489699251145,대전광역시 대덕구 비래동 559-25,30230312135500,,,,False
청송빌라(3동),1991,2.3,36.35181138372487,127.44484841350138,대전광역시 대덕구 비래동 559-26,30230312135502,,,,False
청송빌라(559-28),1991,2.3,36.3518788459479,127.44466351300424,대전광역시 대덕구 비래동 559-28,30230312135503,,,,False
청송빌라,1991,2.3,36.35195435225104,127.44472734058178,대전광역시 대덕구 비래동 559-29,30230312135498,,,,False
우주빌라,1998,2.3,36.35180431874152,127.44412831096304,대전광역시 대덕구 비래동 560-2,30230312135593,,,,False
남양빌라(560-5),1991,2.3,36.35160171087127,127.44442615500446,대전광역시 대덕구 비래동 560-5,30230312135594,,,,False
남양빌라(560-6),1991,2.3,36.35159842317116,127.4445912088964,대전광역시 대덕구 비래동 560-6,30230312135600,,,,False
남양빌라(560-7),1991,2.3,36.35154716749467,127.4447290662286,대전광역시 대덕구 비래동 560-7,30230312135601,,,,False
남양빌라,1991,2.3,36.35149591176268,127.4448661374216,대전광역시 대덕구 비래동 560-8,30230312135602,,,,False
동부맨션,1992,2.3,36.35124501301234,127.44509527197334,대전광역시 대덕구 비래동 560-9,30230100011734,,,,False
로얄빌라(2동),1989,2.3,36.35111997734475,127.44467439461818,대전광역시 대덕구 비래동 560-10,30230312135598,,,,False
로얄빌라(1동),1989,2.3,36.351269311225685,127.44474442922964,대전광역시 대덕구 비래동 560-11,30230312135597,,,,False
로얄빌라(3동),1989,2.3,36.35131809054434,127.44461584059157,대전광역시 대덕구 비래동 560-12,30230312135596,,,,False
로얄빌라(5동),1989,2.3,36.35117594504031,127.44452713702184,대전광역시 대덕구 비래동 560-14,30230312135599,,,,False
드림팰리스아파트,2017,2.3,36.35192944836619,127.44351905007788,대전광역시 대덕구 비래동 561-3,30230120347953,,,,False
서우,1990,2.3,36.44575910813655,127.42842835139248,대전광역시 대덕구 석봉동 177-2,30230100011769,,,,False
유락B동,1992,2.3,36.44647601004384,127.42760750148946,대전광역시 대덕구 석봉동 178-2,30230200442622,,,,False
트윈스,2005,2.3,36.446429238759066,127.42686482547252,대전광역시 대덕구 석봉동 178-8,30230100257834,,,,False
진빌리지B동,2001,2.3,36.44593927190763,127.42757059630028,대전광역시 대덕구 석봉동 179-5,30230312135952,,,,False
진빌리지A동,2001,2.3,36.446070420828434,127.42778284898444,대전광역시 대덕구 석봉동 179-30,30230312135953,,,,False
호성빌라,2001,2.3,36.44604448571717,127.4265154384729,대전광역시 대덕구 석봉동 181-3,30230312135954,,,,False
아주빌라,1993,2.3,36.44589124135953,127.4264657547823,대전광역시 대덕구 석봉동 181-4,30230312135955,,,,False
아성빌라,1993,2.3,36.44604490293713,127.42634076583651,대전광역시 대덕구 석봉동 181-34,30230312135956,,,,False
행복맨션,2014,2.3,36.4482261812956,127.42646148057052,대전광역시 대덕구 석봉동 188-3,30230320300218,,,,False
시장빌라,1989,2.3,36.44782747463377,127.42635517096028,대전광역시 대덕구 석봉동 188-9,30230312135957,,,,False
이노센스뷰,2019,2.3,36.44750552424405,127.4250756007548,대전광역시 대덕구 석봉동 189-18,30230120393983,,,,False
금원푸른솔,2006,2.3,36.44848294713375,127.42507726952792,대전광역시 대덕구 석봉동 191-23,30230120027409,,,,False
어반라이프(1차),2022,2.7 (검증필요),36.451126049879846,127.4271646576191,대전광역시 대덕구 석봉동 199-6,30230120437384,,,,False
세울더레스트,2021,2.7 (검증필요),36.45157330189328,127.4269482334158,대전광역시 대덕구 석봉동 200-3,30230120430981,,,,False
신생연립,1979,2.3,36.45107982162792,127.42545217308304,대전광역시 대덕구 석봉동 202-2,30230200442623,,,,False
원창빌라(204-4),1989,2.3,36.45222907593416,127.42583177196592,대전광역시 대덕구 석봉동 204-4,30230312135959,,,,False
세진시티빌,2016,2.3,36.45241688245528,127.42653007073716,대전광역시 대덕구 석봉동 205-1,30230320336511,,,,False
대신빌라,1991,2.3,36.45195462620445,127.4265419241993,대전광역시 대덕구 석봉동 205-7,30230100609087,,,,False
원창빌라(207-1),1989,2.3,36.45332716667505,127.42494957090452,대전광역시 대덕구 석봉동 207-1,30230312135961,,,,False
원창빌라(207-3),1988,2.3,36.453084302668856,127.42546498504984,대전광역시 대덕구 석봉동 207-3,30230312135962,,,,False
원창빌라(207-4),1988,2.3,36.45295405281765,127.42530073479584,대전광역시 대덕구 석봉동 207-4,30230312135963,,,,False
원창빌라(207-9),1989,2.3,36.4531285345235,127.42512433248226,대전광역시 대덕구 석봉동 207-9,30230312135964,,,,False
원창빌라(207-24),1988,2.3,36.45292227361245,127.42547066650177,대전광역시 대덕구 석봉동 207-24,30230312135965,,,,False
원창빌라(207-27),1988,2.3,36.45311674795425,127.4252953161967,대전광역시 대덕구 석봉동 207-27,30230312135966,,,,False
원창빌라(207-28),1989,2.3,36.45296636190931,127.42512958446976,대전광역시 대덕구 석봉동 207-28,30230312135967,,,,False
원창빌라(207-29),1989,2.3,36.45298611450768,127.42496359185816,대전광역시 대덕구 석봉동 207-29,30230312135968,,,,False
원창빌라(207-31),1989,2.3,36.453148265692505,127.42495785395084,대전광역시 대덕구 석봉동 207-31,30230312135969,,,,False
선일빌라,1998,2.3,36.4495580508212,127.4236484395746,대전광역시 대덕구 석봉동 305-38,30230312135970,,,,False
우정타운,1999,2.3,36.44807189826494,127.4230501360729,대전광역시 대덕구 석봉동 311-2,30230312135971,,,,False
휴먼주택,2000,2.3,36.447855739468935,127.42378526158568,대전광역시 대덕구 석봉동 312-2,30230312135972,,,,False
행복가득한집,2013,2.3,36.44804157985188,127.42416363268504,대전광역시 대덕구 석봉동 312-18,30230320181206,,,,False
미래빌리지,2002,2.3,36.44804157985188,127.42432726189207,대전광역시 대덕구 석봉동 312-19,30230312135973,,,,False
한밭,1995,2.3,36.44675488789888,127.42431450887928,대전광역시 대덕구 석봉동 313-1,30230100011771,A30681003,49.0,"관리사무소, 노인정, 어린이놀이터, 자전거보관소",Needs Review
한신빌라,1994,2.3,36.44608731706093,127.42486901748428,대전광역시 대덕구 석봉동 316-6,30230312135976,,,,False
두일,1995,2.3,36.445787944769,127.42478762093803,대전광역시 대덕구 석봉동 316-7,30230100011768,,,,False
다세대주택,1995,2.3,36.44539130416298,127.42440804219254,대전광역시 대덕구 석봉동 316-14,30230300442625,,,,False
대복빌리지,1997,2.3,36.44578912044739,127.4239969900335,대전광역시 대덕구 석봉동 316-16,30230312135978,,,,False
두일빌라,1994,2.3,36.4455647929592,127.42456931869548,대전광역시 대덕구 석봉동 316-22,30230312135979,,,,False
새론,2017,2.3,36.4456022529359,127.42425809773825,대전광역시 대덕구 석봉동 316-43,30230320353778,,,,False
일조아트빌,2017,2.3,36.44611573414781,127.42470882131704,대전광역시 대덕구 석봉동 316-46,30230320355861,,,,False
세영빌라,1996,2.3,36.44443108816846,127.42788662490202,대전광역시 대덕구 석봉동 320-22,30230312135980,,,,False
성호주택,1991,2.3,36.444657099903104,127.42843513817078,대전광역시 대덕구 석봉동 321-8,30230100257174,,,,False
태광빌라,1995,2.3,36.444251192765,127.42829816953858,대전광역시 대덕구 석봉동 321-11,30230300442626,,,,False
덕수주택,1988,2.3,36.44356045879353,127.4276658579465,대전광역시 대덕구 석봉동 322-11,30230312135982,,,,False
세울더레스트2차,2022,2.7 (검증필요),36.44852911190705,127.42629008733292,대전광역시 대덕구 석봉동 353-33,30230120439450,,,,False
(415-27),2003,2.3,36.4496476454587,127.42666316081888,대전광역시 대덕구 석봉동 415-27,30230312135983,,,,False
원창빌라(423-1),1989,2.3,36.45124087330382,127.42459858312168,대전광역시 대덕구 석봉동 423-1,30230312135984,,,,False
부자연립(423-6),1989,2.3,36.45102236016516,127.42455734973127,대전광역시 대덕구 석봉동 423-6,30230312135985,,,,False
부자연립(423-7),1988,2.3,36.45087851934719,127.42455605363992,대전광역시 대덕구 석봉동 423-7,30230312135986,,,,False
부자연립(423-8),1988,2.3,36.45078663158499,127.42455772809726,대전광역시 대덕구 석봉동 423-8,30230312135987,,,,False
원창빌라(423-10),1989,2.3,36.45118646122664,127.42476140994386,대전광역시 대덕구 석봉동 423-10,30230312135988,,,,False
금강엑슬루타워,2012,2.3,36.45135008551262,127.42041010072332,대전광역시 대덕구 석봉동 770,30230120148915,A30677202,2016.0,None,Needs Review
금강로하스엘크루,2017,2.3,36.45313117335348,127.42276827988904,대전광역시 대덕구 석봉동 771,30230120357619,A10026742,786.0,"관리사무소, 노인정, 문고, 주민공동시설, 어린이놀이터, 유치원, 커뮤니티공간, 자전거보관소",Needs Review
금강센트럴파크서희스타힐스,2020,2.3,36.45380050479287,127.4253296415816,대전광역시 대덕구 석봉동 787,30230120412025,A10024653,876.0,"관리사무소, 노인정, 문고, 주민공동시설, 어린이놀이터, 유치원, 자전거보관소",True
삼창,1985,2.3,36.44873323366701,127.41541036049442,대전광역시 대덕구 목상동 23-3,30230100011773,,,,False
삼화빌라,1991,2.3,36.44848462610071,127.41534689998063,대전광역시 대덕구 목상동 23-7,30230312135990,,,,False
상록수,1999,2.3,36.448351432788144,127.41320560878026,대전광역시 대덕구 목상동 185-1,30230100011774,A10024434,93.0,"관리사무소, 노인정, 자전거보관소",Needs Review
다사랑,1993,2.3,36.4468402823798,127.413611070315,대전광역시 대덕구 목상동 185-2,30230100011772,,,,False
두레마을2차,2014,2.3,36.44682361878574,127.41524685339336,대전광역시 대덕구 목상동 204,30230120287915,,,,False
두레타운201동,2014,2.3,36.44718514107082,127.41595571339022,대전광역시 대덕구 목상동 207-6,30230320306223,,,,False
주건축물제1동(207-16),2022,2.7 (검증필요),36.44742541410663,127.41606575741436,대전광역시 대덕구 목상동 207-16,30230320441172,,,,False
평화로운,2011,2.3,36.446413204478944,127.41611827148762,대전광역시 대덕구 목상동 207-25,30230120141429,A30676004,142.0,"관리사무소, 노인정, 어린이놀이터, 자전거보관소, 기타",Needs Review
두레마을,2014,2.3,36.44697868206106,127.41620628430712,대전광역시 대덕구 목상동 207-45,30230120293047,,,,False
현대,1986,2.3,36.448507808709536,127.41599186494788,대전광역시 대덕구 목상동 215,30230100011775,A12208105,119.0,"관리사무소, 노인정, 어린이놀이터, 자전거보관소",Needs Review
두레타운101동,2014,2.3,36.44669112593184,127.41559786228068,대전광역시 대덕구 목상동 222-1,30230320306463,,,,False
남해2,2020,2.3,36.44842588861218,127.4148921031402,대전광역시 대덕구 목상동 879,30230320415246,,,,False
남해1,2020,2.3,36.44825846559442,127.41483862325742,대전광역시 대덕구 목상동 880,30230320415247,,,,False
한라,1996,2.3,36.444134667275605,127.40981899032874,대전광역시 대덕구 신일동 1682-4,30230100011776,A33672502,93.0,"관리사무소, 노인정, 어린이놀이터, 유치원, 자전거보관소",Needs Review
세진시티빌,2016,2.3,36.44714582663941,127.42003372428408,대전광역시 대덕구 덕암동 1-5,30230220334840,,,,False
제일빌라(B동),1992,2.3,36.4474811071766,127.41994002279162,대전광역시 대덕구 덕암동 1-18,30230312136007,,,,False
제일빌라(A동),1991,2.3,36.447544676019845,127.42006604408876,대전광역시 대덕구 덕암동 1-19,30230312136008,,,,False
중앙,1985,2.3,36.447015040687546,127.42089366737927,대전광역시 대덕구 덕암동 2-2,30230212136009,A55018004,0.0,"관리사무소, 노인정, 어린이놀이터, 휴게시설",False
한라빌라(마.바동),1989,2.3,36.44753446465832,127.42040021700042,대전광역시 대덕구 덕암동 2-3,30230312136010,,,,False
"원창주택(A,B동)",1990,2.3,36.44694286179887,127.4205531191918,대전광역시 대덕구 덕암동 2-4,30230100257177,,,,False
"한라빌라(다,라동)",1989,2.3,36.44737268278131,127.42044201700652,대전광역시 대덕구 덕암동 2-5,30230312136012,,,,False
"한라빌라(가,나동)",1989,2.3,36.44725075409889,127.42047357242744,대전광역시 대덕구 덕암동 2-6,30230312136013,,,,False
덕암아파트,1998,2.3,36.44596337081404,127.42182239436524,대전광역시 대덕구 덕암동 3-7,30230100257178,A30680301,125.0,"관리사무소, 노인정, 어린이놀이터",Needs Review
"원창주택(C,D동)",1991,2.3,36.44644654174972,127.42067154085352,대전광역시 대덕구 덕암동 4-1,30230100011781,,,,False
"아주그린빌라(가,나동)",1995,2.3,36.44624346058871,127.42080309551596,대전광역시 대덕구 덕암동 4-25,30230312136016,,,,False
"아주그린빌라(A,B동)",1995,2.3,36.44608058557061,127.42080341715146,대전광역시 대덕구 덕암동 4-39,30230312136017,,,,False
신탄빌라(5-4),1987,2.3,36.44636594330208,127.42029058229453,대전광역시 대덕구 덕암동 5-4,30230312136018,,,,False
오성하이츠,2004,2.3,36.44498063853428,127.4203233979211,대전광역시 대덕구 덕암동 6-1,30230312136019,,,,False
대복하이츠,1997,2.3,36.445053622961886,127.42067448032748,대전광역시 대덕구 덕암동 6-25,30230312136020,,,,False
우경빌라(A동),1990,2.3,36.44436396520933,127.42131328463452,대전광역시 대덕구 덕암동 7-40,30230312136021,,,,False
우경빌라(B동),1990,2.3,36.44444781495552,127.42127313662417,대전광역시 대덕구 덕암동 7-41,30230312136022,,,,False
아트빌,2003,2.3,36.44516822099544,127.42199825698523,대전광역시 대덕구 덕암동 8-1,30230100257179,A36391405,97.0,"관리사무소, 노인정, 보육시설, 주민공동시설, 어린이놀이터",Needs Review
정궁주택(가동),1990,2.3,36.44498285932384,127.42196488644728,대전광역시 대덕구 덕암동 8-6,30230312136024,,,,False
정궁주택(나동),1990,2.3,36.44500231282987,127.42215784472803,대전광역시 대덕구 덕암동 8-7,30230312136025,,,,False
정궁주택(다동),1990,2.3,36.44502521266498,127.42235624860658,대전광역시 대덕구 덕암동 8-8,30230312136026,,,,False
정궁주택(마동),1990,2.3,36.444891289794775,127.42238680306572,대전광역시 대덕구 덕암동 8-9,30230312136027,,,,False
정궁주택(라동),1990,2.3,36.44487614030052,127.4221594098041,대전광역시 대덕구 덕암동 8-11,30230312136028,,,,False
국원빌라,1995,2.3,36.44502712719894,127.42295213342024,대전광역시 대덕구 덕암동 8-13,30230312136029,,,,False
부길빌라,1997,2.3,36.44525719799224,127.42251472905495,대전광역시 대덕구 덕암동 8-16,30230312136030,,,,False
미성하이빌,2006,2.3,36.44464134884839,127.42229902438493,대전광역시 대덕구 덕암동 9-2,30230120055920,,,,False
삼호(9-3),1991,2.3,36.44465457116464,127.42254001390732,대전광역시 대덕구 덕암동 9-3,30230100257180,A13782804,0.0,"관리사무소, 어린이놀이터, 기타",False
서울빌라,1985,2.3,36.44473790881146,127.42312872639464,대전광역시 대덕구 덕암동 9-6,30230312136032,,,,False
브릭스빌,2021,2.7 (검증필요),36.44436111855148,127.42314800572171,대전광역시 대덕구 덕암동 9-10,30230320418022,,,,False
영창빌라,1994,2.3,36.44434670355644,127.42344099172658,대전광역시 대덕구 덕암동 9-19,30230312136033,,,,False
"홍진맨션(A,B동)",1997,2.3,36.44381965262596,127.42409179351532,대전광역시 대덕구 덕암동 11-10,30230312136034,,,,False
행복빌라(11-12),2012,2.3,36.44327905825797,127.42429780695868,대전광역시 대덕구 덕암동 11-12,30230320163889,,,,False
홍진맨션(C동),1997,2.3,36.44364245950205,127.42424338711646,대전광역시 대덕구 덕암동 11-15,30230312136035,,,,False
금호,1985,2.3,36.44353189717559,127.426457131035,대전광역시 대덕구 덕암동 13-5,30230100011778,A50108001,40.0,"관리사무소, 노인정, 어린이놀이터",Needs Review
대원빌라,1990,2.3,36.443156309580125,127.42650057018268,대전광역시 대덕구 덕암동 13-11,30230312136037,,,,False
신탄빌라(14-1),1983,2.3,36.4427777524575,127.42745531430612,대전광역시 대덕구 덕암동 14-1,30230212136038,,,,False
경희빌라,1990,2.3,36.4422051958244,127.42755139194406,대전광역시 대덕구 덕암동 14-3,30230312136039,,,,False
아성빌라(B동),1995,2.3,36.442389017089965,127.42725228445332,대전광역시 대덕구 덕암동 14-9,30230312136040,,,,False
아성빌라(A동),1994,2.3,36.44254219707312,127.42730982014405,대전광역시 대덕구 덕암동 14-10,30230312136041,,,,False
세림,1979,2.3,36.4427192095541,127.42657131562882,대전광역시 대덕구 덕암동 15-3,30230212136042,,,,False
대림빌리지,2002,2.3,36.44269636886669,127.42704625640422,대전광역시 대덕구 덕암동 15-5,30230312136043,,,,False
홍진빌라,1994,2.3,36.44402363136067,127.4233895656804,대전광역시 대덕구 덕암동 21-8,30230312136044,,,,False
장원아트빌,2015,2.3,36.443820554895,127.42097088136096,대전광역시 대덕구 덕암동 23-4,30230320324146,,,,False
현암빌라,1991,2.3,36.44325652763517,127.42068753992837,대전광역시 대덕구 덕암동 23-11,30230312136045,,,,False
삼호(38-5),1991,2.3,36.44223128371683,127.42127455174796,대전광역시 대덕구 덕암동 38-5,30230100011780,A13782804,0.0,"관리사무소, 어린이놀이터, 기타",False
덕암아트빌라,1994,2.3,36.44154974647624,127.42109822969654,대전광역시 대덕구 덕암동 38-9,30230312136047,,,,False
유성빌라,2003,2.3,36.44238999081752,127.42099653756364,대전광역시 대덕구 덕암동 38-12,30230312136048,,,,False
현대빌라(4동),1991,2.3,36.44184964151287,127.4211284452404,대전광역시 대덕구 덕암동 38-17,30230312136049,,,,False
현대빌라(1동),1990,2.3,36.44170062462281,127.4211571172652,대전광역시 대덕구 덕암동 38-18,30230312136050,,,,False
현대빌라(2동),1990,2.3,36.441673267837125,127.42101689141704,대전광역시 대덕구 덕암동 38-19,30230312136051,,,,False
현대빌라(3동),1991,2.3,36.441839512566624,127.42098476618094,대전광역시 대덕구 덕암동 38-20,30230312136052,,,,False
삼진빌라,1992,2.3,36.44112153137314,127.42108030069434,대전광역시 대덕구 덕암동 40-10,30230312136053,,,,False
명진빌라(B동),2005,2.3,36.44083097728799,127.42206282883772,대전광역시 대덕구 덕암동 41-3,30230300442627,,,,False
정궁빌라(나동),1989,2.3,36.44067724366717,127.42203154922728,대전광역시 대덕구 덕암동 41-4,30230312136054,,,,False
정궁빌라(가동),1989,2.3,36.440676207698296,127.42217738116511,대전광역시 대덕구 덕암동 41-13,30230312136055,,,,False
광진빌라(401.402),1991,2.3,36.44095278052865,127.42322077003654,대전광역시 대덕구 덕암동 42-5,30230312136056,,,,False
광진빌라(101~302동),1991,2.3,36.44051672072178,127.42302708974046,대전광역시 대덕구 덕암동 42-6,30230312136057,,,,False
에코빌리지,2018,2.3,36.44055358989153,127.42266914438316,대전광역시 대덕구 덕암동 42-7,30230120382308,,,,False
삼보빌라,1991,2.3,36.44081736180264,127.42271193575584,대전광역시 대덕구 덕암동 42-8,30230312136058,,,,False
대호빌라,1995,2.3,36.44118096198186,127.42291113990689,대전광역시 대덕구 덕암동 42-10,30230312136059,,,,False
삼성빌리지(나동),1997,2.3,36.44094222056542,127.42374560151654,대전광역시 대덕구 덕암동 43-4,30230312136060,,,,False
삼성빌리지(가동),1997,2.3,36.44096327126381,127.42358624322172,대전광역시 대덕구 덕암동 43-9,30230312136061,,,,False
"흥진빌라(나,다동)",1995,2.3,36.44201115250995,127.4242084998234,대전광역시 대덕구 덕암동 44-7,30230312136062,,,,False
흥진빌라(가동),1995,2.3,36.441972620462266,127.4240309684482,대전광역시 대덕구 덕암동 44-14,30230312136063,,,,False
삼부덕암마을,2000,2.3,36.441545698434766,127.4253697825578,대전광역시 대덕구 덕암동 45-2,30230100011779,,,,False
리치빌,2009,2.3,36.44125646158083,127.42614784884032,대전광역시 대덕구 덕암동 46-2,30230120116887,,,,False
덕암마을,2012,2.3,36.439602766973806,127.42518272415565,대전광역시 대덕구 덕암동 49-5,30230320165231,A30620001,162.0,"관리사무소, 노인정, 어린이놀이터, 자전거보관소",Needs Review
청송빌라,1992,2.3,36.43954080976837,127.42472640514336,대전광역시 대덕구 덕암동 49-14,30230312136066,,,,False
승신아트빌라,1991,2.3,36.44019557795853,127.42532469870366,대전광역시 대덕구 덕암동 50-3,30230312136067,,,,False
삼영하이츠(A동),1995,2.3,36.44002659319728,127.42584255785307,대전광역시 대덕구 덕암동 50-4,30230312136068,,,,False
드림빌리지,2015,2.3,36.44009026741578,127.42492611278558,대전광역시 대덕구 덕암동 50-9,30230320314282,,,,False
신영빌라,1992,2.3,36.44015784541872,127.42545358141598,대전광역시 대덕구 덕암동 50-19,30230312136069,,,,False
삼영하이츠(B동),1995,2.3,36.4401052220814,127.4256330665164,대전광역시 대덕구 덕암동 50-20,30230312136070,,,,False
아성빌라하이츠(A동),1994,2.3,36.44081567957012,127.42520421198992,대전광역시 대덕구 덕암동 51-1,30230312136071,,,,False
새일,1984,2.3,36.44058354257408,127.42520403953506,대전광역시 대덕구 덕암동 51-2,30230212136072,,,,False
아성빌라하이츠(B동),1994,2.3,36.44076536843994,127.425376943394,대전광역시 대덕구 덕암동 51-6,30230312136073,,,,False
상용주택,1990,2.3,36.44050828648958,127.42464236167557,대전광역시 대덕구 덕암동 52-5,30230312136074,,,,False
"진성주택(다,라동)",1992,2.3,36.44026045863684,127.42130812592288,대전광역시 대덕구 덕암동 55-2,30230312136075,,,,False
"원일주택(가,나,다동)",1989,2.3,36.44020183280378,127.4216855097475,대전광역시 대덕구 덕암동 55-3,30230312136076,,,,False
"그린피아빌라(A,B동)",1996,2.3,36.44026522176533,127.42214306080942,대전광역시 대덕구 덕암동 55-4,30230312136077,,,,False
새한빌라,1993,2.3,36.43990426525911,127.42223240471291,대전광역시 대덕구 덕암동 55-5,30230312136078,,,,False
원일주택(라동),1989,2.3,36.440327712558044,127.42178308564064,대전광역시 대덕구 덕암동 55-9,30230312136079,,,,False
"진성주택(가,나동)",1992,2.3,36.44025218853703,127.42145519955406,대전광역시 대덕구 덕암동 55-12,30230312136080,,,,False
"그린피아빌라(C,D동)",1996,2.3,36.44018900924452,127.422332731929,대전광역시 대덕구 덕암동 55-22,30230312136081,,,,False
대림주택(101동),1990,2.3,36.43891616156107,127.42102551525105,대전광역시 대덕구 덕암동 58-2,30230312136082,,,,False
"대림빌라(102,103동)",1991,2.3,36.4387953016232,127.4210921115051,대전광역시 대덕구 덕암동 58-3,30230312136083,,,,False
탐라빌라,1992,2.3,36.43873158842298,127.42166589708022,대전광역시 대덕구 덕암동 58-7,30230312136084,,,,False
신도빌라,1992,2.3,36.43882488553543,127.42192979572374,대전광역시 대덕구 덕암동 58-8,30230312136085,,,,False
성진아트빌라,1996,2.3,36.43837809059234,127.42138068076255,대전광역시 대덕구 덕암동 58-18,30230312136086,,,,False
거성빌라(가동),1990,2.3,36.438398807935,127.42278641188008,대전광역시 대덕구 덕암동 59-15,30230312136087,,,,False
거성빌라(나동),1990,2.3,36.4385093996207,127.4228408338346,대전광역시 대덕구 덕암동 59-16,30230312136088,,,,False
거성빌라(다동),1990,2.3,36.4385852143493,127.42286626562915,대전광역시 대덕구 덕암동 59-17,30230312136089,,,,False
거성빌라(라동),1990,2.3,36.43871995394542,127.42291375862207,대전광역시 대덕구 덕암동 59-18,30230312136090,,,,False
정명빌라,1997,2.3,36.438245796224365,127.42067394296453,대전광역시 대덕구 덕암동 61-1,30230312136091,,,,False
진성주택,1993,2.3,36.43804471756759,127.42160958902944,대전광역시 대덕구 덕암동 61-11,30230312136092,,,,False
대복빌리지,1996,2.3,36.43775640485021,127.42152181779856,대전광역시 대덕구 덕암동 61-24,30230312136093,,,,False
삼화.대림주택,1991,2.3,36.437388925520565,127.421679246684,대전광역시 대덕구 덕암동 62-6,30230312136094,,,,False
"평화주택(A,B동)",1991,2.3,36.43726707142326,127.42081712170162,대전광역시 대덕구 덕암동 62-8,30230312136095,,,,False
평화주택(가.나동),1991,2.3,36.4372603360952,127.42102517252296,대전광역시 대덕구 덕암동 62-14,30230312136096,,,,False
신원파크빌,1991,2.3,36.43692853328493,127.42034734844528,대전광역시 대덕구 덕암동 62-15,30230312136097,,,,False
금성백조,1988,2.3,36.43694905941648,127.42057542990182,대전광역시 대덕구 덕암동 62-18,30230100011777,,,,False
예성A,1996,2.3,36.43648930570316,127.42016856021355,대전광역시 대덕구 덕암동 64-1,30230312136099,,,,False
한라(C동),1991,2.3,36.4362908667346,127.42046027673274,대전광역시 대덕구 덕암동 64-2,30230312136100,A33672502,93.0,"관리사무소, 노인정, 어린이놀이터, 유치원, 자전거보관소",Needs Review
"두방아트(A,B동)",1994,2.3,36.436259326614056,127.42097628153886,대전광역시 대덕구 덕암동 64-3,30230312136101,,,,False
신원베스트빌,2004,2.3,36.43599625694458,127.42097975727054,대전광역시 대덕구 덕암동 64-7,30230100257181,,,,False
영지빌라,1990,2.3,36.43601074836522,127.42037237738472,대전광역시 대덕구 덕암동 64-11,30230312136102,,,,False
소청,1989,2.3,36.436163108863866,127.42025017638926,대전광역시 대덕구 덕암동 64-12,30230312136103,,,,False
그린빌라,1995,2.3,36.43631964782506,127.42020974028765,대전광역시 대덕구 덕암동 64-13,30230312136104,A15271602,0.0,"관리사무소, 노인정, 보육시설, 문고, 주민공동시설, 어린이놀이터, 휴게시설, 유치원, 커뮤니티공간, 자전거보관소, 기타",False
한라(B동),1991,2.3,36.43632154685382,127.4206440402332,대전광역시 대덕구 덕암동 64-14,30230312136105,A33672502,93.0,"관리사무소, 노인정, 어린이놀이터, 유치원, 자전거보관소",Needs Review
한라(A동),1991,2.3,36.43628926879464,127.42081557416007,대전광역시 대덕구 덕암동 64-15,30230312136106,A33672502,93.0,"관리사무소, 노인정, 어린이놀이터, 유치원, 자전거보관소",Needs Review
두방아트(C동),1994,2.3,36.436288041474114,127.42113860965104,대전광역시 대덕구 덕암동 64-19,30230312136107,,,,False
예성B동,1996,2.3,36.43645787210241,127.42032921957292,대전광역시 대덕구 덕암동 64-20,30230312136108,,,,False
세영빌라(A동),1997,2.3,36.43586823416,127.42151277284866,대전광역시 대덕구 덕암동 65-6,30230312136109,,,,False
"덕암(1,2동)",1990,2.3,36.436142005053576,127.42171697348483,대전광역시 대덕구 덕암동 65-7,30230312136110,A30680301,125.0,"관리사무소, 노인정, 어린이놀이터",Needs Review
"덕암(가,나동)",1990,2.3,36.436013024962506,127.42167283946516,대전광역시 대덕구 덕암동 65-12,30230312136111,A30680301,125.0,"관리사무소, 노인정, 어린이놀이터",Needs Review
세영빌라(B동),1997,2.3,36.43581463187272,127.42169898562636,대전광역시 대덕구 덕암동 65-14,30230312136112,,,,False
드림시티빌,2012,2.3,36.43546240658984,127.4213942828415,대전광역시 대덕구 덕암동 70-22,30230320164282,,,,False
덕암빌라트,2012,2.3,36.43542022218651,127.42160518999016,대전광역시 대덕구 덕암동 70-23,30230320166307,,,,False
어반라이프2차,2022,2.7 (검증필요),36.43546023420741,127.42185847274668,대전광역시 대덕구 덕암동 70-25,30230320438662,,,,False
어반라이프3차,2022,2.7 (검증필요),36.43526352136119,127.42176882641242,대전광역시 대덕구 덕암동 70-26,30230320438663,,,,False
"대양타운(7,8동)",1991,2.3,36.43572319554493,127.42008090373366,대전광역시 대덕구 덕암동 71-1,30230312136113,,,,False
"대양타운(9,10동)",1991,2.3,36.43574443211224,127.41993610611289,대전광역시 대덕구 덕암동 71-14,30230312136114,,,,False
"대양타운(5,6동)",1991,2.3,36.435697148394254,127.42023241018288,대전광역시 대덕구 덕암동 71-15,30230312136115,,,,False
"대양타운(3,4동)",1991,2.3,36.435671010332136,127.42038404211748,대전광역시 대덕구 덕암동 71-16,30230312136116,,,,False
"대양타운(1,2동)",1991,2.3,36.43569849558351,127.42054996238392,대전광역시 대덕구 덕암동 71-17,30230312136117,,,,False
진베스트빌,2004,2.3,36.43516243694783,127.42027172019688,대전광역시 대덕구 덕암동 72-3,30230312136118,,,,False
우석하이츠(1동),1994,2.3,36.43513592524472,127.42041800926562,대전광역시 대덕구 덕암동 72-5,30230312136119,,,,False
덕성빌라3,2013,2.3,36.43488933681061,127.42008157698253,대전광역시 대덕구 덕암동 72-12,30230320174564,,,,False
우석하이츠(2동),1994,2.3,36.43511129435045,127.42055475859374,대전광역시 대덕구 덕암동 72-18,30230312136120,,,,False
우석하이츠(3동),1994,2.3,36.43508660958404,127.42069168870302,대전광역시 대덕구 덕암동 72-19,30230312136121,,,,False
덕성빌라2,2013,2.3,36.43491250353159,127.4202441689965,대전광역시 대덕구 덕암동 72-28,30230320174565,,,,False
덕성빌라1,2013,2.3,36.43493071087312,127.42043338262532,대전광역시 대덕구 덕암동 72-29,30230320174566,,,,False
현대빌라,1989,2.3,36.43464844404281,127.42014852587631,대전광역시 대덕구 덕암동 77-10,30230312136122,,,,False
대조빌라,1992,2.3,36.43405075817923,127.4198644841872,대전광역시 대덕구 덕암동 78-4,30230312136123,,,,False
늘푸른빌라(B동),1997,2.3,36.43395371933522,127.42006974550596,대전광역시 대덕구 덕암동 78-5,30230312136124,,,,False
오성빌라,1994,2.3,36.43360181932712,127.4202460449612,대전광역시 대덕구 덕암동 78-10,30230312136125,,,,False
대복아트빌라,1996,2.3,36.4337818164547,127.41940034162404,대전광역시 대덕구 덕암동 78-13,30230312136126,,,,False
대복한아름,1997,2.3,36.43356630942161,127.4204367116238,대전광역시 대덕구 덕암동 78-18,30230312136127,,,,False
늘푸른빌라(A동),1997,2.3,36.43402600589472,127.4201645788865,대전광역시 대덕구 덕암동 78-23,30230312136128,,,,False
건영하이츠(A동),1998,2.3,36.43439855134365,127.42100886549622,대전광역시 대덕구 덕암동 79-1,30230312136129,,,,False
모아빌A동,2013,2.3,36.43387591027145,127.42138484790128,대전광역시 대덕구 덕암동 79-5,30230220182020,,,,False
"광산빌라(1,2동)",1994,2.3,36.43394250348473,127.42096216479952,대전광역시 대덕구 덕암동 79-8,30230312136130,,,,False
전원빌리지,1997,2.3,36.434113412356055,127.42110889172253,대전광역시 대덕구 덕암동 79-9,30230312136131,,,,False
"광산빌라(가,나동)",1994,2.3,36.43381451862952,127.42091791940678,대전광역시 대덕구 덕암동 79-11,30230312136132,,,,False
"광산빌라(A,B동)",1994,2.3,36.43368155695888,127.42087202570868,대전광역시 대덕구 덕암동 79-12,30230312136133,,,,False
"광산빌라(C,D동)",1995,2.3,36.433509306257854,127.4208124970596,대전광역시 대덕구 덕암동 79-13,30230312136134,,,,False
건영하이츠(B동),1999,2.3,36.434359717338864,127.42119889023374,대전광역시 대덕구 덕암동 79-17,30230312136135,,,,False
모아빌B동,2013,2.3,36.43367878875145,127.42128642094656,대전광역시 대덕구 덕암동 79-21,30230220181996,,,,False
대호맨션,1996,2.3,36.43255462223458,127.4200415615566,대전광역시 대덕구 덕암동 108-8,30230212136136,,,,False
초원빌라(108-9),1995,2.3,36.43278434024472,127.42017445328332,대전광역시 대덕구 덕암동 108-9,30230312136137,,,,False
원창빌라,1990,2.3,36.43309516841613,127.42053421018798,대전광역시 대덕구 덕암동 108-11,30230312136138,,,,False
초원빌라,1995,2.3,36.43274148540321,127.42033275363978,대전광역시 대덕구 덕암동 108-14,30230312136139,,,,False
아성하이츠,1994,2.3,36.43347236336667,127.41962685293392,대전광역시 대덕구 덕암동 109-2,30230312136140,,,,False
황제빌리지,1998,2.3,36.43336655062373,127.4201206776856,대전광역시 대덕구 덕암동 109-5,30230312136141,,,,False
신원주택(B동),1991,2.3,36.43270769366386,127.41944216815472,대전광역시 대덕구 덕암동 109-8,30230312136142,,,,False
화인,1991,2.3,36.43272508461317,127.41921193634784,대전광역시 대덕구 덕암동 109-10,30230312136143,A10021874,24.0,None,Needs Review
삼양빌라,1990,2.3,36.43334199683815,127.41933787316736,대전광역시 대덕구 덕암동 109-12,30230312136144,,,,False
신원주택(A동),1991,2.3,36.43272625042097,127.41962831311568,대전광역시 대덕구 덕암동 109-14,30230312136145,,,,False
부일주택,1991,2.3,36.43319233071185,127.41930508991987,대전광역시 대덕구 덕암동 109-17,30230312136146,,,,False
삼양,1991,2.3,36.4330405875171,127.41927183703636,대전광역시 대덕구 덕암동 109-18,30230312136147,,,,False
그레이스K8차,2023,2.7 (검증필요),36.44403142061065,127.4239780871147,대전광역시 대덕구 덕암동 349,30230120449482,,,,False
무궁화,1996,2.3,36.43415375796985,127.42230188296766,대전광역시 대덕구 상서동 828-2,30230100011782,A10021585,0.0,"관리사무소, 어린이놀이터, 자전거보관소",False
반석,1998,2.3,36.4339193383378,127.42280701839935,대전광역시 대덕구 상서동 828-3,30230100257182,,,,False
삼영하이츠(828-5),1997,2.3,36.43400226483318,127.42333792383452,대전광역시 대덕구 상서동 828-5,30230312136151,,,,False
진산잉꼬빌라,1991,2.3,36.43355932082077,127.42299076860787,대전광역시 대덕구 상서동 828-10,30230312136152,,,,False
삼영하이츠(828-16),1997,2.3,36.43384627303318,127.42328744691991,대전광역시 대덕구 상서동 828-16,30230312136153,,,,False
영구주택(830-11),1991,2.3,36.43262554499745,127.42210990724791,대전광역시 대덕구 상서동 830-11,30230312136154,,,,False
영구주택,1991,2.3,36.43273240821769,127.42221726771209,대전광역시 대덕구 상서동 830-12,30230312136155,,,,False
용화빌라(831-29),1997,2.3,36.43225503326224,127.4207489667612,대전광역시 대덕구 상서동 831-29,30230312136156,,,,False
진주빌라,1995,2.3,36.432527280934096,127.42106314598996,대전광역시 대덕구 상서동 831-37,30230312136157,,,,False
용화빌라(831-39),1997,2.3,36.43213725353035,127.42064594648124,대전광역시 대덕구 상서동 831-39,30230312136158,,,,False
용화빌라,1997,2.3,36.43201915180808,127.42054461704714,대전광역시 대덕구 상서동 831-40,30230312136159,,,,False
삼영하이츠,1997,2.3,36.434615761705466,127.4235568156356,대전광역시 대덕구 상서동 832-4,30230312136160,,,,False
한라,1991,2.3,36.43406683055159,127.4237478686789,대전광역시 대덕구 상서동 833-2,30230100011783,A33672502,93.0,"관리사무소, 노인정, 어린이놀이터, 유치원, 자전거보관소",Needs Review
대전상서LH행복주택,2020,2.3,36.42357223425571,127.42418919830268,대전광역시 대덕구 상서동 843,30230120414963,,,,False
한국담배인삼공사,1998,2.3,36.43880308227669,127.43288024012634,대전광역시 대덕구 평촌동 182,30230212136164,,,,False
국제빌라,1993,2.3,36.436774720579145,127.4246534100126,대전광역시 대덕구 평촌동 534-1,30230312136165,,,,False
한라,1990,2.3,36.43639053186557,127.42493282774952,대전광역시 대덕구 평촌동 534-7,30230100257199,A33672502,93.0,"관리사무소, 노인정, 어린이놀이터, 유치원, 자전거보관소",Needs Review
청원주택(534-9),1994,2.3,36.436185542771696,127.4249597094979,대전광역시 대덕구 평촌동 534-9,30230212136167,,,,False
대성빌라다세대주택,1993,2.3,36.436746747099136,127.42479724020195,대전광역시 대덕구 평촌동 534-16,30230312136168,,,,False
국제빌라다세대주택(534-17),1993,2.3,36.43671625020162,127.42494771549416,대전광역시 대덕구 평촌동 534-17,30230312136169,,,,False
국제주택,1993,2.3,36.43665267471379,127.42507904841848,대전광역시 대덕구 평촌동 534-18,30230312136170,,,,False
국제빌라다세대주택(534-19),1993,2.3,36.43654280335059,127.42523286429102,대전광역시 대덕구 평촌동 534-19,30230312136171,,,,False
덕암상가,1985,2.3,36.43706788404043,127.4233879133343,대전광역시 대덕구 평촌동 535-1,30230212136172,,,,False
정림APT(1~3동),1980,2.3,36.43667921295251,127.4241921699424,대전광역시 대덕구 평촌동 535-4,30230212136173,A10021545,66.0,"관리사무소, 노인정, 어린이놀이터",Needs Review
아람빌라,1994,2.3,36.4367051288219,127.42381345711286,대전광역시 대덕구 평촌동 535-6,30230312136174,,,,False
하나빌라,2000,2.3,36.435898822274254,127.42318116920345,대전광역시 대덕구 평촌동 537-2,30230312136175,,,,False
세영빌라(537-3),1999,2.3,36.43572877128763,127.42314670423669,대전광역시 대덕구 평촌동 537-3,30230312136176,,,,False
세영빌라(537-4),2000,2.3,36.43555231549245,127.42307676475409,대전광역시 대덕구 평촌동 537-4,30230312136177,,,,False
한민푸른솔,1999,2.3,36.435247739955386,127.42314584693317,대전광역시 대덕구 평촌동 538-4,30230312136178,,,,False
행복한마을,2011,2.3,36.4380737023393,127.42415907550296,대전광역시 대덕구 평촌동 540-1,30230120137202,A30671201,770.0,"관리사무소, 노인정, 보육시설, 주민공동시설, 어린이놀이터, 자전거보관소",Needs Review
정림APT(5동),1980,2.3,36.43717398217248,127.42432466023044,대전광역시 대덕구 평촌동 540-2,30230212136181,A10021545,66.0,"관리사무소, 노인정, 어린이놀이터",Needs Review
대원주택,1989,2.3,36.43867468924158,127.42577135260773,대전광역시 대덕구 평촌동 541-1,30230100011784,,,,False
대산빌라,2004,2.3,36.4373326706213,127.42528206914852,대전광역시 대덕구 평촌동 542-24,30230312136183,,,,False
새여울라이프,1994,2.3,36.452824100253856,127.43619698972476,대전광역시 대덕구 신탄진동 22-1,30230100011789,,,,False
새여울한신,1996,2.3,36.450784912198166,127.43685801338086,대전광역시 대덕구 신탄진동 22-2,30230100011790,A30619002,0.0,"관리사무소, 노인정, 어린이놀이터, 자전거보관소, 기타",False
진성빌라(113-3),1991,2.3,36.45434629383732,127.42755376983934,대전광역시 대덕구 신탄진동 113-3,30230312136195,,,,False
연흥빌라(113-4),1994,2.3,36.4540718244624,127.42761367859865,대전광역시 대덕구 신탄진동 113-4,30230312136196,,,,False
진성주택(113-16),1991,2.3,36.45443183954847,127.42799416736676,대전광역시 대덕구 신탄진동 113-16,30230312136197,,,,False
동해빌라(113-17),1995,2.3,36.45459760731896,127.42781244489252,대전광역시 대덕구 신탄진동 113-17,30230312136198,,,,False
진성빌라(113-42),1991,2.3,36.45421324964917,127.4275847919208,대전광역시 대덕구 신탄진동 113-42,30230312136199,,,,False
진성주택(113-44),1991,2.3,36.454386308460286,127.42786289194156,대전광역시 대덕구 신탄진동 113-44,30230312136200,,,,False
연흥빌라(113-47),1994,2.3,36.45393182726893,127.4276500987427,대전광역시 대덕구 신탄진동 113-47,30230312136201,,,,False
동해빌라(113-49),1995,2.3,36.45463764416101,127.42794927504096,대전광역시 대덕구 신탄진동 113-49,30230312136202,,,,False
대덕빌라(114-3),1994,2.3,36.45281283658632,127.42782566074575,대전광역시 대덕구 신탄진동 114-3,30230312136203,,,,False
대신빌라(114-11),1992,2.3,36.45319344705874,127.42816103241682,대전광역시 대덕구 신탄진동 114-11,30230312136204,,,,False
대신빌라,1992,2.3,36.45298883248815,127.42817093901826,대전광역시 대덕구 신탄진동 114-35,30230312136205,,,,False
대호해맑음,2019,2.3,36.45217815174202,127.42952931906449,대전광역시 대덕구 신탄진동 117-30,30230120389378,,,,False
신진연립,1978,2.3,36.45094016995989,127.4323973515478,대전광역시 대덕구 신탄진동 122-17,30230212136206,,,,False
청수빌라(124-27),1991,2.3,36.45194184509688,127.43248671613054,대전광역시 대덕구 신탄진동 124-27,30230312136207,,,,False
청수빌라,1991,2.3,36.4518157995385,127.43257154166776,대전광역시 대덕구 신탄진동 124-29,30230312136208,,,,False
금보주택(127-4),1989,2.3,36.45176846195026,127.43421921358646,대전광역시 대덕구 신탄진동 127-4,30230312136209,,,,False
금보주택,1989,2.3,36.451450478800254,127.4344149718152,대전광역시 대덕구 신탄진동 127-34,30230312136210,,,,False
LG빌리지(128-6),2003,2.3,36.45153339790106,127.4333795437708,대전광역시 대덕구 신탄진동 128-6,30230312136211,,,,False
두방빌라,1993,2.3,36.45148071139474,127.43312252718572,대전광역시 대덕구 신탄진동 128-12,30230312136212,,,,False
LG빌리지,2003,2.3,36.45151565592855,127.43324611314895,대전광역시 대덕구 신탄진동 128-26,30230312136213,,,,False
아주빌라,1991,2.3,36.4508758296587,127.43274232739974,대전광역시 대덕구 신탄진동 129-1,30230312136214,,,,False
고려진흥,1990,2.3,36.45093178859899,127.43295088558324,대전광역시 대덕구 신탄진동 129-2,30230100011787,,,,False
트윈스1차,2004,2.3,36.45071780526369,127.43348190413144,대전광역시 대덕구 신탄진동 129-8,30230100257169,,,,False
트윈스Ⅱ,2004,2.3,36.450723663542846,127.4330824231529,대전광역시 대덕구 신탄진동 129-11,30230100257170,,,,False
(131-5),1989,2.3,36.450457941480224,127.43476543379757,대전광역시 대덕구 신탄진동 131-5,30230312136219,,,,False
선일빌라,1999,2.3,36.450603491495606,127.43472748812582,대전광역시 대덕구 신탄진동 131-6,30230312136220,,,,False
수정주택6동,1989,2.3,36.450419056941016,127.43319568146514,대전광역시 대덕구 신탄진동 132-2,30230312136221,,,,False
수정주택5동,1989,2.3,36.45043544829164,127.4333526832932,대전광역시 대덕구 신탄진동 132-3,30230312136222,,,,False
삼호주택,1987,2.3,36.4501018528061,127.43378007041468,대전광역시 대덕구 신탄진동 132-8,30230312136223,,,,False
수정주택1동,1989,2.3,36.4504424956294,127.43351825674094,대전광역시 대덕구 신탄진동 132-20,30230312136224,,,,False
수정주택2동,1989,2.3,36.45028159198179,127.4335560361192,대전광역시 대덕구 신탄진동 132-21,30230312136225,,,,False
수정주택3동,1989,2.3,36.450234507077326,127.43340009750264,대전광역시 대덕구 신탄진동 132-22,30230312136226,,,,False
수정주택7동,1989,2.3,36.45028366312048,127.433229492126,대전광역시 대덕구 신탄진동 132-23,30230312136227,,,,False
수정주택8동,1989,2.3,36.45016840882636,127.43324009374264,대전광역시 대덕구 신탄진동 132-24,30230312136228,,,,False
두방아트맨션,1995,2.3,36.44997222749217,127.43341639010782,대전광역시 대덕구 신탄진동 132-25,30230312136229,,,,False
지우빌라,1998,2.3,36.44954334048212,127.433097442868,대전광역시 대덕구 신탄진동 133-1,30230312136230,,,,False
대덕시티빌A동,2003,2.3,36.44978857456044,127.43398315728236,대전광역시 대덕구 신탄진동 133-3,30230312136231,,,,False
성보주택,1990,2.3,36.44966303499915,127.43381040883628,대전광역시 대덕구 신탄진동 133-19,30230312136232,,,,False
대운주택,1994,2.3,36.4497248680474,127.43359009944668,대전광역시 대덕구 신탄진동 133-22,30230312136233,,,,False
대운빌라,1994,2.3,36.44958678186843,127.43363530591446,대전광역시 대덕구 신탄진동 133-29,30230312136234,,,,False
대덕시티빌B동,2003,2.3,36.44966121125808,127.43401656987,대전광역시 대덕구 신탄진동 133-30,30230312136235,,,,False
청원주택(134-1),1991,2.3,36.44981122641569,127.4346441401409,대전광역시 대덕구 신탄진동 134-1,30230312136236,,,,False
청원주택,1991,2.3,36.44986442567745,127.4344657032372,대전광역시 대덕구 신탄진동 134-23,30230312136237,,,,False
흥일빌라B동,1990,2.3,36.448916186539776,127.43364978155404,대전광역시 대덕구 신탄진동 136-18,30230312136238,,,,False
흥일빌라A동,1990,2.3,36.44890861072703,127.43378969016268,대전광역시 대덕구 신탄진동 136-36,30230312136239,,,,False
흥일빌라C동,1990,2.3,36.44879696076927,127.4338175771622,대전광역시 대덕구 신탄진동 136-37,30230312136240,,,,False
트윈스빌7차,2014,2.3,36.44886088323086,127.43203453380733,대전광역시 대덕구 신탄진동 137-2,30230220297666,,,,False
(138-2),2007,2.3,36.44944834120599,127.4318880672939,대전광역시 대덕구 신탄진동 138-2,30230320086000,,,,False
트윈스6차아파트,2007,2.3,36.44924548179713,127.4322783801256,대전광역시 대덕구 신탄진동 138-6,30230120086001,,,,False
트윈스10차,2018,2.3,36.44911426047828,127.43206737057082,대전광역시 대덕구 신탄진동 138-9,30230120373776,,,,False
백조빌라,1992,2.3,36.44941384434516,127.43252179125544,대전광역시 대덕구 신탄진동 138-22,30230312136241,,,,False
(138-27),2007,2.3,36.44947507123924,127.4320898960587,대전광역시 대덕구 신탄진동 138-27,30230320086002,,,,False
담소루,2019,2.3,36.45018602245342,127.4324513139205,대전광역시 대덕구 신탄진동 139-3,30230120393527,,,,False
옥수맨션,1989,2.3,36.44984554979324,127.4321473326492,대전광역시 대덕구 신탄진동 139-6,30230100011791,,,,False
대청팰리스,2024,2.7 (검증필요),36.44937268624268,127.43064490461438,대전광역시 대덕구 신탄진동 141-12,30230120449666,,,,False
벨루체,2018,2.3,36.44959084965569,127.43075635797504,대전광역시 대덕구 신탄진동 141-23,30230320366263,,,,False
골든리버,2004,2.3,36.4496985790104,127.43037430009106,대전광역시 대덕구 신탄진동 141-28,30230100257168,A30681501,122.0,"관리사무소, 자전거보관소",Needs Review
중앙연립,1980,2.3,36.44911172756567,127.4312106795175,대전광역시 대덕구 신탄진동 142-9,30230212136244,,,,False
브리스빌,2017,2.3,36.447899266989445,127.4365878225914,대전광역시 대덕구 신탄진동 150-11,30230220359459,,,,False
신일대신연립,1984,2.3,36.4471784365989,127.4359842268196,대전광역시 대덕구 신탄진동 150-14,30230212136292,,,,False
트윈스12차,2023,2.7 (검증필요),36.44868214262331,127.431294337491,대전광역시 대덕구 신탄진동 153-11,30230120442192,,,,False
트윈스,2005,2.3,36.44726286561279,127.43157807487722,대전광역시 대덕구 신탄진동 155-47,30230120021403,,,,False
백년빌리지,1997,2.3,36.4476424767886,127.43394445056096,대전광역시 대덕구 신탄진동 160-5,30230312136245,,,,False
반석,1980,2.3,36.44869893844913,127.43488071171691,대전광역시 대덕구 신탄진동 161-1,30230312136246,,,,False
종합빌라,2004,2.3,36.448199801060056,127.43548694676544,대전광역시 대덕구 신탄진동 162-4,30230312136247,,,,False
수연맨션,2003,2.3,36.44788447441462,127.43538802349482,대전광역시 대덕구 신탄진동 162-12,30230100257171,,,,False
대청,1980,2.3,36.447482370700165,127.43522057001978,대전광역시 대덕구 신탄진동 163-1,30230212136249,A13594007,27.0,None,Needs Review
석봉주택,1984,2.3,36.446956966408685,127.43393538576925,대전광역시 대덕구 신탄진동 165-4,30230212136250,,,,False
남양주택(165-5),1989,2.3,36.44675603853932,127.4340725723698,대전광역시 대덕구 신탄진동 165-5,30230312136251,,,,False
남양주택,1990,2.3,36.44676074691687,127.43420228800966,대전광역시 대덕구 신탄진동 165-23,30230312136252,,,,False
정민아트빌라,1993,2.3,36.446044045741225,127.43401174023091,대전광역시 대덕구 신탄진동 166-1,30230312136253,,,,False
흥진,1992,2.3,36.446169960577095,127.43535402542892,대전광역시 대덕구 신탄진동 166-3,30230100011792,,,,False
삼호,1989,2.3,36.44612299491624,127.43452763934292,대전광역시 대덕구 신탄진동 166-9,30230100257172,A13782804,0.0,"관리사무소, 어린이놀이터, 기타",False
한성하이츠(166-10),1991,2.3,36.446111831694736,127.4347337758015,대전광역시 대덕구 신탄진동 166-10,30230312136256,,,,False
한성하이츠(166-12),1992,2.3,36.4461352002849,127.43488202981855,대전광역시 대덕구 신탄진동 166-12,30230312136257,,,,False
한성하이츠,1991,2.3,36.44615843116978,127.43502650667207,대전광역시 대덕구 신탄진동 166-14,30230312136258,,,,False
삼진맨션,1991,2.3,36.44566263854182,127.4341048874128,대전광역시 대덕구 신탄진동 166-28,30230312136259,,,,False
아성빌라,1994,2.3,36.445636143619154,127.43346245462376,대전광역시 대덕구 신탄진동 167-7,30230312136260,,,,False
거산빌라,1990,2.3,36.44588445403032,127.43374676953016,대전광역시 대덕구 신탄진동 167-27,30230312136261,,,,False
해주빌라,1995,2.3,36.44724109750353,127.43295725970536,대전광역시 대덕구 신탄진동 168-1,30230312136262,,,,False
신라,1990,2.3,36.446595894054,127.43349871238864,대전광역시 대덕구 신탄진동 168-3,30230100257173,A45683103,360.0,"관리사무소, 노인정, 보육시설, 문고, 주민공동시설, 어린이놀이터, 휴게시설",Needs Review
우경아트빌라,1993,2.3,36.44683854398666,127.43310995429252,대전광역시 대덕구 신탄진동 168-8,30230312136264,,,,False
그린하이츠,1995,2.3,36.44710443327586,127.4331154626912,대전광역시 대덕구 신탄진동 168-19,30230312136265,,,,False
우경아트나동,1993,2.3,36.44670403235533,127.4331456026564,대전광역시 대덕구 신탄진동 168-33,30230312136266,,,,False
홍성빌라(169-4),1991,2.3,36.446504551321695,127.4324161406562,대전광역시 대덕구 신탄진동 169-4,30230312136267,,,,False
홍성빌라(169-18),1991,2.3,36.446640847075,127.43284285304756,대전광역시 대덕구 신탄진동 169-18,30230312136268,,,,False
다듬빌라,2002,2.3,36.44623346827025,127.43295271623082,대전광역시 대덕구 신탄진동 169-23,30230312136269,,,,False
홍성빌라(169-35),1991,2.3,36.44652188714189,127.432529873072,대전광역시 대덕구 신탄진동 169-35,30230312136270,,,,False
홍성빌라,1991,2.3,36.446570203233385,127.43261728244867,대전광역시 대덕구 신탄진동 169-36,30230312136271,,,,False
삼성,1979,2.3,36.44658216734699,127.43177853007548,대전광역시 대덕구 신탄진동 170-6,30230312136272,A53035010,0.0,"노인정, 어린이놀이터",False
삼화연립,1981,2.3,36.44533618284581,127.42998568328314,대전광역시 대덕구 신탄진동 173-2,30230320040905,,,,False
수정빌라3동,1990,2.3,36.44530264642504,127.43055664701912,대전광역시 대덕구 신탄진동 173-5,30230312136273,,,,False
수정빌라2동,1990,2.3,36.44531276729603,127.43069605175174,대전광역시 대덕구 신탄진동 173-30,30230312136274,,,,False
수정빌라1동,1990,2.3,36.445336789217976,127.43083126324996,대전광역시 대덕구 신탄진동 173-31,30230312136275,,,,False
청원주택(173-34),1993,2.3,36.44508747026559,127.43060954070256,대전광역시 대덕구 신탄진동 173-34,30230312136276,,,,False
원창주택(174-8),1992,2.3,36.44591912112054,127.43014653362307,대전광역시 대덕구 신탄진동 174-8,30230312136277,,,,False
원창주택(174-19),1992,2.3,36.445881697947534,127.430341818494,대전광역시 대덕구 신탄진동 174-19,30230312136278,,,,False
원창주택,1992,2.3,36.445908217418825,127.43050555491163,대전광역시 대덕구 신탄진동 174-20,30230312136279,,,,False
원창주택301동(174-21),1992,2.3,36.44592189909552,127.43066280639934,대전광역시 대덕구 신탄진동 174-21,30230312136280,,,,False
원창주택(174-24),1992,2.3,36.445633742316645,127.4301817346394,대전광역시 대덕구 신탄진동 174-24,30230312136281,,,,False
거성(175-13),1992,2.3,36.44684597894536,127.43030302408911,대전광역시 대덕구 신탄진동 175-13,30230100011786,,,,False
거성(175-29),1992,2.3,36.446609075658685,127.430345462114,대전광역시 대덕구 신탄진동 175-29,30230120000201,,,,False
홍림(175-30),1992,2.3,36.446405057858215,127.43038381767865,대전광역시 대덕구 신탄진동 175-30,30230200442629,,,,False
성하타운(105동),1998,2.3,36.44109494651808,127.43086996029636,대전광역시 대덕구 신탄진동 248-5,30230212136285,,,,False
성하타운(104동),1998,2.3,36.4411493406431,127.43108435157323,대전광역시 대덕구 신탄진동 248-8,30230312136286,,,,False
성하타운(101동),1998,2.3,36.44112846724437,127.43135394377398,대전광역시 대덕구 신탄진동 248-10,30230312136287,,,,False
"성하타운(102,103동)",1998,2.3,36.44093642105299,127.4311298210442,대전광역시 대덕구 신탄진동 248-11,30230312136288,,,,False
신원주택(B동),1991,2.3,36.44181198328303,127.4310552868887,대전광역시 대덕구 신탄진동 264-46,30230312136289,,,,False
신원주택(A동),1991,2.3,36.44174186752305,127.43120758188698,대전광역시 대덕구 신탄진동 264-69,30230312136290,,,,False
(295-293),2006,2.3,36.44348495960239,127.42984226726348,대전광역시 대덕구 신탄진동 295-293,30230320057252,,,,False
태평A.P.T,1980,2.3,36.45346638004527,127.42945819838042,대전광역시 대덕구 신탄진동 451,30230212136291,,,,False
대전동일스위트리버스카이1단지,2021,2.7 (검증필요),36.453540071572895,127.4316141400671,대전광역시 대덕구 신탄진동 771,30230120430508,,,,False
대전동일스위트리버스카이2단지,2024,2.7 (검증필요),36.4540868688224,127.43344127543446,대전광역시 대덕구 신탄진동 882,30230120449837,A10022732,872.0,"관리사무소, 노인정, 보육시설, 문고, 주민공동시설, 어린이놀이터, 휴게시설, 커뮤니티공간, 자전거보관소",True
신탄진다가온청년주택,2024,2.7 (검증필요),36.45165054701455,127.42915813733474,대전광역시 대덕구 신탄진동 884,30230120453004,A10021570,138.0,"관리사무소, 노인정, 보육시설, 주민공동시설, 어린이놀이터, 휴게시설, 커뮤니티공간, 자전거보관소",True
